county_id,date,unemployment_rate,sahm_value
31155,1990-01-01,3.6,NaN
31155,1990-02-01,3.1,NaN
31155,1990-03-01,2.5,NaN
31155,1990-04-01,2.3,NaN
31155,1990-05-01,1.9,NaN
31155,1990-06-01,2.2,NaN
31155,1990-07-01,2,NaN
31155,1990-08-01,1.8,NaN
31155,1990-09-01,1.8,NaN
31155,1990-10-01,1.8,NaN
31155,1990-11-01,1.7,NaN
31155,1990-12-01,1.9,NaN
31155,1991-01-01,3.5,NaN
31155,1991-02-01,3.4,NaN
31155,1991-03-01,3,1.53
31155,1991-04-01,2.3,1.13
31155,1991-05-01,2.9,0.97
31155,1991-06-01,2.8,0.90
31155,1991-07-01,3,1.13
31155,1991-08-01,2.4,0.97
31155,1991-09-01,2.5,0.87
31155,1991-10-01,2.1,0.57
31155,1991-11-01,2.3,0.53
31155,1991-12-01,2.5,0.50
31155,1992-01-01,3.9,0.60
31155,1992-02-01,3.6,1.03
31155,1992-03-01,3,1.20
31155,1992-04-01,2.9,0.87
31155,1992-05-01,2.4,0.47
31155,1992-06-01,2.9,0.43
31155,1992-07-01,2.6,0.33
31155,1992-08-01,2.5,0.37
31155,1992-09-01,2.5,0.23
31155,1992-10-01,2.4,0.17
31155,1992-11-01,2.2,0.07
31155,1992-12-01,2.4,0.03
31155,1993-01-01,3.6,0.40
31155,1993-02-01,3.2,0.73
31155,1993-03-01,3.5,1.10
31155,1993-04-01,2.6,0.77
31155,1993-05-01,2.5,0.53
31155,1993-06-01,2.8,0.30
31155,1993-07-01,2.3,0.20
31155,1993-08-01,2.1,0.07
31155,1993-09-01,2.2,0.00
31155,1993-10-01,2,0.00
31155,1993-11-01,1.9,0.00
31155,1993-12-01,2.1,0.00
31155,1994-01-01,4.1,0.70
31155,1994-02-01,3.8,1.33
31155,1994-03-01,3.3,1.73
31155,1994-04-01,2.5,1.20
31155,1994-05-01,2.2,0.67
31155,1994-06-01,2.5,0.40
31155,1994-07-01,2.3,0.33
31155,1994-08-01,2,0.27
31155,1994-09-01,2,0.10
31155,1994-10-01,2.1,0.03
31155,1994-11-01,2.2,0.10
31155,1994-12-01,2.5,0.27
31155,1995-01-01,3.3,0.63
31155,1995-02-01,3.3,1.00
31155,1995-03-01,3,1.17
31155,1995-04-01,3,1.07
31155,1995-05-01,2.7,0.87
31155,1995-06-01,3.1,0.90
31155,1995-07-01,2.8,0.83
31155,1995-08-01,2.4,0.73
31155,1995-09-01,2.6,0.57
31155,1995-10-01,2.6,0.50
31155,1995-11-01,2.7,0.53
31155,1995-12-01,3.1,0.53
31155,1996-01-01,3.8,0.67
31155,1996-02-01,3.5,0.93
31155,1996-03-01,3.5,1.07
31155,1996-04-01,3,0.80
31155,1996-05-01,2.9,0.60
31155,1996-06-01,3.1,0.47
31155,1996-07-01,2.8,0.40
31155,1996-08-01,2.3,0.20
31155,1996-09-01,2.6,0.03
31155,1996-10-01,2.7,0.00
31155,1996-11-01,2.3,0.00
31155,1996-12-01,2.4,0.00
31155,1997-01-01,3.9,0.40
31155,1997-02-01,3.5,0.80
31155,1997-03-01,3,1.00
31155,1997-04-01,2.2,0.43
31155,1997-05-01,2.4,0.07
31155,1997-06-01,3,0.07
31155,1997-07-01,2.5,0.17
31155,1997-08-01,2.1,0.07
31155,1997-09-01,2.3,0.00
31155,1997-10-01,1.9,0.00
31155,1997-11-01,1.8,0.00
31155,1997-12-01,2.1,0.00
31155,1998-01-01,2.9,0.33
31155,1998-02-01,2.8,0.67
31155,1998-03-01,3.3,1.07
31155,1998-04-01,2.1,0.80
31155,1998-05-01,2.2,0.60
31155,1998-06-01,2.5,0.33
31155,1998-07-01,2.4,0.43
31155,1998-08-01,2.2,0.43
31155,1998-09-01,2.3,0.37
31155,1998-10-01,2.4,0.37
31155,1998-11-01,2.3,0.40
31155,1998-12-01,2.2,0.37
31155,1999-01-01,3.4,0.37
31155,1999-02-01,3.4,0.73
31155,1999-03-01,3.3,1.10
31155,1999-04-01,2.7,0.87
31155,1999-05-01,2.6,0.60
31155,1999-06-01,3,0.50
31155,1999-07-01,2.7,0.47
31155,1999-08-01,2.4,0.40
31155,1999-09-01,2.3,0.17
31155,1999-10-01,2.4,0.07
31155,1999-11-01,2.3,0.03
31155,1999-12-01,2.6,0.13
31155,2000-01-01,3.3,0.40
31155,2000-02-01,3.1,0.67
31155,2000-03-01,3.4,0.93
31155,2000-04-01,2.9,0.80
31155,2000-05-01,2.9,0.73
31155,2000-06-01,2.9,0.57
31155,2000-07-01,2.7,0.50
31155,2000-08-01,2.6,0.40
31155,2000-09-01,2.6,0.30
31155,2000-10-01,2.7,0.30
31155,2000-11-01,2.4,0.23
31155,2000-12-01,2.5,0.10
31155,2001-01-01,3.4,0.23
31155,2001-02-01,3.4,0.57
31155,2001-03-01,3.3,0.83
31155,2001-04-01,2.8,0.63
31155,2001-05-01,2.9,0.47
31155,2001-06-01,3.4,0.50
31155,2001-07-01,3.1,0.60
31155,2001-08-01,2.9,0.60
31155,2001-09-01,3.1,0.50
31155,2001-10-01,3.1,0.50
31155,2001-11-01,3.6,0.73
31155,2001-12-01,3.4,0.83
31155,2002-01-01,4.2,0.97
31155,2002-02-01,4.2,0.93
31155,2002-03-01,4.1,1.17
31155,2002-04-01,3.8,1.03
31155,2002-05-01,3.5,0.80
31155,2002-06-01,4,0.73
31155,2002-07-01,3.6,0.67
31155,2002-08-01,3.1,0.53
31155,2002-09-01,3.2,0.27
31155,2002-10-01,3,0.07
31155,2002-11-01,3.3,0.07
31155,2002-12-01,3.3,0.10
31155,2003-01-01,4.5,0.60
31155,2003-02-01,4.7,1.07
31155,2003-03-01,4.4,1.43
31155,2003-04-01,3.9,1.23
31155,2003-05-01,3.7,0.90
31155,2003-06-01,4.1,0.80
31155,2003-07-01,3.9,0.80
31155,2003-08-01,3.5,0.73
31155,2003-09-01,3.5,0.53
31155,2003-10-01,3.3,0.33
31155,2003-11-01,3.1,0.13
31155,2003-12-01,3.2,0.00
31155,2004-01-01,4.1,0.27
31155,2004-02-01,4.4,0.70
31155,2004-03-01,4.1,1.00
31155,2004-04-01,3.4,0.77
31155,2004-05-01,3.3,0.40
31155,2004-06-01,3.9,0.33
31155,2004-07-01,3.7,0.43
31155,2004-08-01,3.4,0.47
31155,2004-09-01,3.6,0.37
31155,2004-10-01,3.2,0.20
31155,2004-11-01,3.2,0.13
31155,2004-12-01,3.6,0.13
31155,2005-01-01,5,0.60
31155,2005-02-01,4.9,1.17
31155,2005-03-01,4.5,1.47
31155,2005-04-01,3.7,1.03
31155,2005-05-01,3.7,0.63
31155,2005-06-01,4.2,0.53
31155,2005-07-01,3.9,0.60
31155,2005-08-01,3.5,0.53
31155,2005-09-01,3.5,0.30
31155,2005-10-01,3.1,0.03
31155,2005-11-01,3.3,0.00
31155,2005-12-01,3.6,0.03
31155,2006-01-01,4.1,0.37
31155,2006-02-01,4.2,0.67
31155,2006-03-01,3.5,0.63
31155,2006-04-01,3.1,0.30
31155,2006-05-01,2.6,0.00
31155,2006-06-01,3.1,0.00
31155,2006-07-01,3.1,0.00
31155,2006-08-01,2.8,0.07
31155,2006-09-01,2.6,0.00
31155,2006-10-01,2.3,0.00
31155,2006-11-01,2.4,0.00
31155,2006-12-01,2.5,0.00
31155,2007-01-01,3.5,0.40
31155,2007-02-01,4,0.93
31155,2007-03-01,3.2,1.17
31155,2007-04-01,2.7,0.90
31155,2007-05-01,2.9,0.53
31155,2007-06-01,3.4,0.60
31155,2007-07-01,3.2,0.77
31155,2007-08-01,2.7,0.70
31155,2007-09-01,2.7,0.47
31155,2007-10-01,2.7,0.30
31155,2007-11-01,2.7,0.30
31155,2007-12-01,3,0.40
31155,2008-01-01,4,0.53
31155,2008-02-01,4.2,1.03
31155,2008-03-01,4.2,1.43
31155,2008-04-01,3.4,1.23
31155,2008-05-01,3.1,0.87
31155,2008-06-01,3.3,0.57
31155,2008-07-01,3.2,0.50
31155,2008-08-01,3,0.47
31155,2008-09-01,3.1,0.40
31155,2008-10-01,3,0.33
31155,2008-11-01,3.2,0.40
31155,2008-12-01,4,0.60
31155,2009-01-01,5.4,1.17
31155,2009-02-01,5.5,1.93
31155,2009-03-01,5.4,2.40
31155,2009-04-01,5,2.27
31155,2009-05-01,5,2.10
31155,2009-06-01,5.2,2.03
31155,2009-07-01,5,2.03
31155,2009-08-01,4.7,1.93
31155,2009-09-01,4.7,1.77
31155,2009-10-01,4.6,1.63
31155,2009-11-01,4.5,1.50
31155,2009-12-01,5.3,1.40
31155,2010-01-01,5.9,1.03
31155,2010-02-01,5.8,1.07
31155,2010-03-01,5.7,1.20
31155,2010-04-01,4.7,0.80
31155,2010-05-01,4.5,0.37
31155,2010-06-01,4.8,0.07
31155,2010-07-01,4.6,0.03
31155,2010-08-01,4.4,0.00
31155,2010-09-01,4.5,0.00
31155,2010-10-01,4.4,0.00
31155,2010-11-01,4.2,0.00
31155,2010-12-01,4.5,0.00
31155,2011-01-01,5.8,0.47
31155,2011-02-01,5.5,0.90
31155,2011-03-01,5,1.07
31155,2011-04-01,4.5,0.63
31155,2011-05-01,4.4,0.27
31155,2011-06-01,4.8,0.20
31155,2011-07-01,4.3,0.13
31155,2011-08-01,4.2,0.07
31155,2011-09-01,4,0.00
31155,2011-10-01,4.1,0.00
31155,2011-11-01,3.9,0.00
31155,2011-12-01,4.3,0.10
31155,2012-01-01,5,0.40
31155,2012-02-01,5.2,0.83
31155,2012-03-01,4.7,0.97
31155,2012-04-01,4,0.63
31155,2012-05-01,4,0.23
31155,2012-06-01,4.2,0.07
31155,2012-07-01,4.1,0.10
31155,2012-08-01,3.9,0.07
31155,2012-09-01,3.6,0.00
31155,2012-10-01,3.6,0.00
31155,2012-11-01,3.4,0.00
31155,2012-12-01,3.9,0.10
31155,2013-01-01,5,0.57
31155,2013-02-01,4.8,1.03
31155,2013-03-01,4.4,1.20
31155,2013-04-01,3.9,0.83
31155,2013-05-01,3.8,0.50
31155,2013-06-01,4.3,0.47
31155,2013-07-01,4.1,0.53
31155,2013-08-01,3.7,0.50
31155,2013-09-01,3.6,0.27
31155,2013-10-01,3.5,0.07
31155,2013-11-01,3.3,0.00
31155,2013-12-01,3.4,0.00
31155,2014-01-01,4.5,0.33
31155,2014-02-01,4.5,0.73
31155,2014-03-01,4.1,0.97
31155,2014-04-01,3.3,0.57
31155,2014-05-01,3.4,0.20
31155,2014-06-01,3.6,0.03
31155,2014-07-01,3.4,0.07
31155,2014-08-01,3.1,0.00
31155,2014-09-01,3,0.00
31155,2014-10-01,2.7,0.00
31155,2014-11-01,2.7,0.00
31155,2014-12-01,2.9,0.00
31155,2015-01-01,3.5,0.27
31155,2015-02-01,3.5,0.53
31155,2015-03-01,3.4,0.70
31155,2015-04-01,3,0.53
31155,2015-05-01,3.1,0.40
31155,2015-06-01,3.2,0.33
31155,2015-07-01,3.1,0.37
31155,2015-08-01,2.8,0.27
31155,2015-09-01,2.8,0.13
31155,2015-10-01,2.8,0.03
31155,2015-11-01,2.6,0.00
31155,2015-12-01,2.8,0.00
31155,2016-01-01,3.2,0.13
31155,2016-02-01,3.4,0.40
31155,2016-03-01,3.2,0.53
31155,2016-04-01,2.8,0.40
31155,2016-05-01,2.8,0.20
31155,2016-06-01,3.3,0.23
31155,2016-07-01,3.2,0.37
31155,2016-08-01,3,0.43
31155,2016-09-01,2.8,0.27
31155,2016-10-01,2.9,0.17
31155,2016-11-01,2.6,0.03
31155,2016-12-01,2.7,0.00
31155,2017-01-01,3.3,0.13
31155,2017-02-01,3.3,0.37
31155,2017-03-01,2.8,0.40
31155,2017-04-01,2.5,0.13
31155,2017-05-01,2.7,0.00
31155,2017-06-01,2.8,0.00
31155,2017-07-01,2.8,0.10
31155,2017-08-01,2.7,0.10
31155,2017-09-01,2.4,0.00
31155,2017-10-01,2.3,0.00
31155,2017-11-01,2.4,0.00
31155,2017-12-01,2.5,0.03
31155,2018-01-01,3,0.27
31155,2018-02-01,3.1,0.50
31155,2018-03-01,3,0.67
31155,2018-04-01,2.7,0.57
31155,2018-05-01,2.6,0.40
31155,2018-06-01,3.1,0.43
31155,2018-07-01,2.9,0.50
31155,2018-08-01,2.8,0.57
31155,2018-09-01,2.5,0.37
31155,2018-10-01,2.5,0.23
31155,2018-11-01,2.2,0.03
31155,2018-12-01,2.4,0.00
31155,2019-01-01,3.1,0.20
31155,2019-02-01,2.8,0.40
31155,2019-03-01,3,0.60
31155,2019-04-01,2.7,0.47
31155,2019-05-01,2.7,0.43
31155,2019-06-01,3,0.43
31155,2019-07-01,2.8,0.47
31155,2019-08-01,2.6,0.43
31155,2019-09-01,2.4,0.23
31155,2019-10-01,2.6,0.17
31155,2019-11-01,2.6,0.17
31155,2019-12-01,2.4,0.17
31155,2020-01-01,2.9,0.10
31155,2020-02-01,2.8,0.17
31155,2020-03-01,4.7,0.93
31155,2020-04-01,6.8,2.23
31155,2020-05-01,4.9,2.93
31155,2020-06-01,4.4,2.83
31155,2020-07-01,3.7,1.80
31155,2020-08-01,2.7,1.07
31155,2020-09-01,2.6,0.47
31155,2020-10-01,2.1,0.00
31155,2020-11-01,2.1,0.00
31155,2020-12-01,2.3,0.00
31155,2021-01-01,2.9,0.27
31155,2021-02-01,3,0.57
31155,2021-03-01,2.8,0.73
31155,2021-04-01,2.2,0.50
31155,2021-05-01,2.2,0.23
31155,2021-06-01,2.5,0.13
31155,2021-07-01,2,0.07
31155,2021-08-01,2.1,0.03
31155,2021-09-01,1.9,0.00
31155,2021-10-01,1.9,0.00
31155,2021-11-01,1.6,0.00
31155,2021-12-01,1.5,0.00
31155,2022-01-01,2.1,0.07
31155,2022-02-01,1.9,0.17
31155,2022-03-01,1.8,0.27
31155,2022-04-01,1.5,0.07
31155,2022-05-01,1.6,0.00
31155,2022-06-01,2.1,0.10
31155,2022-07-01,1.9,0.23
31155,2022-08-01,1.9,0.33
31155,2022-09-01,1.7,0.20
31155,2022-10-01,1.9,0.20
31155,2022-11-01,1.8,0.17
31155,2022-12-01,1.8,0.20
31155,2023-01-01,1.9,0.20
31155,2023-02-01,2.1,0.30
31155,2023-03-01,1.8,0.30
31155,2023-04-01,1.4,0.13
31155,2023-05-01,1.8,0.03
31155,2023-06-01,2.2,0.13
31155,2023-07-01,1.9,0.30
31155,2023-08-01,1.7,0.27
31155,2023-09-01,1.9,0.17
31155,2023-10-01,2,0.20
31155,2023-11-01,1.8,0.23
31155,2023-12-01,1.9,0.23
31155,2024-01-01,2.4,0.37
31155,2024-02-01,2.5,0.60
31155,2024-03-01,2.2,0.70
31155,2024-04-01,1.8,0.50
31155,2024-05-01,2.1,0.37
31155,2024-06-01,2.6,0.37
31155,2024-07-01,2.2,0.47
31155,2024-08-01,2.2,0.50
31155,2024-09-01,2.1,0.33
31155,2024-10-01,2.3,0.33
31155,2024-11-01,2.3,0.33
31155,2024-12-01,2.2,0.37
31155,2025-01-01,2.7,0.37
31155,2025-02-01,2.9,0.57
31155,2025-03-01,2.3,0.60
31155,2025-04-01,2.2,0.43
31155,2025-05-01,2.3,0.23
31155,2025-06-01,2.6,0.20
31155,2025-07-01,2.3,0.23
31155,2025-08-01,2.4,0.27
31155,2025-09-01,2.5,0.23
31155,2025-10-01,2.6,0.30
31155,2025-11-01,2.7,0.37
31155,2025-12-01,2.6,0.37
31155,2026-01-01,2.7,0.40
31155,2026-02-01,2.7,0.40
31155,2026-03-01,2.2,0.27
31155,2026-04-01,1.9,0.00
31155,2026-05-01,2.2,0.00
31155,2026-06-01,2.6,0.13
31155,2026-07-01,2.3,0.27
31155,2026-08-01,2.2,0.27
31157,1990-01-01,4.1,NaN
31157,1990-02-01,4.7,NaN
31157,1990-03-01,4.9,NaN
31157,1990-04-01,4.4,NaN
31157,1990-05-01,3.6,NaN
31157,1990-06-01,3.9,NaN
31157,1990-07-01,4.8,NaN
31157,1990-08-01,4,NaN
31157,1990-09-01,3.6,NaN
31157,1990-10-01,2.9,NaN
31157,1990-11-01,3,NaN
31157,1990-12-01,2.8,NaN
31157,1991-01-01,4,NaN
31157,1991-02-01,4.8,NaN
31157,1991-03-01,5.2,1.77
31157,1991-04-01,4.4,1.90
31157,1991-05-01,4.4,1.77
31157,1991-06-01,4.3,1.47
31157,1991-07-01,4.3,1.43
31157,1991-08-01,3.7,1.20
31157,1991-09-01,3.7,1.00
31157,1991-10-01,3.2,0.63
31157,1991-11-01,3.5,0.57
31157,1991-12-01,3.6,0.53
31157,1992-01-01,4.5,0.60
31157,1992-02-01,4.5,0.77
31157,1992-03-01,4.8,1.17
31157,1992-04-01,4.2,1.07
31157,1992-05-01,4.1,0.93
31157,1992-06-01,4.9,0.97
31157,1992-07-01,4.7,1.13
31157,1992-08-01,4.7,1.33
31157,1992-09-01,4.2,1.10
31157,1992-10-01,3.7,0.77
31157,1992-11-01,3.6,0.40
31157,1992-12-01,3.8,0.27
31157,1993-01-01,4.9,0.40
31157,1993-02-01,5.8,1.13
31157,1993-03-01,5.4,1.67
31157,1993-04-01,4.2,1.43
31157,1993-05-01,4.1,0.87
31157,1993-06-01,4.8,0.67
31157,1993-07-01,4.4,0.73
31157,1993-08-01,3.9,0.67
31157,1993-09-01,3.8,0.33
31157,1993-10-01,3.9,0.17
31157,1993-11-01,3.3,0.00
31157,1993-12-01,4,0.07
31157,1994-01-01,5.1,0.47
31157,1994-02-01,4.7,0.93
31157,1994-03-01,5.8,1.53
31157,1994-04-01,5.3,1.60
31157,1994-05-01,4.7,1.60
31157,1994-06-01,4.9,1.30
31157,1994-07-01,4.8,1.13
31157,1994-08-01,4,0.90
31157,1994-09-01,4,0.60
31157,1994-10-01,3.3,0.10
31157,1994-11-01,3.9,0.07
31157,1994-12-01,3.8,0.00
31157,1995-01-01,4.5,0.40
31157,1995-02-01,4.8,0.70
31157,1995-03-01,5,1.10
31157,1995-04-01,5.1,1.30
31157,1995-05-01,5,1.37
31157,1995-06-01,5.2,1.43
31157,1995-07-01,4.8,1.33
31157,1995-08-01,4,1.00
31157,1995-09-01,4.1,0.63
31157,1995-10-01,4.1,0.40
31157,1995-11-01,4.5,0.57
31157,1995-12-01,4.7,0.77
31157,1996-01-01,5.8,0.93
31157,1996-02-01,5.7,1.33
31157,1996-03-01,5.5,1.60
31157,1996-04-01,5.2,1.40
31157,1996-05-01,4.9,1.13
31157,1996-06-01,5,0.97
31157,1996-07-01,4.7,0.80
31157,1996-08-01,4.1,0.53
31157,1996-09-01,3.8,0.13
31157,1996-10-01,3.5,0.00
31157,1996-11-01,4.1,0.00
31157,1996-12-01,4,0.07
31157,1997-01-01,5,0.57
31157,1997-02-01,5.1,0.90
31157,1997-03-01,4.5,1.07
31157,1997-04-01,3.8,0.67
31157,1997-05-01,4.1,0.33
31157,1997-06-01,4.7,0.40
31157,1997-07-01,3.9,0.43
31157,1997-08-01,3.4,0.20
31157,1997-09-01,3.6,0.00
31157,1997-10-01,3.4,0.00
31157,1997-11-01,3,0.00
31157,1997-12-01,3.7,0.03
31157,1998-01-01,5.1,0.60
31157,1998-02-01,4.9,1.23
31157,1998-03-01,5.1,1.70
31157,1998-04-01,4.1,1.37
31157,1998-05-01,4.1,1.10
31157,1998-06-01,4.5,0.90
31157,1998-07-01,4.4,1.00
31157,1998-08-01,3.9,0.93
31157,1998-09-01,3.7,0.67
31157,1998-10-01,3.9,0.50
31157,1998-11-01,3.7,0.43
31157,1998-12-01,4.1,0.53
31157,1999-01-01,4.2,0.23
31157,1999-02-01,4.6,0.53
31157,1999-03-01,4.4,0.63
31157,1999-04-01,4.7,0.80
31157,1999-05-01,4.5,0.77
31157,1999-06-01,5.2,1.03
31157,1999-07-01,4.6,1.00
31157,1999-08-01,3.8,0.77
31157,1999-09-01,3.4,0.17
31157,1999-10-01,3.1,0.00
31157,1999-11-01,3.4,0.00
31157,1999-12-01,3.8,0.13
31157,2000-01-01,4.5,0.60
31157,2000-02-01,4.5,0.97
31157,2000-03-01,4.7,1.27
31157,2000-04-01,4.2,1.17
31157,2000-05-01,4.1,1.03
31157,2000-06-01,4.1,0.83
31157,2000-07-01,4,0.77
31157,2000-08-01,3.7,0.63
31157,2000-09-01,3.6,0.47
31157,2000-10-01,3.5,0.30
31157,2000-11-01,3.7,0.30
31157,2000-12-01,3.7,0.20
31157,2001-01-01,5,0.53
31157,2001-02-01,4.5,0.80
31157,2001-03-01,5.1,1.27
31157,2001-04-01,4.2,1.00
31157,2001-05-01,3.9,0.80
31157,2001-06-01,4.2,0.50
31157,2001-07-01,4,0.43
31157,2001-08-01,3.7,0.37
31157,2001-09-01,3.4,0.10
31157,2001-10-01,3.2,0.00
31157,2001-11-01,3.6,0.00
31157,2001-12-01,3.9,0.17
31157,2002-01-01,4.9,0.73
31157,2002-02-01,5,1.20
31157,2002-03-01,5.3,1.67
31157,2002-04-01,5.1,1.73
31157,2002-05-01,4.6,1.60
31157,2002-06-01,4.9,1.47
31157,2002-07-01,4.4,1.23
31157,2002-08-01,4,1.03
31157,2002-09-01,3.7,0.63
31157,2002-10-01,3.4,0.30
31157,2002-11-01,3.8,0.23
31157,2002-12-01,4.1,0.20
31157,2003-01-01,5.4,0.80
31157,2003-02-01,5.3,1.30
31157,2003-03-01,5.4,1.73
31157,2003-04-01,5.1,1.63
31157,2003-05-01,4.9,1.50
31157,2003-06-01,5.5,1.53
31157,2003-07-01,5.1,1.53
31157,2003-08-01,4.8,1.50
31157,2003-09-01,4.8,1.27
31157,2003-10-01,4.3,1.00
31157,2003-11-01,4.3,0.83
31157,2003-12-01,4.4,0.57
31157,2004-01-01,5.4,0.37
31157,2004-02-01,5.2,0.67
31157,2004-03-01,5,0.87
31157,2004-04-01,4.2,0.47
31157,2004-05-01,4.1,0.10
31157,2004-06-01,4.4,0.00
31157,2004-07-01,4.2,0.00
31157,2004-08-01,3.9,0.00
31157,2004-09-01,4,0.00
31157,2004-10-01,3.7,0.00
31157,2004-11-01,3.8,0.00
31157,2004-12-01,4.2,0.07
31157,2005-01-01,4.9,0.47
31157,2005-02-01,4.5,0.70
31157,2005-03-01,4.5,0.80
31157,2005-04-01,4.1,0.53
31157,2005-05-01,4,0.37
31157,2005-06-01,4.2,0.27
31157,2005-07-01,4.2,0.30
31157,2005-08-01,3.9,0.27
31157,2005-09-01,4.1,0.23
31157,2005-10-01,3.7,0.07
31157,2005-11-01,3.9,0.07
31157,2005-12-01,3.9,0.00
31157,2006-01-01,4.2,0.17
31157,2006-02-01,4.1,0.23
31157,2006-03-01,3.8,0.20
31157,2006-04-01,3.6,0.00
31157,2006-05-01,3.1,0.00
31157,2006-06-01,3.4,0.00
31157,2006-07-01,3.4,0.00
31157,2006-08-01,3.1,0.00
31157,2006-09-01,2.9,0.00
31157,2006-10-01,2.7,0.00
31157,2006-11-01,2.6,0.00
31157,2006-12-01,2.6,0.00
31157,2007-01-01,3.3,0.20
31157,2007-02-01,3,0.33
31157,2007-03-01,2.8,0.40
31157,2007-04-01,2.7,0.20
31157,2007-05-01,2.6,0.07
31157,2007-06-01,3.1,0.17
31157,2007-07-01,3.1,0.30
31157,2007-08-01,2.8,0.37
31157,2007-09-01,2.9,0.30
31157,2007-10-01,2.8,0.20
31157,2007-11-01,3,0.27
31157,2007-12-01,3,0.30
31157,2008-01-01,3.8,0.57
31157,2008-02-01,3.6,0.77
31157,2008-03-01,3.6,0.97
31157,2008-04-01,3.2,0.77
31157,2008-05-01,3.5,0.73
31157,2008-06-01,3.8,0.70
31157,2008-07-01,3.7,0.83
31157,2008-08-01,3.6,0.87
31157,2008-09-01,3.6,0.80
31157,2008-10-01,3.5,0.73
31157,2008-11-01,3.6,0.67
31157,2008-12-01,3.9,0.73
31157,2009-01-01,5.3,1.00
31157,2009-02-01,5.4,1.43
31157,2009-03-01,5.2,1.87
31157,2009-04-01,5,1.77
31157,2009-05-01,5,1.63
31157,2009-06-01,5.3,1.60
31157,2009-07-01,5.3,1.63
31157,2009-08-01,4.8,1.57
31157,2009-09-01,4.9,1.43
31157,2009-10-01,4.8,1.27
31157,2009-11-01,4.9,1.30
31157,2009-12-01,5.6,1.43
31157,2010-01-01,6.6,1.43
31157,2010-02-01,6.4,1.37
31157,2010-03-01,6.4,1.63
31157,2010-04-01,5.9,1.40
31157,2010-05-01,5.4,1.07
31157,2010-06-01,5.8,0.87
31157,2010-07-01,5.5,0.73
31157,2010-08-01,5.1,0.63
31157,2010-09-01,4.8,0.30
31157,2010-10-01,4.6,0.00
31157,2010-11-01,4.7,0.00
31157,2010-12-01,5,0.07
31157,2011-01-01,5.9,0.50
31157,2011-02-01,5.9,0.90
31157,2011-03-01,5.5,1.07
31157,2011-04-01,5,0.77
31157,2011-05-01,5,0.47
31157,2011-06-01,5.3,0.40
31157,2011-07-01,5.1,0.43
31157,2011-08-01,4.8,0.37
31157,2011-09-01,4.5,0.10
31157,2011-10-01,4.2,0.00
31157,2011-11-01,4.2,0.00
31157,2011-12-01,4.4,0.00
31157,2012-01-01,4.9,0.23
31157,2012-02-01,5.3,0.60
31157,2012-03-01,5.2,0.87
31157,2012-04-01,4.6,0.77
31157,2012-05-01,4.6,0.53
31157,2012-06-01,4.7,0.37
31157,2012-07-01,4.8,0.43
31157,2012-08-01,4.3,0.33
31157,2012-09-01,3.9,0.07
31157,2012-10-01,4.1,0.00
31157,2012-11-01,4,0.00
31157,2012-12-01,4.3,0.13
31157,2013-01-01,4.9,0.40
31157,2013-02-01,4.7,0.63
31157,2013-03-01,4.3,0.63
31157,2013-04-01,4.1,0.37
31157,2013-05-01,4.2,0.20
31157,2013-06-01,4.6,0.30
31157,2013-07-01,4.5,0.43
31157,2013-08-01,4.1,0.40
31157,2013-09-01,3.9,0.17
31157,2013-10-01,3.6,0.00
31157,2013-11-01,3.3,0.00
31157,2013-12-01,3.6,0.00
31157,2014-01-01,3.9,0.10
31157,2014-02-01,4.1,0.37
31157,2014-03-01,4,0.50
31157,2014-04-01,3.5,0.37
31157,2014-05-01,3.5,0.17
31157,2014-06-01,3.9,0.13
31157,2014-07-01,3.9,0.27
31157,2014-08-01,3.6,0.30
31157,2014-09-01,3.3,0.10
31157,2014-10-01,3,0.00
31157,2014-11-01,3,0.00
31157,2014-12-01,3.3,0.00
31157,2015-01-01,3.6,0.20
31157,2015-02-01,3.4,0.33
31157,2015-03-01,3.5,0.40
31157,2015-04-01,3.2,0.27
31157,2015-05-01,3.4,0.27
31157,2015-06-01,3.7,0.33
31157,2015-07-01,3.6,0.47
31157,2015-08-01,3.2,0.40
31157,2015-09-01,3.1,0.20
31157,2015-10-01,3.1,0.03
31157,2015-11-01,3.2,0.03
31157,2015-12-01,3.2,0.07
31157,2016-01-01,3.5,0.17
31157,2016-02-01,3.5,0.27
31157,2016-03-01,3.6,0.40
31157,2016-04-01,3.7,0.47
31157,2016-05-01,3.6,0.50
31157,2016-06-01,4,0.63
31157,2016-07-01,4,0.73
31157,2016-08-01,3.9,0.83
31157,2016-09-01,3.8,0.77
31157,2016-10-01,3.8,0.70
31157,2016-11-01,3.7,0.63
31157,2016-12-01,3.9,0.63
31157,2017-01-01,4.3,0.67
31157,2017-02-01,4.3,0.77
31157,2017-03-01,3.8,0.60
31157,2017-04-01,3.6,0.30
31157,2017-05-01,3.4,0.00
31157,2017-06-01,3.7,0.00
31157,2017-07-01,3.6,0.00
31157,2017-08-01,3.6,0.07
31157,2017-09-01,3.3,0.00
31157,2017-10-01,3,0.00
31157,2017-11-01,3.4,0.00
31157,2017-12-01,3.5,0.07
31157,2018-01-01,3.7,0.30
31157,2018-02-01,3.8,0.43
31157,2018-03-01,3.7,0.50
31157,2018-04-01,3.4,0.40
31157,2018-05-01,3.2,0.20
31157,2018-06-01,3.7,0.20
31157,2018-07-01,3.7,0.30
31157,2018-08-01,3.3,0.33
31157,2018-09-01,3.1,0.13
31157,2018-10-01,3.3,0.00
31157,2018-11-01,3.3,0.00
31157,2018-12-01,3.9,0.27
31157,2019-01-01,4.6,0.70
31157,2019-02-01,4.6,1.13
31157,2019-03-01,4.5,1.33
31157,2019-04-01,3.8,1.07
31157,2019-05-01,3.8,0.80
31157,2019-06-01,4.2,0.70
31157,2019-07-01,4.2,0.83
31157,2019-08-01,3.7,0.80
31157,2019-09-01,3.3,0.50
31157,2019-10-01,3.3,0.20
31157,2019-11-01,3.7,0.20
31157,2019-12-01,3.9,0.20
31157,2020-01-01,4.1,0.47
31157,2020-02-01,3.8,0.50
31157,2020-03-01,6.2,1.27
31157,2020-04-01,7.4,2.37
31157,2020-05-01,6.1,3.13
31157,2020-06-01,5.5,2.90
31157,2020-07-01,5,2.10
31157,2020-08-01,3.6,1.27
31157,2020-09-01,3.4,0.57
31157,2020-10-01,2.7,0.00
31157,2020-11-01,2.7,0.00
31157,2020-12-01,3.1,0.00
31157,2021-01-01,3.9,0.40
31157,2021-02-01,3.8,0.77
31157,2021-03-01,3.4,0.87
31157,2021-04-01,3.2,0.63
31157,2021-05-01,3.1,0.40
31157,2021-06-01,3.8,0.53
31157,2021-07-01,3.6,0.67
31157,2021-08-01,3,0.63
31157,2021-09-01,2.5,0.20
31157,2021-10-01,2.5,0.00
31157,2021-11-01,2.1,0.00
31157,2021-12-01,2.3,0.00
31157,2022-01-01,2.8,0.10
31157,2022-02-01,2.7,0.30
31157,2022-03-01,2.4,0.33
31157,2022-04-01,2.2,0.13
31157,2022-05-01,2.3,0.00
31157,2022-06-01,3.1,0.23
31157,2022-07-01,3.1,0.53
31157,2022-08-01,2.7,0.67
31157,2022-09-01,2.4,0.43
31157,2022-10-01,2.5,0.23
31157,2022-11-01,2.5,0.17
31157,2022-12-01,2.7,0.27
31157,2023-01-01,3,0.43
31157,2023-02-01,3.1,0.63
31157,2023-03-01,2.8,0.67
31157,2023-04-01,2.6,0.53
31157,2023-05-01,2.7,0.40
31157,2023-06-01,3.2,0.37
31157,2023-07-01,3.2,0.57
31157,2023-08-01,2.6,0.53
31157,2023-09-01,2.5,0.30
31157,2023-10-01,2.8,0.17
31157,2023-11-01,2.5,0.13
31157,2023-12-01,2.9,0.17
31157,2024-01-01,3.3,0.30
31157,2024-02-01,3.6,0.67
31157,2024-03-01,3.2,0.77
31157,2024-04-01,3.1,0.70
31157,2024-05-01,3,0.50
31157,2024-06-01,3.7,0.67
31157,2024-07-01,3.9,0.93
31157,2024-08-01,3.2,1.00
31157,2024-09-01,2.8,0.70
31157,2024-10-01,3,0.40
31157,2024-11-01,3,0.33
31157,2024-12-01,3,0.27
31157,2025-01-01,3.7,0.33
31157,2025-02-01,3.8,0.57
31157,2025-03-01,3.5,0.73
31157,2025-04-01,3.2,0.57
31157,2025-05-01,3.2,0.37
31157,2025-06-01,3.7,0.43
31157,2025-07-01,3.7,0.60
31157,2025-08-01,3.2,0.60
31157,2025-09-01,3.1,0.40
31157,2025-10-01,3.25,0.25
31157,2025-11-01,3.4,0.32
31157,2025-12-01,3.4,0.35
31157,2026-01-01,4,0.42
31157,2026-02-01,4,0.62
31157,2026-03-01,3.3,0.58
31157,2026-04-01,2.9,0.22
31157,2026-05-01,3,0.00
31157,2026-06-01,3.7,0.13
31157,2026-07-01,3.7,0.40
31157,2026-08-01,3.1,0.43
31159,1990-01-01,2.9,NaN
31159,1990-02-01,2.5,NaN
31159,1990-03-01,2.3,NaN
31159,1990-04-01,1.8,NaN
31159,1990-05-01,1.9,NaN
31159,1990-06-01,2.5,NaN
31159,1990-07-01,2.2,NaN
31159,1990-08-01,1.9,NaN
31159,1990-09-01,2.3,NaN
31159,1990-10-01,1.8,NaN
31159,1990-11-01,1.8,NaN
31159,1990-12-01,1.7,NaN
31159,1991-01-01,2.8,NaN
31159,1991-02-01,2.4,NaN
31159,1991-03-01,2.3,0.73
31159,1991-04-01,1.7,0.37
31159,1991-05-01,2.5,0.40
31159,1991-06-01,2.9,0.60
31159,1991-07-01,2.6,0.90
31159,1991-08-01,2.1,0.77
31159,1991-09-01,2.2,0.53
31159,1991-10-01,2.2,0.40
31159,1991-11-01,2.4,0.50
31159,1991-12-01,2.1,0.47
31159,1992-01-01,3.2,0.47
31159,1992-02-01,3,0.63
31159,1992-03-01,2.8,0.87
31159,1992-04-01,2.3,0.57
31159,1992-05-01,2.8,0.47
31159,1992-06-01,3,0.53
31159,1992-07-01,2.6,0.63
31159,1992-08-01,2.2,0.43
31159,1992-09-01,2.1,0.13
31159,1992-10-01,2.4,0.07
31159,1992-11-01,2.2,0.00
31159,1992-12-01,2.2,0.03
31159,1993-01-01,2.9,0.20
31159,1993-02-01,2.9,0.43
31159,1993-03-01,2.6,0.57
31159,1993-04-01,2.1,0.30
31159,1993-05-01,2.3,0.10
31159,1993-06-01,2.7,0.13
31159,1993-07-01,2.4,0.23
31159,1993-08-01,1.9,0.10
31159,1993-09-01,1.9,0.00
31159,1993-10-01,1.9,0.00
31159,1993-11-01,1.6,0.00
31159,1993-12-01,1.7,0.00
31159,1994-01-01,2.3,0.13
31159,1994-02-01,2.4,0.40
31159,1994-03-01,2.3,0.60
31159,1994-04-01,2.2,0.57
31159,1994-05-01,2.3,0.53
31159,1994-06-01,3.1,0.80
31159,1994-07-01,2.5,0.90
31159,1994-08-01,2.1,0.83
31159,1994-09-01,2.1,0.50
31159,1994-10-01,2,0.33
31159,1994-11-01,2,0.30
31159,1994-12-01,1.9,0.23
31159,1995-01-01,2.6,0.30
31159,1995-02-01,2.2,0.27
31159,1995-03-01,2.2,0.37
31159,1995-04-01,2.1,0.20
31159,1995-05-01,2.3,0.23
31159,1995-06-01,2.7,0.40
31159,1995-07-01,2.6,0.57
31159,1995-08-01,1.8,0.40
31159,1995-09-01,1.7,0.07
31159,1995-10-01,2,0.00
31159,1995-11-01,2,0.07
31159,1995-12-01,2.3,0.27
31159,1996-01-01,3.2,0.67
31159,1996-02-01,3,1.00
31159,1996-03-01,3.7,1.47
31159,1996-04-01,3,1.40
31159,1996-05-01,3,1.40
31159,1996-06-01,3.2,1.23
31159,1996-07-01,2.9,1.20
31159,1996-08-01,2.2,0.93
31159,1996-09-01,2.4,0.67
31159,1996-10-01,2.3,0.47
31159,1996-11-01,2.1,0.37
31159,1996-12-01,2,0.03
31159,1997-01-01,2.7,0.13
31159,1997-02-01,2.4,0.23
31159,1997-03-01,2.3,0.33
31159,1997-04-01,1.8,0.03
31159,1997-05-01,2.1,0.00
31159,1997-06-01,2.7,0.13
31159,1997-07-01,2.6,0.40
31159,1997-08-01,1.9,0.33
31159,1997-09-01,2.1,0.13
31159,1997-10-01,1.9,0.00
31159,1997-11-01,1.7,0.00
31159,1997-12-01,1.6,0.00
31159,1998-01-01,2.5,0.20
31159,1998-02-01,2.2,0.37
31159,1998-03-01,2.9,0.80
31159,1998-04-01,2.1,0.67
31159,1998-05-01,2.4,0.73
31159,1998-06-01,2.8,0.70
31159,1998-07-01,2.6,0.87
31159,1998-08-01,2.4,0.87
31159,1998-09-01,2.4,0.73
31159,1998-10-01,2.5,0.70
31159,1998-11-01,2.4,0.70
31159,1998-12-01,2.1,0.60
31159,1999-01-01,3,0.57
31159,1999-02-01,2.7,0.50
31159,1999-03-01,2.6,0.43
31159,1999-04-01,2.3,0.20
31159,1999-05-01,2.7,0.20
31159,1999-06-01,3.3,0.43
31159,1999-07-01,3.1,0.70
31159,1999-08-01,2.4,0.60
31159,1999-09-01,2.4,0.30
31159,1999-10-01,2.2,0.00
31159,1999-11-01,2.3,0.00
31159,1999-12-01,2.2,0.00
31159,2000-01-01,2.6,0.13
31159,2000-02-01,2.6,0.23
31159,2000-03-01,2.5,0.33
31159,2000-04-01,2.3,0.23
31159,2000-05-01,2.5,0.20
31159,2000-06-01,3.1,0.40
31159,2000-07-01,2.6,0.50
31159,2000-08-01,2.1,0.37
31159,2000-09-01,1.9,0.00
31159,2000-10-01,2.1,0.00
31159,2000-11-01,1.8,0.00
31159,2000-12-01,2.1,0.07
31159,2001-01-01,2.5,0.20
31159,2001-02-01,3,0.60
31159,2001-03-01,2.6,0.77
31159,2001-04-01,2.3,0.70
31159,2001-05-01,2.6,0.57
31159,2001-06-01,3.4,0.83
31159,2001-07-01,2.9,1.03
31159,2001-08-01,2.7,1.07
31159,2001-09-01,3,0.93
31159,2001-10-01,2.9,0.93
31159,2001-11-01,2.8,0.97
31159,2001-12-01,2.7,0.80
31159,2002-01-01,3.6,0.90
31159,2002-02-01,3.2,0.67
31159,2002-03-01,3,0.77
31159,2002-04-01,3,0.57
31159,2002-05-01,3.1,0.53
31159,2002-06-01,3.7,0.50
31159,2002-07-01,3.5,0.63
31159,2002-08-01,2.7,0.50
31159,2002-09-01,2.5,0.10
31159,2002-10-01,2.6,0.00
31159,2002-11-01,2.5,0.00
31159,2002-12-01,2.5,0.00
31159,2003-01-01,3.6,0.33
31159,2003-02-01,3.1,0.53
31159,2003-03-01,3.3,0.80
31159,2003-04-01,3.1,0.63
31159,2003-05-01,3.5,0.77
31159,2003-06-01,3.9,0.97
31159,2003-07-01,3.9,1.23
31159,2003-08-01,2.8,1.00
31159,2003-09-01,3,0.70
31159,2003-10-01,2.9,0.37
31159,2003-11-01,2.7,0.33
31159,2003-12-01,2.8,0.27
31159,2004-01-01,3,0.03
31159,2004-02-01,2.8,0.07
31159,2004-03-01,3.4,0.27
31159,2004-04-01,2.7,0.17
31159,2004-05-01,3.1,0.27
31159,2004-06-01,3.5,0.30
31159,2004-07-01,3.5,0.57
31159,2004-08-01,3,0.53
31159,2004-09-01,2.8,0.30
31159,2004-10-01,2.7,0.03
31159,2004-11-01,2.9,0.00
31159,2004-12-01,2.8,0.00
31159,2005-01-01,3.4,0.23
31159,2005-02-01,3.1,0.30
31159,2005-03-01,3.7,0.60
31159,2005-04-01,3,0.47
31159,2005-05-01,3.3,0.53
31159,2005-06-01,3.6,0.50
31159,2005-07-01,3.7,0.73
31159,2005-08-01,3,0.63
31159,2005-09-01,2.6,0.30
31159,2005-10-01,2.7,0.00
31159,2005-11-01,2.6,0.00
31159,2005-12-01,2.8,0.07
31159,2006-01-01,3,0.17
31159,2006-02-01,3.1,0.33
31159,2006-03-01,2.8,0.33
31159,2006-04-01,2.8,0.27
31159,2006-05-01,2.8,0.17
31159,2006-06-01,2.9,0.20
31159,2006-07-01,3.1,0.30
31159,2006-08-01,2.5,0.20
31159,2006-09-01,2.3,0.00
31159,2006-10-01,2.3,0.00
31159,2006-11-01,2.2,0.00
31159,2006-12-01,2.1,0.00
31159,2007-01-01,3,0.23
31159,2007-02-01,2.9,0.47
31159,2007-03-01,2.8,0.70
31159,2007-04-01,2.4,0.50
31159,2007-05-01,2.8,0.47
31159,2007-06-01,3.4,0.67
31159,2007-07-01,3.1,0.90
31159,2007-08-01,2.2,0.70
31159,2007-09-01,2.4,0.37
31159,2007-10-01,2.7,0.23
31159,2007-11-01,2.5,0.33
31159,2007-12-01,2.4,0.33
31159,2008-01-01,3.3,0.30
31159,2008-02-01,2.6,0.33
31159,2008-03-01,2.7,0.43
31159,2008-04-01,2.3,0.10
31159,2008-05-01,3.2,0.30
31159,2008-06-01,3.9,0.70
31159,2008-07-01,4.4,1.40
31159,2008-08-01,3.3,1.43
31159,2008-09-01,3.3,1.23
31159,2008-10-01,2.9,0.73
31159,2008-11-01,3,0.53
31159,2008-12-01,3,0.43
31159,2009-01-01,4.2,0.87
31159,2009-02-01,4.2,1.27
31159,2009-03-01,4.3,1.70
31159,2009-04-01,4,1.63
31159,2009-05-01,4.6,1.57
31159,2009-06-01,5,1.57
31159,2009-07-01,4.3,1.67
31159,2009-08-01,3.8,1.40
31159,2009-09-01,3.9,1.03
31159,2009-10-01,3.5,0.77
31159,2009-11-01,3.6,0.70
31159,2009-12-01,3.6,0.60
31159,2010-01-01,4.7,0.57
31159,2010-02-01,4.7,0.77
31159,2010-03-01,4.7,1.13
31159,2010-04-01,3.9,0.87
31159,2010-05-01,3.9,0.60
31159,2010-06-01,4.6,0.57
31159,2010-07-01,3.8,0.53
31159,2010-08-01,3.5,0.40
31159,2010-09-01,3.6,0.07
31159,2010-10-01,3.5,0.00
31159,2010-11-01,3.5,0.00
31159,2010-12-01,3.7,0.03
31159,2011-01-01,4.4,0.33
31159,2011-02-01,4.5,0.67
31159,2011-03-01,4.4,0.90
31159,2011-04-01,3.8,0.70
31159,2011-05-01,3.8,0.47
31159,2011-06-01,4.4,0.47
31159,2011-07-01,4.2,0.60
31159,2011-08-01,3.3,0.43
31159,2011-09-01,3.4,0.10
31159,2011-10-01,3.3,0.00
31159,2011-11-01,3.1,0.00
31159,2011-12-01,3.4,0.00
31159,2012-01-01,3.7,0.13
31159,2012-02-01,3.8,0.37
31159,2012-03-01,3.5,0.40
31159,2012-04-01,3.1,0.20
31159,2012-05-01,3.4,0.07
31159,2012-06-01,3.9,0.20
31159,2012-07-01,4,0.50
31159,2012-08-01,3.2,0.43
31159,2012-09-01,2.9,0.10
31159,2012-10-01,3,0.00
31159,2012-11-01,2.9,0.00
31159,2012-12-01,3.5,0.20
31159,2013-01-01,4.4,0.67
31159,2013-02-01,4.1,1.07
31159,2013-03-01,3.7,1.13
31159,2013-04-01,3.3,0.77
31159,2013-05-01,3.7,0.63
31159,2013-06-01,4.3,0.83
31159,2013-07-01,4.6,1.27
31159,2013-08-01,3.2,1.10
31159,2013-09-01,3.1,0.70
31159,2013-10-01,3.2,0.23
31159,2013-11-01,3,0.17
31159,2013-12-01,3.1,0.00
31159,2014-01-01,3.4,0.07
31159,2014-02-01,3.6,0.27
31159,2014-03-01,3.5,0.40
31159,2014-04-01,2.9,0.23
31159,2014-05-01,3.2,0.10
31159,2014-06-01,3.5,0.10
31159,2014-07-01,3.8,0.40
31159,2014-08-01,2.9,0.30
31159,2014-09-01,2.4,0.00
31159,2014-10-01,2.3,0.00
31159,2014-11-01,2.2,0.00
31159,2014-12-01,2.7,0.10
31159,2015-01-01,3.4,0.47
31159,2015-02-01,2.8,0.67
31159,2015-03-01,2.9,0.73
31159,2015-04-01,2.6,0.47
31159,2015-05-01,2.9,0.50
31159,2015-06-01,3.4,0.67
31159,2015-07-01,3.2,0.87
31159,2015-08-01,2.7,0.80
31159,2015-09-01,2.7,0.57
31159,2015-10-01,2.7,0.40
31159,2015-11-01,2.5,0.33
31159,2015-12-01,2.9,0.30
31159,2016-01-01,2.7,0.07
31159,2016-02-01,2.6,0.10
31159,2016-03-01,2.7,0.03
31159,2016-04-01,2.4,0.00
31159,2016-05-01,2.4,0.00
31159,2016-06-01,3.4,0.23
31159,2016-07-01,3.2,0.50
31159,2016-08-01,2.8,0.63
31159,2016-09-01,2.9,0.47
31159,2016-10-01,2.7,0.30
31159,2016-11-01,2.1,0.07
31159,2016-12-01,2.5,0.00
31159,2017-01-01,2.9,0.07
31159,2017-02-01,2.7,0.27
31159,2017-03-01,2.5,0.27
31159,2017-04-01,2.4,0.10
31159,2017-05-01,2.6,0.07
31159,2017-06-01,3,0.23
31159,2017-07-01,2.8,0.37
31159,2017-08-01,2.5,0.33
31159,2017-09-01,2.3,0.10
31159,2017-10-01,2.2,0.00
31159,2017-11-01,2,0.00
31159,2017-12-01,2.1,0.00
31159,2018-01-01,2.4,0.07
31159,2018-02-01,2.6,0.27
31159,2018-03-01,2.5,0.40
31159,2018-04-01,2.4,0.40
31159,2018-05-01,2.3,0.30
31159,2018-06-01,3.1,0.50
31159,2018-07-01,2.9,0.67
31159,2018-08-01,2.5,0.73
31159,2018-09-01,2.3,0.47
31159,2018-10-01,2.4,0.30
31159,2018-11-01,2.1,0.17
31159,2018-12-01,2.3,0.17
31159,2019-01-01,2.8,0.23
31159,2019-02-01,2.7,0.33
31159,2019-03-01,2.7,0.47
31159,2019-04-01,2.6,0.40
31159,2019-05-01,2.9,0.47
31159,2019-06-01,3.6,0.77
31159,2019-07-01,3.3,1.00
31159,2019-08-01,2.7,0.93
31159,2019-09-01,2.4,0.53
31159,2019-10-01,2.6,0.30
31159,2019-11-01,2.6,0.27
31159,2019-12-01,2.3,0.23
31159,2020-01-01,2.8,0.17
31159,2020-02-01,2.6,0.07
31159,2020-03-01,4.6,0.83
31159,2020-04-01,6.9,2.20
31159,2020-05-01,6.3,3.43
31159,2020-06-01,4.9,3.53
31159,2020-07-01,3.9,2.53
31159,2020-08-01,2.8,1.37
31159,2020-09-01,2.8,0.67
31159,2020-10-01,2.3,0.13
31159,2020-11-01,2.6,0.07
31159,2020-12-01,2.9,0.10
31159,2021-01-01,3.2,0.33
31159,2021-02-01,3.3,0.57
31159,2021-03-01,3.2,0.67
31159,2021-04-01,2.5,0.43
31159,2021-05-01,2.6,0.20
31159,2021-06-01,3.1,0.17
31159,2021-07-01,2.3,0.10
31159,2021-08-01,2.1,0.00
31159,2021-09-01,1.8,0.00
31159,2021-10-01,1.8,0.00
31159,2021-11-01,1.6,0.00
31159,2021-12-01,1.4,0.00
31159,2022-01-01,1.9,0.03
31159,2022-02-01,1.8,0.10
31159,2022-03-01,1.8,0.23
31159,2022-04-01,1.6,0.13
31159,2022-05-01,1.8,0.13
31159,2022-06-01,2.6,0.40
31159,2022-07-01,2.3,0.63
31159,2022-08-01,2,0.70
31159,2022-09-01,1.7,0.40
31159,2022-10-01,1.9,0.27
31159,2022-11-01,1.9,0.23
31159,2022-12-01,1.7,0.23
31159,2023-01-01,1.7,0.13
31159,2023-02-01,1.8,0.03
31159,2023-03-01,1.7,0.00
31159,2023-04-01,1.4,0.00
31159,2023-05-01,1.9,0.03
31159,2023-06-01,2.6,0.33
31159,2023-07-01,2.3,0.63
31159,2023-08-01,1.8,0.60
31159,2023-09-01,1.7,0.30
31159,2023-10-01,2.1,0.23
31159,2023-11-01,1.8,0.23
31159,2023-12-01,2,0.33
31159,2024-01-01,2.2,0.37
31159,2024-02-01,2.2,0.50
31159,2024-03-01,2,0.50
31159,2024-04-01,1.7,0.33
31159,2024-05-01,2.5,0.40
31159,2024-06-01,3,0.53
31159,2024-07-01,2.4,0.77
31159,2024-08-01,2.5,0.77
31159,2024-09-01,2,0.43
31159,2024-10-01,2.2,0.37
31159,2024-11-01,2.4,0.33
31159,2024-12-01,2.2,0.30
31159,2025-01-01,2.4,0.37
31159,2025-02-01,3,0.57
31159,2025-03-01,2.4,0.63
31159,2025-04-01,2.4,0.63
31159,2025-05-01,2.6,0.40
31159,2025-06-01,3,0.47
31159,2025-07-01,2.6,0.53
31159,2025-08-01,2.6,0.53
31159,2025-09-01,2.3,0.30
31159,2025-10-01,2.55,0.28
31159,2025-11-01,2.8,0.35
31159,2025-12-01,2.4,0.32
31159,2026-01-01,2.4,0.20
31159,2026-02-01,2.9,0.10
31159,2026-03-01,2.2,0.03
31159,2026-04-01,2,0.00
31159,2026-05-01,2.6,0.00
31159,2026-06-01,3,0.27
31159,2026-07-01,2.8,0.53
31159,2026-08-01,2.6,0.53
31161,1990-01-01,2.6,NaN
31161,1990-02-01,2.1,NaN
31161,1990-03-01,2.1,NaN
31161,1990-04-01,2,NaN
31161,1990-05-01,1.5,NaN
31161,1990-06-01,1.7,NaN
31161,1990-07-01,2.3,NaN
31161,1990-08-01,2,NaN
31161,1990-09-01,1.5,NaN
31161,1990-10-01,0.6,NaN
31161,1990-11-01,1.7,NaN
31161,1990-12-01,1.7,NaN
31161,1991-01-01,3,NaN
31161,1991-02-01,2.1,NaN
31161,1991-03-01,2.3,1.20
31161,1991-04-01,1.7,0.77
31161,1991-05-01,2.2,0.80
31161,1991-06-01,2.8,0.97
31161,1991-07-01,2.6,1.27
31161,1991-08-01,2.3,1.30
31161,1991-09-01,1.8,0.97
31161,1991-10-01,1.5,0.60
31161,1991-11-01,1.7,0.40
31161,1991-12-01,1.8,0.33
31161,1992-01-01,2.3,0.27
31161,1992-02-01,2.5,0.53
31161,1992-03-01,2.3,0.70
31161,1992-04-01,2.1,0.63
31161,1992-05-01,2.4,0.60
31161,1992-06-01,3,0.83
31161,1992-07-01,3.2,1.20
31161,1992-08-01,2.8,1.33
31161,1992-09-01,2.2,1.07
31161,1992-10-01,1.7,0.57
31161,1992-11-01,1.5,0.13
31161,1992-12-01,1.7,0.00
31161,1993-01-01,2.3,0.20
31161,1993-02-01,2.1,0.40
31161,1993-03-01,2.2,0.57
31161,1993-04-01,1.9,0.43
31161,1993-05-01,1.7,0.30
31161,1993-06-01,3.1,0.60
31161,1993-07-01,2.6,0.83
31161,1993-08-01,2.6,1.13
31161,1993-09-01,1.7,0.67
31161,1993-10-01,1.8,0.40
31161,1993-11-01,1.9,0.17
31161,1993-12-01,2.4,0.40
31161,1994-01-01,2.4,0.43
31161,1994-02-01,2.5,0.63
31161,1994-03-01,3,0.83
31161,1994-04-01,2.3,0.80
31161,1994-05-01,1.9,0.60
31161,1994-06-01,3.5,0.77
31161,1994-07-01,3.2,1.07
31161,1994-08-01,3,1.43
31161,1994-09-01,2.2,1.00
31161,1994-10-01,1.9,0.57
31161,1994-11-01,1.6,0.10
31161,1994-12-01,1.8,0.00
31161,1995-01-01,2.6,0.23
31161,1995-02-01,2.4,0.50
31161,1995-03-01,2.7,0.80
31161,1995-04-01,2.1,0.63
31161,1995-05-01,2,0.50
31161,1995-06-01,3.5,0.77
31161,1995-07-01,3.3,1.17
31161,1995-08-01,2.7,1.40
31161,1995-09-01,1.9,0.87
31161,1995-10-01,2.2,0.50
31161,1995-11-01,2.1,0.30
31161,1995-12-01,2.9,0.63
31161,1996-01-01,3.3,0.77
31161,1996-02-01,3.3,1.10
31161,1996-03-01,3,1.13
31161,1996-04-01,2.8,0.97
31161,1996-05-01,2.5,0.70
31161,1996-06-01,3.9,1.00
31161,1996-07-01,3.5,1.23
31161,1996-08-01,3.5,1.57
31161,1996-09-01,2,0.93
31161,1996-10-01,2.3,0.53
31161,1996-11-01,2.3,0.13
31161,1996-12-01,2.2,0.07
31161,1997-01-01,3.1,0.33
31161,1997-02-01,3,0.57
31161,1997-03-01,2.6,0.70
31161,1997-04-01,2.1,0.37
31161,1997-05-01,3.8,0.63
31161,1997-06-01,5.2,1.50
31161,1997-07-01,4.6,2.33
31161,1997-08-01,3.9,2.37
31161,1997-09-01,3,1.63
31161,1997-10-01,2.4,0.90
31161,1997-11-01,2.3,0.37
31161,1997-12-01,2.1,0.00
31161,1998-01-01,2.7,0.10
31161,1998-02-01,2.4,0.13
31161,1998-03-01,2.6,0.30
31161,1998-04-01,2.2,0.13
31161,1998-05-01,2.1,0.03
31161,1998-06-01,3.9,0.47
31161,1998-07-01,3.8,1.00
31161,1998-08-01,3.7,1.53
31161,1998-09-01,2.3,1.00
31161,1998-10-01,1.9,0.37
31161,1998-11-01,2.6,0.00
31161,1998-12-01,2.7,0.13
31161,1999-01-01,2.7,0.40
31161,1999-02-01,2.7,0.43
31161,1999-03-01,2.6,0.40
31161,1999-04-01,2.3,0.27
31161,1999-05-01,2,0.03
31161,1999-06-01,3.8,0.43
31161,1999-07-01,4,1.00
31161,1999-08-01,3.8,1.60
31161,1999-09-01,2.5,1.17
31161,1999-10-01,2.6,0.70
31161,1999-11-01,2.8,0.37
31161,1999-12-01,3.3,0.60
31161,2000-01-01,3.4,0.87
31161,2000-02-01,3.3,1.03
31161,2000-03-01,3.3,1.03
31161,2000-04-01,2.7,0.80
31161,2000-05-01,2.5,0.53
31161,2000-06-01,3.3,0.20
31161,2000-07-01,3.4,0.43
31161,2000-08-01,3.3,0.70
31161,2000-09-01,2.4,0.40
31161,2000-10-01,2.6,0.13
31161,2000-11-01,2.5,0.00
31161,2000-12-01,2.4,0.00
31161,2001-01-01,2.9,0.10
31161,2001-02-01,3,0.27
31161,2001-03-01,2.9,0.43
31161,2001-04-01,2.8,0.40
31161,2001-05-01,2.2,0.13
31161,2001-06-01,3.2,0.23
31161,2001-07-01,3,0.30
31161,2001-08-01,2.8,0.50
31161,2001-09-01,2.3,0.20
31161,2001-10-01,2.4,0.00
31161,2001-11-01,2.6,0.00
31161,2001-12-01,2.6,0.10
31161,2002-01-01,3,0.30
31161,2002-02-01,2.7,0.33
31161,2002-03-01,2.7,0.37
31161,2002-04-01,2.2,0.10
31161,2002-05-01,2.8,0.13
31161,2002-06-01,3.2,0.30
31161,2002-07-01,3.6,0.77
31161,2002-08-01,2.6,0.70
31161,2002-09-01,2.4,0.43
31161,2002-10-01,2.3,0.00
31161,2002-11-01,2.3,0.00
31161,2002-12-01,2.7,0.10
31161,2003-01-01,2.8,0.27
31161,2003-02-01,2.5,0.33
31161,2003-03-01,2.4,0.23
31161,2003-04-01,2.3,0.07
31161,2003-05-01,2.4,0.03
31161,2003-06-01,3.4,0.37
31161,2003-07-01,3.5,0.77
31161,2003-08-01,2.8,0.90
31161,2003-09-01,2.4,0.57
31161,2003-10-01,2.2,0.13
31161,2003-11-01,2.2,0.00
31161,2003-12-01,2.3,0.00
31161,2004-01-01,2.9,0.23
31161,2004-02-01,3.2,0.57
31161,2004-03-01,3.1,0.83
31161,2004-04-01,2.7,0.77
31161,2004-05-01,2.6,0.57
31161,2004-06-01,3,0.53
31161,2004-07-01,3.4,0.77
31161,2004-08-01,3.1,0.93
31161,2004-09-01,2.6,0.80
31161,2004-10-01,2.4,0.47
31161,2004-11-01,2.5,0.27
31161,2004-12-01,2.5,0.23
31161,2005-01-01,3.2,0.27
31161,2005-02-01,3,0.43
31161,2005-03-01,3.1,0.63
31161,2005-04-01,2.6,0.43
31161,2005-05-01,2.6,0.30
31161,2005-06-01,2.8,0.20
31161,2005-07-01,3,0.33
31161,2005-08-01,2.5,0.30
31161,2005-09-01,2.1,0.07
31161,2005-10-01,2.1,0.00
31161,2005-11-01,2.4,0.00
31161,2005-12-01,2.8,0.23
31161,2006-01-01,2.9,0.50
31161,2006-02-01,2.7,0.60
31161,2006-03-01,2.8,0.60
31161,2006-04-01,2.8,0.57
31161,2006-05-01,2.4,0.47
31161,2006-06-01,3.1,0.57
31161,2006-07-01,2.9,0.60
31161,2006-08-01,2.8,0.73
31161,2006-09-01,2.2,0.43
31161,2006-10-01,2.3,0.23
31161,2006-11-01,2.2,0.03
31161,2006-12-01,2.2,0.00
31161,2007-01-01,3.2,0.30
31161,2007-02-01,2.7,0.47
31161,2007-03-01,2.5,0.57
31161,2007-04-01,2.4,0.30
31161,2007-05-01,2.4,0.20
31161,2007-06-01,3,0.37
31161,2007-07-01,2.9,0.53
31161,2007-08-01,2.8,0.67
31161,2007-09-01,2.4,0.47
31161,2007-10-01,2.5,0.33
31161,2007-11-01,2.6,0.27
31161,2007-12-01,2.2,0.20
31161,2008-01-01,2.4,0.00
31161,2008-02-01,2.3,0.00
31161,2008-03-01,2.4,0.07
31161,2008-04-01,2,0.00
31161,2008-05-01,2.3,0.00
31161,2008-06-01,2.7,0.10
31161,2008-07-01,2.9,0.40
31161,2008-08-01,2.9,0.60
31161,2008-09-01,2.6,0.57
31161,2008-10-01,2.8,0.53
31161,2008-11-01,3.2,0.63
31161,2008-12-01,3.6,0.97
31161,2009-01-01,4.3,1.47
31161,2009-02-01,4,1.73
31161,2009-03-01,4.2,1.93
31161,2009-04-01,3.8,1.77
31161,2009-05-01,3.6,1.63
31161,2009-06-01,4.2,1.53
31161,2009-07-01,4.6,1.50
31161,2009-08-01,3.7,1.40
31161,2009-09-01,3.5,1.17
31161,2009-10-01,3.7,0.87
31161,2009-11-01,3.4,0.67
31161,2009-12-01,3.6,0.37
31161,2010-01-01,4.2,0.20
31161,2010-02-01,3.8,0.33
31161,2010-03-01,4,0.47
31161,2010-04-01,3.7,0.30
31161,2010-05-01,3.2,0.10
31161,2010-06-01,4.2,0.17
31161,2010-07-01,3.8,0.20
31161,2010-08-01,3.4,0.27
31161,2010-09-01,3.3,0.00
31161,2010-10-01,3.1,0.00
31161,2010-11-01,3,0.00
31161,2010-12-01,3.1,0.00
31161,2011-01-01,3.6,0.17
31161,2011-02-01,3.6,0.37
31161,2011-03-01,3.5,0.50
31161,2011-04-01,3.1,0.33
31161,2011-05-01,3.2,0.20
31161,2011-06-01,4.4,0.50
31161,2011-07-01,4.2,0.87
31161,2011-08-01,3.8,1.07
31161,2011-09-01,3.5,0.77
31161,2011-10-01,3.3,0.47
31161,2011-11-01,3.2,0.27
31161,2011-12-01,3.3,0.20
31161,2012-01-01,3.6,0.13
31161,2012-02-01,3.7,0.27
31161,2012-03-01,3.6,0.37
31161,2012-04-01,3.2,0.23
31161,2012-05-01,3.2,0.07
31161,2012-06-01,3.9,0.17
31161,2012-07-01,4.1,0.47
31161,2012-08-01,3.7,0.63
31161,2012-09-01,3,0.33
31161,2012-10-01,3.1,0.00
31161,2012-11-01,2.8,0.00
31161,2012-12-01,3.4,0.13
31161,2013-01-01,3.5,0.27
31161,2013-02-01,3.5,0.50
31161,2013-03-01,3.2,0.43
31161,2013-04-01,3.1,0.30
31161,2013-05-01,3.1,0.17
31161,2013-06-01,3.9,0.40
31161,2013-07-01,3.9,0.67
31161,2013-08-01,3.2,0.70
31161,2013-09-01,3.2,0.47
31161,2013-10-01,3.1,0.20
31161,2013-11-01,2.4,0.00
31161,2013-12-01,2.5,0.00
31161,2014-01-01,2.8,0.00
31161,2014-02-01,3.1,0.23
31161,2014-03-01,2.8,0.33
31161,2014-04-01,2.4,0.20
31161,2014-05-01,2.6,0.03
31161,2014-06-01,2.9,0.07
31161,2014-07-01,3.2,0.33
31161,2014-08-01,2.4,0.27
31161,2014-09-01,2.3,0.07
31161,2014-10-01,2,0.00
31161,2014-11-01,2.1,0.00
31161,2014-12-01,2.2,0.00
31161,2015-01-01,2.6,0.20
31161,2015-02-01,2.7,0.40
31161,2015-03-01,2.5,0.50
31161,2015-04-01,2.6,0.50
31161,2015-05-01,2.9,0.57
31161,2015-06-01,3.2,0.80
31161,2015-07-01,3.1,0.97
31161,2015-08-01,2.8,0.93
31161,2015-09-01,2.2,0.60
31161,2015-10-01,2.6,0.43
31161,2015-11-01,2.3,0.27
31161,2015-12-01,2.5,0.37
31161,2016-01-01,2.9,0.27
31161,2016-02-01,2.9,0.40
31161,2016-03-01,2.7,0.47
31161,2016-04-01,2.7,0.40
31161,2016-05-01,2.4,0.23
31161,2016-06-01,3.4,0.47
31161,2016-07-01,3.4,0.70
31161,2016-08-01,3.4,1.03
31161,2016-09-01,2.9,0.87
31161,2016-10-01,3.4,0.87
31161,2016-11-01,2.9,0.70
31161,2016-12-01,2.8,0.57
31161,2017-01-01,3.4,0.47
31161,2017-02-01,3.1,0.50
31161,2017-03-01,2.6,0.43
31161,2017-04-01,2.5,0.13
31161,2017-05-01,2.4,0.00
31161,2017-06-01,2.8,0.07
31161,2017-07-01,2.9,0.20
31161,2017-08-01,3,0.40
31161,2017-09-01,2.3,0.23
31161,2017-10-01,2.4,0.07
31161,2017-11-01,2.5,0.00
31161,2017-12-01,2.6,0.10
31161,2018-01-01,2.8,0.23
31161,2018-02-01,2.9,0.37
31161,2018-03-01,2.9,0.47
31161,2018-04-01,2.8,0.47
31161,2018-05-01,2.6,0.37
31161,2018-06-01,3.2,0.47
31161,2018-07-01,3.2,0.60
31161,2018-08-01,2.6,0.60
31161,2018-09-01,2.3,0.30
31161,2018-10-01,2.4,0.03
31161,2018-11-01,1.8,0.00
31161,2018-12-01,2.3,0.00
31161,2019-01-01,2.7,0.10
31161,2019-02-01,2.6,0.37
31161,2019-03-01,2.9,0.57
31161,2019-04-01,2.9,0.63
31161,2019-05-01,3,0.77
31161,2019-06-01,3.6,1.00
31161,2019-07-01,3.6,1.23
31161,2019-08-01,2.9,1.20
31161,2019-09-01,2.6,0.87
31161,2019-10-01,2.8,0.60
31161,2019-11-01,2.5,0.47
31161,2019-12-01,2.2,0.33
31161,2020-01-01,2.7,0.20
31161,2020-02-01,2.6,0.03
31161,2020-03-01,4.4,0.77
31161,2020-04-01,3.1,0.90
31161,2020-05-01,2.9,1.00
31161,2020-06-01,3.1,0.57
31161,2020-07-01,2.8,0.47
31161,2020-08-01,2,0.17
31161,2020-09-01,1.9,0.00
31161,2020-10-01,1.8,0.00
31161,2020-11-01,1.6,0.00
31161,2020-12-01,1.5,0.00
31161,2021-01-01,2.2,0.13
31161,2021-02-01,2.1,0.30
31161,2021-03-01,2.2,0.53
31161,2021-04-01,1.9,0.43
31161,2021-05-01,2,0.40
31161,2021-06-01,2.3,0.43
31161,2021-07-01,2.3,0.57
31161,2021-08-01,2.3,0.67
31161,2021-09-01,2,0.57
31161,2021-10-01,1.8,0.40
31161,2021-11-01,1.5,0.13
31161,2021-12-01,1.3,0.00
31161,2022-01-01,2,0.07
31161,2022-02-01,1.8,0.17
31161,2022-03-01,1.9,0.37
31161,2022-04-01,1.7,0.27
31161,2022-05-01,1.8,0.27
31161,2022-06-01,2.2,0.37
31161,2022-07-01,2.3,0.57
31161,2022-08-01,2.3,0.73
31161,2022-09-01,1.8,0.60
31161,2022-10-01,2,0.50
31161,2022-11-01,1.9,0.37
31161,2022-12-01,1.7,0.33
31161,2023-01-01,1.7,0.17
31161,2023-02-01,2.1,0.13
31161,2023-03-01,2.1,0.20
31161,2023-04-01,2.4,0.43
31161,2023-05-01,2.3,0.50
31161,2023-06-01,2.4,0.60
31161,2023-07-01,2.2,0.53
31161,2023-08-01,2,0.43
31161,2023-09-01,1.9,0.27
31161,2023-10-01,1.9,0.17
31161,2023-11-01,1.8,0.10
31161,2023-12-01,1.9,0.10
31161,2024-01-01,2.1,0.17
31161,2024-02-01,2.4,0.30
31161,2024-03-01,2.2,0.37
31161,2024-04-01,1.9,0.30
31161,2024-05-01,2,0.17
31161,2024-06-01,2.6,0.30
31161,2024-07-01,2.5,0.50
31161,2024-08-01,2.5,0.67
31161,2024-09-01,2.3,0.57
31161,2024-10-01,2.5,0.57
31161,2024-11-01,2.3,0.50
31161,2024-12-01,2.2,0.47
31161,2025-01-01,2.3,0.33
31161,2025-02-01,2.6,0.33
31161,2025-03-01,1.9,0.23
31161,2025-04-01,2,0.13
31161,2025-05-01,2.2,0.00
31161,2025-06-01,2.5,0.20
31161,2025-07-01,2.4,0.33
31161,2025-08-01,2.5,0.43
31161,2025-09-01,2.4,0.40
31161,2025-10-01,2.55,0.45
31161,2025-11-01,2.7,0.52
31161,2025-12-01,2.5,0.55
31161,2026-01-01,2.4,0.50
31161,2026-02-01,2.6,0.47
31161,2026-03-01,2.2,0.37
31161,2026-04-01,2,0.23
31161,2026-05-01,2.4,0.17
31161,2026-06-01,2.9,0.23
31161,2026-07-01,2.6,0.43
31161,2026-08-01,2.5,0.47
31163,1990-01-01,4.6,NaN
31163,1990-02-01,4.3,NaN
31163,1990-03-01,3.4,NaN
31163,1990-04-01,2.8,NaN
31163,1990-05-01,2.1,NaN
31163,1990-06-01,2.2,NaN
31163,1990-07-01,2.1,NaN
31163,1990-08-01,2.1,NaN
31163,1990-09-01,2,NaN
31163,1990-10-01,2.2,NaN
31163,1990-11-01,3,NaN
31163,1990-12-01,4.3,NaN
31163,1991-01-01,5.2,NaN
31163,1991-02-01,5.5,NaN
31163,1991-03-01,5.4,3.30
31163,1991-04-01,3.9,2.87
31163,1991-05-01,2.6,1.90
31163,1991-06-01,2.8,1.03
31163,1991-07-01,2.6,0.60
31163,1991-08-01,2.4,0.53
31163,1991-09-01,2.5,0.43
31163,1991-10-01,2,0.20
31163,1991-11-01,3.5,0.37
31163,1991-12-01,3.3,0.63
31163,1992-01-01,4.9,1.60
31163,1992-02-01,4.5,1.93
31163,1992-03-01,3.9,2.13
31163,1992-04-01,2.4,1.30
31163,1992-05-01,2.4,0.60
31163,1992-06-01,2.5,0.13
31163,1992-07-01,2.4,0.13
31163,1992-08-01,2.2,0.07
31163,1992-09-01,2.3,0.00
31163,1992-10-01,2.4,0.00
31163,1992-11-01,1.6,0.00
31163,1992-12-01,3.5,0.40
31163,1993-01-01,5.1,1.30
31163,1993-02-01,4.4,2.23
31163,1993-03-01,5.2,2.80
31163,1993-04-01,1.6,1.63
31163,1993-05-01,1.8,0.77
31163,1993-06-01,2.4,0.00
31163,1993-07-01,2.2,0.20
31163,1993-08-01,1.9,0.23
31163,1993-09-01,1.8,0.03
31163,1993-10-01,2.2,0.03
31163,1993-11-01,2.5,0.23
31163,1993-12-01,3,0.63
31163,1994-01-01,5.4,1.70
31163,1994-02-01,5,2.53
31163,1994-03-01,4.9,3.17
31163,1994-04-01,2.7,2.27
31163,1994-05-01,2.3,1.37
31163,1994-06-01,2.9,0.70
31163,1994-07-01,2.3,0.53
31163,1994-08-01,2.6,0.63
31163,1994-09-01,2.4,0.47
31163,1994-10-01,2.2,0.43
31163,1994-11-01,2.6,0.23
31163,1994-12-01,4.2,0.60
31163,1995-01-01,5,1.53
31163,1995-02-01,4.2,2.07
31163,1995-03-01,3.2,1.73
31163,1995-04-01,3,1.07
31163,1995-05-01,3.5,0.83
31163,1995-06-01,3.2,0.83
31163,1995-07-01,2.7,0.73
31163,1995-08-01,2.4,0.37
31163,1995-09-01,1.9,0.00
31163,1995-10-01,1.8,0.00
31163,1995-11-01,2,0.00
31163,1995-12-01,3.5,0.53
31163,1996-01-01,5,1.60
31163,1996-02-01,4.3,2.37
31163,1996-03-01,3.3,2.30
31163,1996-04-01,2.9,1.60
31163,1996-05-01,2.8,1.10
31163,1996-06-01,3.2,1.07
31163,1996-07-01,2.9,1.07
31163,1996-08-01,2.3,0.90
31163,1996-09-01,1.9,0.47
31163,1996-10-01,1.9,0.13
31163,1996-11-01,2.6,0.23
31163,1996-12-01,2.4,0.27
31163,1997-01-01,3.3,0.73
31163,1997-02-01,2.8,0.80
31163,1997-03-01,2.7,0.90
31163,1997-04-01,2.1,0.50
31163,1997-05-01,2.3,0.33
31163,1997-06-01,2.3,0.20
31163,1997-07-01,1.8,0.10
31163,1997-08-01,2.6,0.20
31163,1997-09-01,2,0.10
31163,1997-10-01,1.8,0.10
31163,1997-11-01,2,0.00
31163,1997-12-01,1.7,0.00
31163,1998-01-01,2.3,0.17
31163,1998-02-01,2.1,0.20
31163,1998-03-01,2.3,0.40
31163,1998-04-01,1.7,0.20
31163,1998-05-01,2,0.17
31163,1998-06-01,2.4,0.20
31163,1998-07-01,2.7,0.53
31163,1998-08-01,2.5,0.70
31163,1998-09-01,2.4,0.70
31163,1998-10-01,3.1,0.83
31163,1998-11-01,3.8,1.27
31163,1998-12-01,4.3,1.90
31163,1999-01-01,3.7,1.93
31163,1999-02-01,3.3,1.77
31163,1999-03-01,2.7,1.23
31163,1999-04-01,2.2,0.73
31163,1999-05-01,2.4,0.43
31163,1999-06-01,3,0.50
31163,1999-07-01,3.3,0.53
31163,1999-08-01,2.4,0.47
31163,1999-09-01,2.4,0.27
31163,1999-10-01,2.4,0.00
31163,1999-11-01,2.8,0.13
31163,1999-12-01,4.5,0.83
31163,2000-01-01,3.4,1.17
31163,2000-02-01,3.3,1.33
31163,2000-03-01,3.1,0.87
31163,2000-04-01,2.8,0.67
31163,2000-05-01,2.7,0.47
31163,2000-06-01,3,0.43
31163,2000-07-01,2.9,0.47
31163,2000-08-01,2.5,0.40
31163,2000-09-01,2.5,0.23
31163,2000-10-01,2.6,0.13
31163,2000-11-01,2.9,0.13
31163,2000-12-01,2.3,0.07
31163,2001-01-01,3.7,0.43
31163,2001-02-01,3.5,0.63
31163,2001-03-01,3.2,0.93
31163,2001-04-01,2.1,0.40
31163,2001-05-01,2,0.00
31163,2001-06-01,2.5,0.00
31163,2001-07-01,2.2,0.03
31163,2001-08-01,2.1,0.07
31163,2001-09-01,2.1,0.00
31163,2001-10-01,2.8,0.20
31163,2001-11-01,3.1,0.53
31163,2001-12-01,3,0.83
31163,2002-01-01,3.9,1.20
31163,2002-02-01,3.6,1.37
31163,2002-03-01,3.5,1.53
31163,2002-04-01,3.2,1.30
31163,2002-05-01,2.8,1.03
31163,2002-06-01,2.9,0.83
31163,2002-07-01,2.6,0.63
31163,2002-08-01,2.4,0.50
31163,2002-09-01,2.5,0.37
31163,2002-10-01,2.4,0.10
31163,2002-11-01,2.7,0.10
31163,2002-12-01,3,0.27
31163,2003-01-01,3.1,0.50
31163,2003-02-01,3.3,0.70
31163,2003-03-01,3.3,0.80
31163,2003-04-01,3.2,0.83
31163,2003-05-01,3.2,0.80
31163,2003-06-01,3.3,0.80
31163,2003-07-01,3.1,0.77
31163,2003-08-01,2.9,0.67
31163,2003-09-01,3.3,0.67
31163,2003-10-01,3,0.63
31163,2003-11-01,3.1,0.60
31163,2003-12-01,3.3,0.43
31163,2004-01-01,3.9,0.50
31163,2004-02-01,3.7,0.57
31163,2004-03-01,3.7,0.70
31163,2004-04-01,3.3,0.50
31163,2004-05-01,3.3,0.37
31163,2004-06-01,3.7,0.37
31163,2004-07-01,3.3,0.37
31163,2004-08-01,3.4,0.40
31163,2004-09-01,3.6,0.37
31163,2004-10-01,3.2,0.33
31163,2004-11-01,3,0.13
31163,2004-12-01,3.5,0.10
31163,2005-01-01,4.6,0.47
31163,2005-02-01,4.7,1.03
31163,2005-03-01,4.1,1.23
31163,2005-04-01,3.6,0.90
31163,2005-05-01,3.6,0.53
31163,2005-06-01,3.7,0.40
31163,2005-07-01,3.7,0.43
31163,2005-08-01,3.3,0.33
31163,2005-09-01,3.3,0.20
31163,2005-10-01,3.3,0.07
31163,2005-11-01,3.7,0.20
31163,2005-12-01,4.1,0.47
31163,2006-01-01,4.6,0.83
31163,2006-02-01,3.5,0.77
31163,2006-03-01,3.2,0.47
31163,2006-04-01,2.6,0.00
31163,2006-05-01,2.3,0.00
31163,2006-06-01,2.7,0.00
31163,2006-07-01,2.6,0.00
31163,2006-08-01,2.1,0.00
31163,2006-09-01,2,0.00
31163,2006-10-01,2.3,0.00
31163,2006-11-01,2.5,0.13
31163,2006-12-01,2.5,0.30
31163,2007-01-01,3.8,0.80
31163,2007-02-01,3.4,1.10
31163,2007-03-01,3,1.27
31163,2007-04-01,2.5,0.83
31163,2007-05-01,2.4,0.50
31163,2007-06-01,2.6,0.37
31163,2007-07-01,2.6,0.40
31163,2007-08-01,2.1,0.30
31163,2007-09-01,2.2,0.17
31163,2007-10-01,2.2,0.03
31163,2007-11-01,2.4,0.10
31163,2007-12-01,2.6,0.23
31163,2008-01-01,3.4,0.63
31163,2008-02-01,3.3,0.93
31163,2008-03-01,3,1.07
31163,2008-04-01,2.8,0.87
31163,2008-05-01,2.3,0.53
31163,2008-06-01,2.4,0.33
31163,2008-07-01,2.3,0.17
31163,2008-08-01,2,0.07
31163,2008-09-01,2,0.00
31163,2008-10-01,2.9,0.20
31163,2008-11-01,2.8,0.47
31163,2008-12-01,2.8,0.73
31163,2009-01-01,3.7,1.00
31163,2009-02-01,3.8,1.33
31163,2009-03-01,3.2,1.47
31163,2009-04-01,3.3,1.33
31163,2009-05-01,3.1,1.10
31163,2009-06-01,3.4,1.17
31163,2009-07-01,2.8,1.00
31163,2009-08-01,2.8,0.90
31163,2009-09-01,2.7,0.67
31163,2009-10-01,3,0.53
31163,2009-11-01,2.7,0.23
31163,2009-12-01,3.6,0.33
31163,2010-01-01,4.9,0.97
31163,2010-02-01,4.7,1.63
31163,2010-03-01,4.6,1.97
31163,2010-04-01,4.1,1.70
31163,2010-05-01,3.7,1.37
31163,2010-06-01,4.5,1.33
31163,2010-07-01,3.9,1.27
31163,2010-08-01,3.7,1.27
31163,2010-09-01,3.5,0.93
31163,2010-10-01,3.7,0.83
31163,2010-11-01,3.3,0.70
31163,2010-12-01,3.8,0.50
31163,2011-01-01,5.6,0.73
31163,2011-02-01,5.8,1.57
31163,2011-03-01,5.3,2.07
31163,2011-04-01,4.1,1.57
31163,2011-05-01,4.1,1.00
31163,2011-06-01,4.2,0.63
31163,2011-07-01,4.1,0.63
31163,2011-08-01,3.8,0.53
31163,2011-09-01,3.4,0.27
31163,2011-10-01,4,0.23
31163,2011-11-01,2.9,0.00
31163,2011-12-01,4.2,0.27
31163,2012-01-01,4.9,0.57
31163,2012-02-01,4.4,1.07
31163,2012-03-01,3.7,0.90
31163,2012-04-01,3.5,0.43
31163,2012-05-01,3.6,0.17
31163,2012-06-01,3.9,0.23
31163,2012-07-01,3.5,0.23
31163,2012-08-01,3.4,0.17
31163,2012-09-01,3.2,0.00
31163,2012-10-01,3.2,0.00
31163,2012-11-01,3.1,0.00
31163,2012-12-01,3.4,0.07
31163,2013-01-01,4,0.33
31163,2013-02-01,3.8,0.57
31163,2013-03-01,3.7,0.67
31163,2013-04-01,3.2,0.40
31163,2013-05-01,3.1,0.17
31163,2013-06-01,3.7,0.17
31163,2013-07-01,3.5,0.27
31163,2013-08-01,2.8,0.17
31163,2013-09-01,2.8,0.00
31163,2013-10-01,2.7,0.00
31163,2013-11-01,2.9,0.03
31163,2013-12-01,3.3,0.20
31163,2014-01-01,4.2,0.70
31163,2014-02-01,4.1,1.10
31163,2014-03-01,4.6,1.53
31163,2014-04-01,2.9,1.10
31163,2014-05-01,3.2,0.80
31163,2014-06-01,3.4,0.40
31163,2014-07-01,3.9,0.73
31163,2014-08-01,2.9,0.63
31163,2014-09-01,2.7,0.40
31163,2014-10-01,2.2,0.00
31163,2014-11-01,2.5,0.00
31163,2014-12-01,2.7,0.00
31163,2015-01-01,3.4,0.40
31163,2015-02-01,2.9,0.53
31163,2015-03-01,3,0.63
31163,2015-04-01,2.6,0.37
31163,2015-05-01,2.8,0.33
31163,2015-06-01,2.8,0.27
31163,2015-07-01,3.4,0.53
31163,2015-08-01,3,0.60
31163,2015-09-01,2.4,0.47
31163,2015-10-01,2.8,0.27
31163,2015-11-01,2.4,0.07
31163,2015-12-01,3.4,0.40
31163,2016-01-01,4.2,0.80
31163,2016-02-01,4.1,1.37
31163,2016-03-01,4.2,1.63
31163,2016-04-01,3.3,1.33
31163,2016-05-01,3.1,1.00
31163,2016-06-01,3.5,0.77
31163,2016-07-01,3.6,0.87
31163,2016-08-01,3.3,0.93
31163,2016-09-01,3,0.77
31163,2016-10-01,3.2,0.63
31163,2016-11-01,2.9,0.50
31163,2016-12-01,3,0.17
31163,2017-01-01,4.5,0.43
31163,2017-02-01,3.7,0.70
31163,2017-03-01,3.1,0.73
31163,2017-04-01,3.4,0.37
31163,2017-05-01,3.3,0.23
31163,2017-06-01,3.2,0.27
31163,2017-07-01,3.2,0.20
31163,2017-08-01,2.7,0.00
31163,2017-09-01,2.4,0.00
31163,2017-10-01,2.3,0.00
31163,2017-11-01,2.6,0.00
31163,2017-12-01,3.2,0.27
31163,2018-01-01,4.5,1.00
31163,2018-02-01,3.7,1.37
31163,2018-03-01,2.8,1.23
31163,2018-04-01,2.7,0.63
31163,2018-05-01,2.2,0.13
31163,2018-06-01,3,0.20
31163,2018-07-01,2.7,0.20
31163,2018-08-01,2.7,0.37
31163,2018-09-01,2.5,0.20
31163,2018-10-01,3,0.30
31163,2018-11-01,2.4,0.20
31163,2018-12-01,2.9,0.20
31163,2019-01-01,4.3,0.63
31163,2019-02-01,4.2,1.23
31163,2019-03-01,3.7,1.50
31163,2019-04-01,3,1.07
31163,2019-05-01,3.3,0.77
31163,2019-06-01,3.4,0.60
31163,2019-07-01,3.8,0.87
31163,2019-08-01,3.4,0.90
31163,2019-09-01,3,0.77
31163,2019-10-01,3.5,0.67
31163,2019-11-01,3.5,0.70
31163,2019-12-01,3.7,0.80
31163,2020-01-01,4.1,0.57
31163,2020-02-01,3.7,0.60
31163,2020-03-01,4.9,1.00
31163,2020-04-01,5.6,1.50
31163,2020-05-01,4.7,1.83
31163,2020-06-01,4.4,1.67
31163,2020-07-01,3.5,0.90
31163,2020-08-01,2.8,0.27
31163,2020-09-01,2.4,0.00
31163,2020-10-01,1.9,0.00
31163,2020-11-01,1.9,0.00
31163,2020-12-01,2.1,0.00
31163,2021-01-01,2.6,0.23
31163,2021-02-01,3.1,0.63
31163,2021-03-01,2.6,0.80
31163,2021-04-01,2.6,0.80
31163,2021-05-01,2.6,0.63
31163,2021-06-01,2.8,0.70
31163,2021-07-01,2.4,0.63
31163,2021-08-01,2.4,0.57
31163,2021-09-01,2.2,0.37
31163,2021-10-01,2.1,0.27
31163,2021-11-01,1.9,0.10
31163,2021-12-01,1.5,0.00
31163,2022-01-01,2.5,0.13
31163,2022-02-01,2.3,0.27
31163,2022-03-01,2.4,0.57
31163,2022-04-01,2,0.40
31163,2022-05-01,2.1,0.33
31163,2022-06-01,3,0.53
31163,2022-07-01,2.8,0.80
31163,2022-08-01,2.5,0.93
31163,2022-09-01,1.9,0.57
31163,2022-10-01,2,0.30
31163,2022-11-01,2,0.13
31163,2022-12-01,1.8,0.10
31163,2023-01-01,2.2,0.07
31163,2023-02-01,2.2,0.13
31163,2023-03-01,2.1,0.23
31163,2023-04-01,2.2,0.23
31163,2023-05-01,2.4,0.30
31163,2023-06-01,3.1,0.63
31163,2023-07-01,2.6,0.77
31163,2023-08-01,2.1,0.67
31163,2023-09-01,2.2,0.37
31163,2023-10-01,2.8,0.43
31163,2023-11-01,2.2,0.47
31163,2023-12-01,2.2,0.47
31163,2024-01-01,3.1,0.50
31163,2024-02-01,2.7,0.60
31163,2024-03-01,2.4,0.57
31163,2024-04-01,1.9,0.17
31163,2024-05-01,2.7,0.10
31163,2024-06-01,2.8,0.17
31163,2024-07-01,3,0.53
31163,2024-08-01,2.5,0.47
31163,2024-09-01,2.9,0.50
31163,2024-10-01,2.7,0.37
31163,2024-11-01,2.8,0.47
31163,2024-12-01,2.6,0.37
31163,2025-01-01,2.8,0.40
31163,2025-02-01,3.2,0.53
31163,2025-03-01,2.6,0.53
31163,2025-04-01,3,0.60
31163,2025-05-01,3.6,0.73
31163,2025-06-01,3.3,0.83
31163,2025-07-01,2.9,0.57
31163,2025-08-01,2.2,0.10
31163,2025-09-01,2.3,0.00
31163,2025-10-01,2.65,0.00
31163,2025-11-01,3,0.27
31163,2025-12-01,2.9,0.47
31163,2026-01-01,3.1,0.62
31163,2026-02-01,3.1,0.65
31163,2026-03-01,2.5,0.52
31163,2026-04-01,2.4,0.28
31163,2026-05-01,2.9,0.22
31163,2026-06-01,3.3,0.48
31163,2026-07-01,3,0.68
31163,2026-08-01,2.4,0.52
31165,1990-01-01,4.3,NaN
31165,1990-02-01,4.3,NaN
31165,1990-03-01,4.1,NaN
31165,1990-04-01,4.8,NaN
31165,1990-05-01,4.5,NaN
31165,1990-06-01,5,NaN
31165,1990-07-01,4.2,NaN
31165,1990-08-01,4.6,NaN
31165,1990-09-01,4.7,NaN
31165,1990-10-01,3.8,NaN
31165,1990-11-01,4.3,NaN
31165,1990-12-01,5.1,NaN
31165,1991-01-01,5.6,NaN
31165,1991-02-01,5.4,NaN
31165,1991-03-01,5.2,1.17
31165,1991-04-01,4.7,0.83
31165,1991-05-01,4.8,0.63
31165,1991-06-01,5.2,0.63
31165,1991-07-01,4.4,0.53
31165,1991-08-01,4.5,0.43
31165,1991-09-01,4.5,0.20
31165,1991-10-01,4.4,0.20
31165,1991-11-01,4.5,0.20
31165,1991-12-01,4.8,0.17
31165,1992-01-01,5.1,0.33
31165,1992-02-01,5,0.50
31165,1992-03-01,4.7,0.47
31165,1992-04-01,4.3,0.20
31165,1992-05-01,4.1,0.00
31165,1992-06-01,4.7,0.00
31165,1992-07-01,3.7,0.00
31165,1992-08-01,3.6,0.00
31165,1992-09-01,3.9,0.00
31165,1992-10-01,3.3,0.00
31165,1992-11-01,3.3,0.00
31165,1992-12-01,3.4,0.00
31165,1993-01-01,3.9,0.20
31165,1993-02-01,3.7,0.33
31165,1993-03-01,3.7,0.43
31165,1993-04-01,3.2,0.20
31165,1993-05-01,3,0.00
31165,1993-06-01,3.4,0.00
31165,1993-07-01,2.8,0.00
31165,1993-08-01,3,0.00
31165,1993-09-01,2.9,0.00
31165,1993-10-01,2.8,0.00
31165,1993-11-01,2.9,0.00
31165,1993-12-01,3.1,0.07
31165,1994-01-01,3.8,0.40
31165,1994-02-01,3.6,0.63
31165,1994-03-01,3.3,0.70
31165,1994-04-01,2.9,0.40
31165,1994-05-01,2.6,0.07
31165,1994-06-01,3.1,0.00
31165,1994-07-01,2.9,0.00
31165,1994-08-01,3.2,0.20
31165,1994-09-01,3.2,0.23
31165,1994-10-01,3.1,0.30
31165,1994-11-01,2.9,0.20
31165,1994-12-01,3.1,0.17
31165,1995-01-01,3.6,0.33
31165,1995-02-01,3.2,0.43
31165,1995-03-01,2.8,0.33
31165,1995-04-01,3,0.13
31165,1995-05-01,2.7,0.00
31165,1995-06-01,3.2,0.13
31165,1995-07-01,2.9,0.10
31165,1995-08-01,2.9,0.17
31165,1995-09-01,3,0.10
31165,1995-10-01,3.2,0.20
31165,1995-11-01,3.1,0.27
31165,1995-12-01,4.1,0.63
31165,1996-01-01,4.5,1.07
31165,1996-02-01,4.1,1.40
31165,1996-03-01,3.7,1.27
31165,1996-04-01,3.6,0.97
31165,1996-05-01,3.3,0.70
31165,1996-06-01,3.5,0.53
31165,1996-07-01,3.2,0.40
31165,1996-08-01,3.2,0.37
31165,1996-09-01,3.2,0.27
31165,1996-10-01,3.4,0.23
31165,1996-11-01,3.4,0.23
31165,1996-12-01,3.4,0.20
31165,1997-01-01,4,0.40
31165,1997-02-01,3.9,0.57
31165,1997-03-01,3.8,0.70
31165,1997-04-01,3.7,0.60
31165,1997-05-01,3.1,0.33
31165,1997-06-01,3.4,0.20
31165,1997-07-01,2.9,0.00
31165,1997-08-01,3.1,0.00
31165,1997-09-01,3.2,0.00
31165,1997-10-01,2.8,0.00
31165,1997-11-01,2.8,0.00
31165,1997-12-01,3,0.00
31165,1998-01-01,3.6,0.27
31165,1998-02-01,3.2,0.40
31165,1998-03-01,3.3,0.50
31165,1998-04-01,2.9,0.27
31165,1998-05-01,2.7,0.10
31165,1998-06-01,3.2,0.07
31165,1998-07-01,2.9,0.07
31165,1998-08-01,2.9,0.13
31165,1998-09-01,2.9,0.03
31165,1998-10-01,2.7,0.00
31165,1998-11-01,2.7,0.00
31165,1998-12-01,2.9,0.00
31165,1999-01-01,3.3,0.20
31165,1999-02-01,3.1,0.33
31165,1999-03-01,3,0.37
31165,1999-04-01,2.7,0.17
31165,1999-05-01,2.4,0.00
31165,1999-06-01,2.8,0.00
31165,1999-07-01,2.5,0.00
31165,1999-08-01,2.5,0.03
31165,1999-09-01,2.2,0.00
31165,1999-10-01,1.8,0.00
31165,1999-11-01,2,0.00
31165,1999-12-01,2.5,0.10
31165,2000-01-01,3.1,0.53
31165,2000-02-01,2.8,0.80
31165,2000-03-01,2.7,0.87
31165,2000-04-01,2.3,0.60
31165,2000-05-01,2.4,0.47
31165,2000-06-01,2.6,0.43
31165,2000-07-01,2.3,0.43
31165,2000-08-01,2.6,0.50
31165,2000-09-01,2.4,0.43
31165,2000-10-01,2.5,0.50
31165,2000-11-01,2.7,0.53
31165,2000-12-01,2.8,0.57
31165,2001-01-01,3.7,0.63
31165,2001-02-01,3.4,0.87
31165,2001-03-01,3.4,1.07
31165,2001-04-01,3,0.83
31165,2001-05-01,2.7,0.60
31165,2001-06-01,3.1,0.50
31165,2001-07-01,3,0.50
31165,2001-08-01,3.2,0.67
31165,2001-09-01,2.9,0.60
31165,2001-10-01,3,0.53
31165,2001-11-01,3.3,0.53
31165,2001-12-01,3.6,0.63
31165,2002-01-01,4.4,0.83
31165,2002-02-01,4,1.07
31165,2002-03-01,4.1,1.23
31165,2002-04-01,3.7,1.00
31165,2002-05-01,3.5,0.83
31165,2002-06-01,3.9,0.77
31165,2002-07-01,3.9,0.83
31165,2002-08-01,3.7,0.80
31165,2002-09-01,3.6,0.70
31165,2002-10-01,3.5,0.57
31165,2002-11-01,3.8,0.57
31165,2002-12-01,4,0.47
31165,2003-01-01,4.8,0.60
31165,2003-02-01,4.3,0.77
31165,2003-03-01,4.5,0.93
31165,2003-04-01,4.3,0.77
31165,2003-05-01,4.5,0.83
31165,2003-06-01,5.1,1.03
31165,2003-07-01,4.8,1.20
31165,2003-08-01,4.8,1.30
31165,2003-09-01,4.6,1.13
31165,2003-10-01,4.5,1.03
31165,2003-11-01,4.5,0.90
31165,2003-12-01,4.8,0.83
31165,2004-01-01,5.3,0.67
31165,2004-02-01,4.9,0.63
31165,2004-03-01,5.2,0.77
31165,2004-04-01,4.6,0.53
31165,2004-05-01,4.5,0.33
31165,2004-06-01,5,0.17
31165,2004-07-01,4.9,0.27
31165,2004-08-01,5.1,0.47
31165,2004-09-01,4.9,0.43
31165,2004-10-01,4.9,0.43
31165,2004-11-01,5,0.40
31165,2004-12-01,5.5,0.53
31165,2005-01-01,6.2,0.87
31165,2005-02-01,5.8,1.13
31165,2005-03-01,5.7,1.20
31165,2005-04-01,5.1,0.83
31165,2005-05-01,4.9,0.53
31165,2005-06-01,5,0.30
31165,2005-07-01,4.6,0.03
31165,2005-08-01,4.3,0.00
31165,2005-09-01,4.1,0.00
31165,2005-10-01,3.9,0.00
31165,2005-11-01,4.3,0.00
31165,2005-12-01,4.7,0.20
31165,2006-01-01,5,0.57
31165,2006-02-01,4.7,0.70
31165,2006-03-01,4.4,0.60
31165,2006-04-01,4,0.27
31165,2006-05-01,3.7,0.00
31165,2006-06-01,4,0.00
31165,2006-07-01,4.4,0.13
31165,2006-08-01,4.4,0.37
31165,2006-09-01,3.9,0.33
31165,2006-10-01,3.9,0.17
31165,2006-11-01,4,0.03
31165,2006-12-01,4.3,0.17
31165,2007-01-01,4.8,0.47
31165,2007-02-01,4.2,0.53
31165,2007-03-01,4.3,0.53
31165,2007-04-01,3.9,0.23
31165,2007-05-01,3.8,0.10
31165,2007-06-01,3.9,0.00
31165,2007-07-01,3.8,0.00
31165,2007-08-01,3.6,0.00
31165,2007-09-01,3.4,0.00
31165,2007-10-01,3.5,0.00
31165,2007-11-01,3.5,0.00
31165,2007-12-01,4,0.20
31165,2008-01-01,4.2,0.43
31165,2008-02-01,3.7,0.50
31165,2008-03-01,3.8,0.43
31165,2008-04-01,3.4,0.17
31165,2008-05-01,3.4,0.07
31165,2008-06-01,3.7,0.03
31165,2008-07-01,3.6,0.10
31165,2008-08-01,3.8,0.23
31165,2008-09-01,3.6,0.20
31165,2008-10-01,3.5,0.17
31165,2008-11-01,4,0.23
31165,2008-12-01,4.5,0.50
31165,2009-01-01,6,1.33
31165,2009-02-01,5.9,1.97
31165,2009-03-01,6.2,2.53
31165,2009-04-01,5.4,2.33
31165,2009-05-01,5.8,2.30
31165,2009-06-01,6.1,2.27
31165,2009-07-01,5.6,2.27
31165,2009-08-01,5.6,2.13
31165,2009-09-01,5.5,1.93
31165,2009-10-01,5.6,1.93
31165,2009-11-01,5.4,1.80
31165,2009-12-01,6.1,1.70
31165,2010-01-01,6.9,1.30
31165,2010-02-01,6.6,1.07
31165,2010-03-01,6.5,1.17
31165,2010-04-01,5.6,0.73
31165,2010-05-01,6.5,0.70
31165,2010-06-01,6.8,0.80
31165,2010-07-01,6.9,1.23
31165,2010-08-01,6.9,1.37
31165,2010-09-01,6.5,1.27
31165,2010-10-01,6.6,1.17
31165,2010-11-01,6.9,1.17
31165,2010-12-01,7.2,1.20
31165,2011-01-01,6.8,0.83
31165,2011-02-01,6.3,0.57
31165,2011-03-01,6,0.17
31165,2011-04-01,5.3,0.00
31165,2011-05-01,5.3,0.00
31165,2011-06-01,6.2,0.07
31165,2011-07-01,6.2,0.37
31165,2011-08-01,6,0.60
31165,2011-09-01,5.4,0.33
31165,2011-10-01,5.2,0.00
31165,2011-11-01,5.2,0.00
31165,2011-12-01,5.6,0.07
31165,2012-01-01,6.1,0.37
31165,2012-02-01,5.8,0.57
31165,2012-03-01,5.5,0.53
31165,2012-04-01,4.8,0.10
31165,2012-05-01,4.9,0.00
31165,2012-06-01,5.4,0.00
31165,2012-07-01,5.5,0.23
31165,2012-08-01,5.1,0.30
31165,2012-09-01,4.7,0.07
31165,2012-10-01,4.8,0.00
31165,2012-11-01,4.7,0.00
31165,2012-12-01,5.2,0.17
31165,2013-01-01,6.1,0.60
31165,2013-02-01,5.5,0.87
31165,2013-03-01,5.1,0.83
31165,2013-04-01,4.5,0.30
31165,2013-05-01,4.5,0.00
31165,2013-06-01,4.9,0.00
31165,2013-07-01,4.9,0.13
31165,2013-08-01,4.7,0.20
31165,2013-09-01,4.3,0.00
31165,2013-10-01,4.2,0.00
31165,2013-11-01,4.2,0.00
31165,2013-12-01,4.6,0.10
31165,2014-01-01,5.1,0.40
31165,2014-02-01,4.8,0.60
31165,2014-03-01,4.7,0.63
31165,2014-04-01,3.9,0.23
31165,2014-05-01,4.1,0.00
31165,2014-06-01,4.5,0.00
31165,2014-07-01,4.6,0.23
31165,2014-08-01,4.5,0.37
31165,2014-09-01,4.1,0.23
31165,2014-10-01,4,0.03
31165,2014-11-01,4.2,0.00
31165,2014-12-01,4.2,0.03
31165,2015-01-01,4.9,0.33
31165,2015-02-01,4.2,0.33
31165,2015-03-01,4.1,0.30
31165,2015-04-01,3.3,0.00
31165,2015-05-01,3.6,0.00
31165,2015-06-01,3.9,0.00
31165,2015-07-01,3.9,0.20
31165,2015-08-01,3.6,0.20
31165,2015-09-01,3.2,0.00
31165,2015-10-01,3.2,0.00
31165,2015-11-01,3.3,0.00
31165,2015-12-01,3.8,0.20
31165,2016-01-01,4.3,0.57
31165,2016-02-01,4,0.80
31165,2016-03-01,3.7,0.77
31165,2016-04-01,3,0.33
31165,2016-05-01,3.1,0.03
31165,2016-06-01,3.7,0.03
31165,2016-07-01,3.6,0.23
31165,2016-08-01,3.6,0.40
31165,2016-09-01,3.2,0.23
31165,2016-10-01,3.1,0.07
31165,2016-11-01,3.2,0.00
31165,2016-12-01,3.8,0.20
31165,2017-01-01,4.4,0.63
31165,2017-02-01,3.8,0.83
31165,2017-03-01,3.4,0.70
31165,2017-04-01,2.9,0.20
31165,2017-05-01,3,0.00
31165,2017-06-01,3.4,0.00
31165,2017-07-01,3.4,0.17
31165,2017-08-01,3.3,0.27
31165,2017-09-01,2.7,0.03
31165,2017-10-01,2.5,0.00
31165,2017-11-01,2.7,0.00
31165,2017-12-01,2.9,0.07
31165,2018-01-01,3.7,0.47
31165,2018-02-01,3.2,0.63
31165,2018-03-01,3,0.67
31165,2018-04-01,2.3,0.20
31165,2018-05-01,2.2,0.00
31165,2018-06-01,2.7,0.00
31165,2018-07-01,2.6,0.10
31165,2018-08-01,2.4,0.17
31165,2018-09-01,2,0.00
31165,2018-10-01,2,0.00
31165,2018-11-01,2,0.00
31165,2018-12-01,2.7,0.23
31165,2019-01-01,3.5,0.73
31165,2019-02-01,2.9,1.03
31165,2019-03-01,3.1,1.17
31165,2019-04-01,2.2,0.73
31165,2019-05-01,2.3,0.53
31165,2019-06-01,2.8,0.43
31165,2019-07-01,2.9,0.67
31165,2019-08-01,2.7,0.80
31165,2019-09-01,2.1,0.57
31165,2019-10-01,2.3,0.37
31165,2019-11-01,2.5,0.30
31165,2019-12-01,2.8,0.30
31165,2020-01-01,3.4,0.60
31165,2020-02-01,3,0.77
31165,2020-03-01,3.4,0.97
31165,2020-04-01,10.5,3.33
31165,2020-05-01,9,5.33
31165,2020-06-01,7.4,6.67
31165,2020-07-01,6.3,5.27
31165,2020-08-01,4.9,3.90
31165,2020-09-01,4.2,2.83
31165,2020-10-01,3.5,1.90
31165,2020-11-01,3.9,1.57
31165,2020-12-01,4.4,1.40
31165,2021-01-01,5.1,1.57
31165,2021-02-01,4.8,1.70
31165,2021-03-01,4.7,1.60
31165,2021-04-01,4.3,0.73
31165,2021-05-01,4.4,0.60
31165,2021-06-01,5,0.70
31165,2021-07-01,4.4,0.73
31165,2021-08-01,4,0.60
31165,2021-09-01,3.1,0.00
31165,2021-10-01,3,0.00
31165,2021-11-01,2.8,0.00
31165,2021-12-01,3,0.00
31165,2022-01-01,3.6,0.20
31165,2022-02-01,2.9,0.23
31165,2022-03-01,2.8,0.17
31165,2022-04-01,2.2,0.00
31165,2022-05-01,2.4,0.00
31165,2022-06-01,3.1,0.10
31165,2022-07-01,3.3,0.47
31165,2022-08-01,3.4,0.80
31165,2022-09-01,2.5,0.60
31165,2022-10-01,2.8,0.43
31165,2022-11-01,2.9,0.27
31165,2022-12-01,3.1,0.47
31165,2023-01-01,3.5,0.70
31165,2023-02-01,3.2,0.80
31165,2023-03-01,3,0.77
31165,2023-04-01,2.4,0.40
31165,2023-05-01,2.7,0.23
31165,2023-06-01,3.1,0.17
31165,2023-07-01,3.2,0.30
31165,2023-08-01,3.3,0.50
31165,2023-09-01,2.7,0.37
31165,2023-10-01,2.8,0.23
31165,2023-11-01,2.7,0.03
31165,2023-12-01,2.9,0.10
31165,2024-01-01,3.6,0.37
31165,2024-02-01,3.1,0.50
31165,2024-03-01,2.9,0.50
31165,2024-04-01,2.2,0.03
31165,2024-05-01,2.6,0.00
31165,2024-06-01,3.1,0.07
31165,2024-07-01,3.5,0.50
31165,2024-08-01,3.5,0.80
31165,2024-09-01,2.9,0.73
31165,2024-10-01,3.2,0.63
31165,2024-11-01,3.3,0.57
31165,2024-12-01,3.4,0.73
31165,2025-01-01,4.1,1.03
31165,2025-02-01,3.8,1.20
31165,2025-03-01,3.6,1.27
31165,2025-04-01,3,0.90
31165,2025-05-01,3.2,0.70
31165,2025-06-01,3.5,0.60
31165,2025-07-01,3.8,0.43
31165,2025-08-01,3.6,0.50
31165,2025-09-01,3.1,0.37
31165,2025-10-01,3.2,0.17
31165,2025-11-01,3.3,0.07
31165,2025-12-01,3.6,0.17
31165,2026-01-01,3.9,0.40
31165,2026-02-01,3.8,0.57
31165,2026-03-01,3.4,0.50
31165,2026-04-01,2.6,0.07
31165,2026-05-01,2.9,0.00
31165,2026-06-01,3.3,0.00
31165,2026-07-01,3.6,0.33
31165,2026-08-01,3.7,0.60
31167,1990-01-01,1.5,NaN
31167,1990-02-01,1.4,NaN
31167,1990-03-01,1.6,NaN
31167,1990-04-01,1.7,NaN
31167,1990-05-01,1.2,NaN
31167,1990-06-01,1.7,NaN
31167,1990-07-01,1.5,NaN
31167,1990-08-01,2,NaN
31167,1990-09-01,1.5,NaN
31167,1990-10-01,1.2,NaN
31167,1990-11-01,1.4,NaN
31167,1990-12-01,1.2,NaN
31167,1991-01-01,2,NaN
31167,1991-02-01,2.2,NaN
31167,1991-03-01,2.2,0.87
31167,1991-04-01,2.5,1.03
31167,1991-05-01,2.8,1.23
31167,1991-06-01,2.2,1.23
31167,1991-07-01,2.3,1.17
31167,1991-08-01,2,0.90
31167,1991-09-01,1.9,0.80
31167,1991-10-01,1.4,0.50
31167,1991-11-01,1.6,0.37
31167,1991-12-01,1.9,0.37
31167,1992-01-01,2.5,0.47
31167,1992-02-01,2.7,0.73
31167,1992-03-01,2.6,0.97
31167,1992-04-01,3.1,1.17
31167,1992-05-01,2.8,1.20
31167,1992-06-01,2.3,1.10
31167,1992-07-01,2.2,0.80
31167,1992-08-01,1.7,0.43
31167,1992-09-01,2,0.33
31167,1992-10-01,2.2,0.33
31167,1992-11-01,2.9,0.73
31167,1992-12-01,3.3,1.17
31167,1993-01-01,4.2,1.50
31167,1993-02-01,3.8,1.80
31167,1993-03-01,3.1,1.73
31167,1993-04-01,2.6,1.20
31167,1993-05-01,2.2,0.67
31167,1993-06-01,2.9,0.60
31167,1993-07-01,2.6,0.60
31167,1993-08-01,2.5,0.70
31167,1993-09-01,1.6,0.27
31167,1993-10-01,1.5,0.00
31167,1993-11-01,1.3,0.00
31167,1993-12-01,2,0.13
31167,1994-01-01,3.1,0.67
31167,1994-02-01,3.3,1.33
31167,1994-03-01,3.1,1.70
31167,1994-04-01,2.4,1.47
31167,1994-05-01,2.4,1.17
31167,1994-06-01,2.9,1.10
31167,1994-07-01,2.8,1.23
31167,1994-08-01,2.5,1.27
31167,1994-09-01,2.3,1.07
31167,1994-10-01,2,0.80
31167,1994-11-01,2.3,0.73
31167,1994-12-01,2.1,0.53
31167,1995-01-01,3,0.33
31167,1995-02-01,3,0.57
31167,1995-03-01,2.5,0.70
31167,1995-04-01,2.6,0.57
31167,1995-05-01,2.3,0.33
31167,1995-06-01,3,0.50
31167,1995-07-01,2.8,0.57
31167,1995-08-01,2.5,0.63
31167,1995-09-01,1.9,0.27
31167,1995-10-01,1.6,0.00
31167,1995-11-01,1.7,0.00
31167,1995-12-01,1.9,0.00
31167,1996-01-01,3.4,0.60
31167,1996-02-01,3.5,1.20
31167,1996-03-01,2.9,1.53
31167,1996-04-01,2.4,1.20
31167,1996-05-01,2.2,0.77
31167,1996-06-01,2.5,0.63
31167,1996-07-01,2.1,0.53
31167,1996-08-01,1.8,0.40
31167,1996-09-01,1.7,0.13
31167,1996-10-01,2,0.10
31167,1996-11-01,1.7,0.07
31167,1996-12-01,2,0.17
31167,1997-01-01,2.8,0.37
31167,1997-02-01,2.5,0.63
31167,1997-03-01,2.2,0.70
31167,1997-04-01,1.9,0.40
31167,1997-05-01,1.9,0.20
31167,1997-06-01,2.3,0.23
31167,1997-07-01,2.5,0.43
31167,1997-08-01,2,0.47
31167,1997-09-01,2.2,0.43
31167,1997-10-01,2.1,0.30
31167,1997-11-01,1.9,0.27
31167,1997-12-01,1.8,0.03
31167,1998-01-01,2.9,0.27
31167,1998-02-01,2.6,0.50
31167,1998-03-01,2.7,0.80
31167,1998-04-01,2.2,0.57
31167,1998-05-01,2.2,0.43
31167,1998-06-01,3,0.53
31167,1998-07-01,4.2,1.20
31167,1998-08-01,3.5,1.63
31167,1998-09-01,2.9,1.60
31167,1998-10-01,3.1,1.23
31167,1998-11-01,2.6,0.93
31167,1998-12-01,2.4,0.77
31167,1999-01-01,3.1,0.50
31167,1999-02-01,3.4,0.60
31167,1999-03-01,3.3,0.90
31167,1999-04-01,3.6,1.07
31167,1999-05-01,2.9,0.90
31167,1999-06-01,3.4,0.83
31167,1999-07-01,2.9,0.37
31167,1999-08-01,3.2,0.47
31167,1999-09-01,2.9,0.30
31167,1999-10-01,2.6,0.20
31167,1999-11-01,2.5,0.00
31167,1999-12-01,2.7,0.00
31167,2000-01-01,3.1,0.17
31167,2000-02-01,3,0.33
31167,2000-03-01,2.7,0.33
31167,2000-04-01,2.6,0.17
31167,2000-05-01,2.6,0.03
31167,2000-06-01,2.9,0.10
31167,2000-07-01,2.5,0.07
31167,2000-08-01,2.1,0.00
31167,2000-09-01,2.6,0.00
31167,2000-10-01,2.5,0.00
31167,2000-11-01,2.1,0.00
31167,2000-12-01,2.3,0.00
31167,2001-01-01,2.9,0.13
31167,2001-02-01,3.1,0.47
31167,2001-03-01,3,0.70
31167,2001-04-01,2.8,0.67
31167,2001-05-01,3,0.63
31167,2001-06-01,3.2,0.70
31167,2001-07-01,2.8,0.70
31167,2001-08-01,2.3,0.47
31167,2001-09-01,2.2,0.13
31167,2001-10-01,2.3,0.00
31167,2001-11-01,2.5,0.07
31167,2001-12-01,2.6,0.20
31167,2002-01-01,3.2,0.50
31167,2002-02-01,3.1,0.70
31167,2002-03-01,3.3,0.93
31167,2002-04-01,3,0.87
31167,2002-05-01,2.8,0.77
31167,2002-06-01,3.8,0.93
31167,2002-07-01,3.3,1.03
31167,2002-08-01,2.9,1.07
31167,2002-09-01,3,0.80
31167,2002-10-01,2.8,0.63
31167,2002-11-01,2.7,0.50
31167,2002-12-01,3,0.37
31167,2003-01-01,3.5,0.30
31167,2003-02-01,3.1,0.37
31167,2003-03-01,3.1,0.40
31167,2003-04-01,2.6,0.10
31167,2003-05-01,2.9,0.03
31167,2003-06-01,3.3,0.10
31167,2003-07-01,3.6,0.43
31167,2003-08-01,3.2,0.53
31167,2003-09-01,3.5,0.60
31167,2003-10-01,3.6,0.60
31167,2003-11-01,3.1,0.57
31167,2003-12-01,3.3,0.50
31167,2004-01-01,4.3,0.70
31167,2004-02-01,3.6,0.87
31167,2004-03-01,3.2,0.83
31167,2004-04-01,2.7,0.30
31167,2004-05-01,2.8,0.03
31167,2004-06-01,3.2,0.00
31167,2004-07-01,3.3,0.20
31167,2004-08-01,3.1,0.30
31167,2004-09-01,2.8,0.17
31167,2004-10-01,3.1,0.10
31167,2004-11-01,3,0.07
31167,2004-12-01,2.8,0.07
31167,2005-01-01,3.5,0.20
31167,2005-02-01,3.4,0.33
31167,2005-03-01,3.6,0.60
31167,2005-04-01,3.3,0.53
31167,2005-05-01,2.9,0.37
31167,2005-06-01,2.9,0.13
31167,2005-07-01,2.9,0.00
31167,2005-08-01,2.6,0.00
31167,2005-09-01,2.7,0.00
31167,2005-10-01,3,0.03
31167,2005-11-01,3.2,0.23
31167,2005-12-01,3.1,0.37
31167,2006-01-01,3.3,0.47
31167,2006-02-01,3,0.40
31167,2006-03-01,3,0.37
31167,2006-04-01,2.9,0.23
31167,2006-05-01,2.9,0.20
31167,2006-06-01,3.7,0.43
31167,2006-07-01,3.4,0.60
31167,2006-08-01,3,0.63
31167,2006-09-01,2.8,0.33
31167,2006-10-01,2.7,0.07
31167,2006-11-01,2.8,0.00
31167,2006-12-01,2.8,0.00
31167,2007-01-01,3.5,0.27
31167,2007-02-01,3.5,0.50
31167,2007-03-01,2.8,0.50
31167,2007-04-01,2.7,0.23
31167,2007-05-01,3.1,0.10
31167,2007-06-01,3.5,0.33
31167,2007-07-01,3.1,0.47
31167,2007-08-01,2.6,0.30
31167,2007-09-01,2.5,0.00
31167,2007-10-01,2.7,0.00
31167,2007-11-01,2.7,0.03
31167,2007-12-01,2.4,0.00
31167,2008-01-01,3,0.10
31167,2008-02-01,2.6,0.07
31167,2008-03-01,2.5,0.10
31167,2008-04-01,1.9,0.00
31167,2008-05-01,2.3,0.00
31167,2008-06-01,2.7,0.07
31167,2008-07-01,2.8,0.37
31167,2008-08-01,2.5,0.43
31167,2008-09-01,2.7,0.43
31167,2008-10-01,2.8,0.43
31167,2008-11-01,3,0.60
31167,2008-12-01,3.4,0.83
31167,2009-01-01,4.7,1.47
31167,2009-02-01,5,2.13
31167,2009-03-01,4.8,2.60
31167,2009-04-01,4.2,2.43
31167,2009-05-01,4,2.10
31167,2009-06-01,4.3,1.87
31167,2009-07-01,4.1,1.53
31167,2009-08-01,3.7,1.37
31167,2009-09-01,3.6,1.13
31167,2009-10-01,3.5,0.93
31167,2009-11-01,3.4,0.67
31167,2009-12-01,4.1,0.60
31167,2010-01-01,4.7,0.57
31167,2010-02-01,5.1,1.13
31167,2010-03-01,4.9,1.40
31167,2010-04-01,4.2,1.23
31167,2010-05-01,3.9,0.83
31167,2010-06-01,4.2,0.60
31167,2010-07-01,3.9,0.50
31167,2010-08-01,3.4,0.33
31167,2010-09-01,3.6,0.13
31167,2010-10-01,3.6,0.03
31167,2010-11-01,3.6,0.10
31167,2010-12-01,4,0.20
31167,2011-01-01,4.9,0.63
31167,2011-02-01,4.8,1.03
31167,2011-03-01,4.1,1.07
31167,2011-04-01,3.5,0.60
31167,2011-05-01,3.8,0.27
31167,2011-06-01,4.1,0.27
31167,2011-07-01,3.7,0.33
31167,2011-08-01,3.3,0.17
31167,2011-09-01,3.1,0.00
31167,2011-10-01,3,0.00
31167,2011-11-01,2.8,0.00
31167,2011-12-01,3.5,0.13
31167,2012-01-01,4,0.47
31167,2012-02-01,4.1,0.90
31167,2012-03-01,3.9,1.03
31167,2012-04-01,3.5,0.87
31167,2012-05-01,3.4,0.63
31167,2012-06-01,3.4,0.47
31167,2012-07-01,3.5,0.47
31167,2012-08-01,3.1,0.37
31167,2012-09-01,2.9,0.20
31167,2012-10-01,2.9,0.00
31167,2012-11-01,2.8,0.00
31167,2012-12-01,3.2,0.10
31167,2013-01-01,4.1,0.50
31167,2013-02-01,3.9,0.87
31167,2013-03-01,3.4,0.93
31167,2013-04-01,3.1,0.60
31167,2013-05-01,3.2,0.37
31167,2013-06-01,3.7,0.47
31167,2013-07-01,3.6,0.63
31167,2013-08-01,3.1,0.60
31167,2013-09-01,3,0.37
31167,2013-10-01,2.9,0.13
31167,2013-11-01,2.7,0.00
31167,2013-12-01,2.7,0.00
31167,2014-01-01,3.4,0.17
31167,2014-02-01,3.7,0.50
31167,2014-03-01,3.7,0.83
31167,2014-04-01,2.7,0.60
31167,2014-05-01,2.8,0.30
31167,2014-06-01,3,0.07
31167,2014-07-01,2.8,0.10
31167,2014-08-01,2.5,0.00
31167,2014-09-01,2.2,0.00
31167,2014-10-01,2.1,0.00
31167,2014-11-01,2,0.00
31167,2014-12-01,2.4,0.07
31167,2015-01-01,2.8,0.30
31167,2015-02-01,2.8,0.57
31167,2015-03-01,2.6,0.63
31167,2015-04-01,2.2,0.43
31167,2015-05-01,2.5,0.33
31167,2015-06-01,2.9,0.43
31167,2015-07-01,2.7,0.60
31167,2015-08-01,2.4,0.57
31167,2015-09-01,2.3,0.37
31167,2015-10-01,2.4,0.27
31167,2015-11-01,2.2,0.20
31167,2015-12-01,2.5,0.20
31167,2016-01-01,3.4,0.40
31167,2016-02-01,3.2,0.73
31167,2016-03-01,2.9,0.87
31167,2016-04-01,2.6,0.60
31167,2016-05-01,2.5,0.37
31167,2016-06-01,3.1,0.43
31167,2016-07-01,3.1,0.60
31167,2016-08-01,2.8,0.70
31167,2016-09-01,2.8,0.60
31167,2016-10-01,2.9,0.53
31167,2016-11-01,2.8,0.53
31167,2016-12-01,2.9,0.50
31167,2017-01-01,3.6,0.43
31167,2017-02-01,3.7,0.73
31167,2017-03-01,3.3,0.87
31167,2017-04-01,3,0.67
31167,2017-05-01,3.1,0.47
31167,2017-06-01,3.3,0.40
31167,2017-07-01,3.5,0.47
31167,2017-08-01,3.5,0.60
31167,2017-09-01,2.6,0.37
31167,2017-10-01,2.6,0.07
31167,2017-11-01,2.6,0.00
31167,2017-12-01,2.6,0.00
31167,2018-01-01,3.2,0.20
31167,2018-02-01,3.8,0.60
31167,2018-03-01,3.5,0.90
31167,2018-04-01,3.1,0.87
31167,2018-05-01,2.4,0.40
31167,2018-06-01,2.9,0.20
31167,2018-07-01,3,0.17
31167,2018-08-01,2.6,0.23
31167,2018-09-01,2.3,0.03
31167,2018-10-01,2.5,0.00
31167,2018-11-01,1.9,0.00
31167,2018-12-01,2.2,0.00
31167,2019-01-01,3.2,0.23
31167,2019-02-01,3.6,0.80
31167,2019-03-01,3.3,1.17
31167,2019-04-01,2.8,1.03
31167,2019-05-01,2.8,0.77
31167,2019-06-01,3.1,0.70
31167,2019-07-01,3.4,0.90
31167,2019-08-01,2.7,0.87
31167,2019-09-01,2.3,0.60
31167,2019-10-01,2.5,0.30
31167,2019-11-01,2.5,0.23
31167,2019-12-01,2.3,0.23
31167,2020-01-01,3.2,0.23
31167,2020-02-01,2.9,0.37
31167,2020-03-01,4.9,1.23
31167,2020-04-01,5.5,2.00
31167,2020-05-01,4.6,2.57
31167,2020-06-01,4.1,2.30
31167,2020-07-01,3.3,1.57
31167,2020-08-01,3.2,1.10
31167,2020-09-01,3.1,0.77
31167,2020-10-01,2.7,0.57
31167,2020-11-01,2.9,0.47
31167,2020-12-01,3.1,0.47
31167,2021-01-01,3.6,0.53
31167,2021-02-01,3.8,0.70
31167,2021-03-01,3.5,0.73
31167,2021-04-01,2.7,0.43
31167,2021-05-01,2.1,0.00
31167,2021-06-01,2.5,0.00
31167,2021-07-01,2.4,0.00
31167,2021-08-01,2,0.00
31167,2021-09-01,1.5,0.00
31167,2021-10-01,1.6,0.00
31167,2021-11-01,1.4,0.00
31167,2021-12-01,1.4,0.00
31167,2022-01-01,2.3,0.23
31167,2022-02-01,2.4,0.57
31167,2022-03-01,2.1,0.80
31167,2022-04-01,1.5,0.53
31167,2022-05-01,1.6,0.27
31167,2022-06-01,2.3,0.33
31167,2022-07-01,2.3,0.60
31167,2022-08-01,2.1,0.77
31167,2022-09-01,1.9,0.63
31167,2022-10-01,2,0.53
31167,2022-11-01,2,0.50
31167,2022-12-01,1.9,0.50
31167,2023-01-01,2,0.27
31167,2023-02-01,2.2,0.30
31167,2023-03-01,2.3,0.43
31167,2023-04-01,2.1,0.47
31167,2023-05-01,2,0.40
31167,2023-06-01,2.4,0.37
31167,2023-07-01,2.2,0.23
31167,2023-08-01,1.8,0.17
31167,2023-09-01,1.9,0.00
31167,2023-10-01,2.4,0.07
31167,2023-11-01,2,0.13
31167,2023-12-01,2,0.17
31167,2024-01-01,2.5,0.20
31167,2024-02-01,2.8,0.47
31167,2024-03-01,2.3,0.57
31167,2024-04-01,1.4,0.20
31167,2024-05-01,2.1,0.00
31167,2024-06-01,2.6,0.10
31167,2024-07-01,2.6,0.50
31167,2024-08-01,2.3,0.57
31167,2024-09-01,2.1,0.40
31167,2024-10-01,2.4,0.33
31167,2024-11-01,2.4,0.37
31167,2024-12-01,2.2,0.40
31167,2025-01-01,3,0.60
31167,2025-02-01,2.9,0.77
31167,2025-03-01,2.6,0.90
31167,2025-04-01,2.5,0.73
31167,2025-05-01,2.6,0.63
31167,2025-06-01,2.8,0.60
31167,2025-07-01,3.2,0.60
31167,2025-08-01,2.5,0.57
31167,2025-09-01,2.3,0.40
31167,2025-10-01,2.5,0.17
31167,2025-11-01,2.7,0.20
31167,2025-12-01,2.6,0.27
31167,2026-01-01,2.7,0.23
31167,2026-02-01,2.8,0.27
31167,2026-03-01,2.3,0.17
31167,2026-04-01,2,0.00
31167,2026-05-01,2.2,0.00
31167,2026-06-01,2.6,0.10
31167,2026-07-01,2.2,0.17
31167,2026-08-01,2.1,0.13
31169,1990-01-01,1.6,NaN
31169,1990-02-01,1.4,NaN
31169,1990-03-01,1.3,NaN
31169,1990-04-01,0.7,NaN
31169,1990-05-01,0.7,NaN
31169,1990-06-01,1,NaN
31169,1990-07-01,1,NaN
31169,1990-08-01,0.9,NaN
31169,1990-09-01,0.6,NaN
31169,1990-10-01,0.7,NaN
31169,1990-11-01,0.9,NaN
31169,1990-12-01,1.1,NaN
31169,1991-01-01,1.7,NaN
31169,1991-02-01,1.5,NaN
31169,1991-03-01,1.4,0.80
31169,1991-04-01,1,0.57
31169,1991-05-01,1.3,0.50
31169,1991-06-01,1.4,0.50
31169,1991-07-01,1.5,0.67
31169,1991-08-01,1.5,0.73
31169,1991-09-01,1.4,0.73
31169,1991-10-01,1.1,0.60
31169,1991-11-01,1.5,0.60
31169,1991-12-01,1.8,0.57
31169,1992-01-01,2.1,0.57
31169,1992-02-01,2.5,0.90
31169,1992-03-01,2,0.97
31169,1992-04-01,1.8,0.87
31169,1992-05-01,2,0.70
31169,1992-06-01,2.2,0.77
31169,1992-07-01,2.1,0.77
31169,1992-08-01,2.6,0.97
31169,1992-09-01,1.8,0.83
31169,1992-10-01,1.4,0.60
31169,1992-11-01,1.6,0.27
31169,1992-12-01,2.1,0.23
31169,1993-01-01,2.5,0.47
31169,1993-02-01,2.3,0.70
31169,1993-03-01,2.2,0.73
31169,1993-04-01,1.9,0.53
31169,1993-05-01,1.7,0.33
31169,1993-06-01,2.3,0.37
31169,1993-07-01,2.6,0.60
31169,1993-08-01,1.9,0.67
31169,1993-09-01,2,0.57
31169,1993-10-01,2.1,0.40
31169,1993-11-01,1.8,0.37
31169,1993-12-01,1.5,0.10
31169,1994-01-01,1.9,0.00
31169,1994-02-01,2.6,0.27
31169,1994-03-01,2.1,0.47
31169,1994-04-01,1.1,0.20
31169,1994-05-01,1,0.00
31169,1994-06-01,1.8,0.00
31169,1994-07-01,1.6,0.17
31169,1994-08-01,1.1,0.20
31169,1994-09-01,1.1,0.00
31169,1994-10-01,1.1,0.00
31169,1994-11-01,1.2,0.03
31169,1994-12-01,2,0.33
31169,1995-01-01,2.9,0.93
31169,1995-02-01,2.7,1.43
31169,1995-03-01,2.9,1.73
31169,1995-04-01,2,1.43
31169,1995-05-01,2.2,1.27
31169,1995-06-01,2.3,1.07
31169,1995-07-01,1.9,1.03
31169,1995-08-01,1.6,0.83
31169,1995-09-01,1.2,0.47
31169,1995-10-01,1.3,0.27
31169,1995-11-01,1.4,0.17
31169,1995-12-01,2.1,0.30
31169,1996-01-01,3.1,0.90
31169,1996-02-01,2.7,1.33
31169,1996-03-01,2,1.30
31169,1996-04-01,2.2,1.00
31169,1996-05-01,1.9,0.73
31169,1996-06-01,2.1,0.77
31169,1996-07-01,1.9,0.67
31169,1996-08-01,1.5,0.53
31169,1996-09-01,1.6,0.37
31169,1996-10-01,1.6,0.27
31169,1996-11-01,1.5,0.27
31169,1996-12-01,1.6,0.00
31169,1997-01-01,3,0.47
31169,1997-02-01,2.6,0.83
31169,1997-03-01,2.1,1.00
31169,1997-04-01,1.5,0.50
31169,1997-05-01,1.4,0.10
31169,1997-06-01,2,0.07
31169,1997-07-01,1.6,0.10
31169,1997-08-01,1.3,0.07
31169,1997-09-01,1.6,0.00
31169,1997-10-01,1.3,0.00
31169,1997-11-01,1.1,0.00
31169,1997-12-01,1.6,0.00
31169,1998-01-01,2.4,0.37
31169,1998-02-01,2.2,0.73
31169,1998-03-01,2.2,0.93
31169,1998-04-01,1.4,0.60
31169,1998-05-01,1.5,0.37
31169,1998-06-01,1.5,0.13
31169,1998-07-01,1.5,0.17
31169,1998-08-01,1.6,0.20
31169,1998-09-01,1.4,0.17
31169,1998-10-01,1.8,0.27
31169,1998-11-01,2.5,0.57
31169,1998-12-01,2.2,0.83
31169,1999-01-01,2.7,1.00
31169,1999-02-01,2.8,1.10
31169,1999-03-01,2.7,1.27
31169,1999-04-01,1.9,1.00
31169,1999-05-01,1.8,0.67
31169,1999-06-01,2.6,0.63
31169,1999-07-01,2.3,0.73
31169,1999-08-01,1.8,0.73
31169,1999-09-01,1.6,0.40
31169,1999-10-01,1.5,0.03
31169,1999-11-01,1.5,0.00
31169,1999-12-01,1.5,0.00
31169,2000-01-01,2.7,0.40
31169,2000-02-01,2.8,0.83
31169,2000-03-01,2.7,1.23
31169,2000-04-01,2.4,1.13
31169,2000-05-01,2.6,1.07
31169,2000-06-01,2.7,1.07
31169,2000-07-01,2.6,1.13
31169,2000-08-01,2.2,1.00
31169,2000-09-01,2.1,0.80
31169,2000-10-01,2.5,0.77
31169,2000-11-01,2.6,0.90
31169,2000-12-01,2.6,1.07
31169,2001-01-01,3.6,1.03
31169,2001-02-01,3.7,1.03
31169,2001-03-01,4,1.50
31169,2001-04-01,3,1.30
31169,2001-05-01,3.1,1.10
31169,2001-06-01,3.3,0.87
31169,2001-07-01,3.3,0.97
31169,2001-08-01,2.7,0.83
31169,2001-09-01,2.9,0.70
31169,2001-10-01,3.1,0.63
31169,2001-11-01,3.4,0.73
31169,2001-12-01,3.4,0.73
31169,2002-01-01,4.2,0.77
31169,2002-02-01,3.9,0.93
31169,2002-03-01,4,1.13
31169,2002-04-01,3.3,0.83
31169,2002-05-01,3,0.53
31169,2002-06-01,3.6,0.40
31169,2002-07-01,3.5,0.47
31169,2002-08-01,2.8,0.40
31169,2002-09-01,3.2,0.27
31169,2002-10-01,2.9,0.07
31169,2002-11-01,3.4,0.20
31169,2002-12-01,3.3,0.23
31169,2003-01-01,3.8,0.53
31169,2003-02-01,3.5,0.57
31169,2003-03-01,3.2,0.53
31169,2003-04-01,3.3,0.37
31169,2003-05-01,3.1,0.23
31169,2003-06-01,3.3,0.27
31169,2003-07-01,3.1,0.20
31169,2003-08-01,2.7,0.07
31169,2003-09-01,2.9,0.00
31169,2003-10-01,2.7,0.00
31169,2003-11-01,2.8,0.03
31169,2003-12-01,2.9,0.03
31169,2004-01-01,3.9,0.43
31169,2004-02-01,3.4,0.63
31169,2004-03-01,3.4,0.80
31169,2004-04-01,2.7,0.40
31169,2004-05-01,2.8,0.20
31169,2004-06-01,3.2,0.13
31169,2004-07-01,3.2,0.30
31169,2004-08-01,3.2,0.43
31169,2004-09-01,3,0.37
31169,2004-10-01,3,0.30
31169,2004-11-01,2.9,0.17
31169,2004-12-01,3,0.17
31169,2005-01-01,3.5,0.23
31169,2005-02-01,3.5,0.43
31169,2005-03-01,3.4,0.57
31169,2005-04-01,3,0.40
31169,2005-05-01,3,0.23
31169,2005-06-01,2.9,0.07
31169,2005-07-01,3.1,0.03
31169,2005-08-01,2.8,0.00
31169,2005-09-01,2.8,0.00
31169,2005-10-01,2.5,0.00
31169,2005-11-01,2.8,0.00
31169,2005-12-01,3,0.07
31169,2006-01-01,3.6,0.43
31169,2006-02-01,3,0.50
31169,2006-03-01,2.9,0.47
31169,2006-04-01,2.7,0.17
31169,2006-05-01,2.3,0.00
31169,2006-06-01,2.4,0.00
31169,2006-07-01,2.5,0.00
31169,2006-08-01,2.3,0.00
31169,2006-09-01,2.2,0.00
31169,2006-10-01,2.1,0.00
31169,2006-11-01,2.2,0.00
31169,2006-12-01,2,0.00
31169,2007-01-01,3.1,0.33
31169,2007-02-01,2.7,0.50
31169,2007-03-01,2.6,0.70
31169,2007-04-01,2.3,0.43
31169,2007-05-01,2.3,0.30
31169,2007-06-01,2.6,0.30
31169,2007-07-01,2.8,0.47
31169,2007-08-01,2.3,0.47
31169,2007-09-01,2.6,0.47
31169,2007-10-01,2.7,0.43
31169,2007-11-01,3,0.67
31169,2007-12-01,2.8,0.73
31169,2008-01-01,3.7,0.77
31169,2008-02-01,3.4,0.90
31169,2008-03-01,3.4,1.10
31169,2008-04-01,2.9,0.83
31169,2008-05-01,3,0.70
31169,2008-06-01,3.2,0.63
31169,2008-07-01,3.1,0.57
31169,2008-08-01,3,0.57
31169,2008-09-01,2.9,0.47
31169,2008-10-01,2.6,0.30
31169,2008-11-01,3.1,0.10
31169,2008-12-01,3.5,0.23
31169,2009-01-01,4.3,0.80
31169,2009-02-01,4.8,1.37
31169,2009-03-01,4.7,1.77
31169,2009-04-01,4.1,1.70
31169,2009-05-01,4.2,1.50
31169,2009-06-01,4.8,1.53
31169,2009-07-01,4.3,1.60
31169,2009-08-01,3.9,1.50
31169,2009-09-01,4.1,1.27
31169,2009-10-01,4,1.17
31169,2009-11-01,3.6,1.03
31169,2009-12-01,4,0.80
31169,2010-01-01,4.9,0.53
31169,2010-02-01,4.6,0.63
31169,2010-03-01,4.4,0.77
31169,2010-04-01,3.4,0.27
31169,2010-05-01,3.2,0.00
31169,2010-06-01,3.9,0.00
31169,2010-07-01,3.7,0.10
31169,2010-08-01,3.4,0.17
31169,2010-09-01,3.7,0.10
31169,2010-10-01,3.6,0.07
31169,2010-11-01,3.5,0.10
31169,2010-12-01,3.4,0.00
31169,2011-01-01,3.7,0.03
31169,2011-02-01,3.8,0.13
31169,2011-03-01,3.7,0.23
31169,2011-04-01,3.4,0.13
31169,2011-05-01,3,0.00
31169,2011-06-01,3.5,0.00
31169,2011-07-01,3.1,0.00
31169,2011-08-01,2.9,0.00
31169,2011-09-01,3.2,0.00
31169,2011-10-01,2.9,0.00
31169,2011-11-01,2.6,0.00
31169,2011-12-01,3.2,0.00
31169,2012-01-01,3,0.03
31169,2012-02-01,3.4,0.30
31169,2012-03-01,3,0.23
31169,2012-04-01,2.8,0.17
31169,2012-05-01,2.6,0.00
31169,2012-06-01,3,0.00
31169,2012-07-01,3.5,0.23
31169,2012-08-01,3,0.37
31169,2012-09-01,2.8,0.30
31169,2012-10-01,3,0.13
31169,2012-11-01,2.7,0.03
31169,2012-12-01,3.1,0.13
31169,2013-01-01,3.4,0.27
31169,2013-02-01,3.3,0.47
31169,2013-03-01,2.8,0.37
31169,2013-04-01,2.6,0.10
31169,2013-05-01,2.8,0.00
31169,2013-06-01,3,0.07
31169,2013-07-01,3,0.20
31169,2013-08-01,2.7,0.17
31169,2013-09-01,2.4,0.00
31169,2013-10-01,2.2,0.00
31169,2013-11-01,2.2,0.00
31169,2013-12-01,2.6,0.07
31169,2014-01-01,2.9,0.30
31169,2014-02-01,3.3,0.67
31169,2014-03-01,2.8,0.73
31169,2014-04-01,2.2,0.50
31169,2014-05-01,2.4,0.20
31169,2014-06-01,2.6,0.13
31169,2014-07-01,2.9,0.37
31169,2014-08-01,2.5,0.40
31169,2014-09-01,2.4,0.33
31169,2014-10-01,2.2,0.10
31169,2014-11-01,1.9,0.00
31169,2014-12-01,2.2,0.00
31169,2015-01-01,2.6,0.13
31169,2015-02-01,2.5,0.33
31169,2015-03-01,2.3,0.37
31169,2015-04-01,2,0.17
31169,2015-05-01,2.2,0.07
31169,2015-06-01,2.2,0.03
31169,2015-07-01,2.4,0.17
31169,2015-08-01,2.1,0.13
31169,2015-09-01,2.2,0.13
31169,2015-10-01,2.4,0.13
31169,2015-11-01,2.5,0.27
31169,2015-12-01,2.6,0.40
31169,2016-01-01,2.9,0.53
31169,2016-02-01,3,0.70
31169,2016-03-01,3,0.83
31169,2016-04-01,2.6,0.73
31169,2016-05-01,2.5,0.57
31169,2016-06-01,2.8,0.50
31169,2016-07-01,2.9,0.50
31169,2016-08-01,2.8,0.60
31169,2016-09-01,2.6,0.53
31169,2016-10-01,2.6,0.43
31169,2016-11-01,2.1,0.07
31169,2016-12-01,2.6,0.00
31169,2017-01-01,2.8,0.07
31169,2017-02-01,2.8,0.30
31169,2017-03-01,2.3,0.20
31169,2017-04-01,2.2,0.00
31169,2017-05-01,2.3,0.00
31169,2017-06-01,2.3,0.00
31169,2017-07-01,2.4,0.07
31169,2017-08-01,2.5,0.13
31169,2017-09-01,2.5,0.20
31169,2017-10-01,2.2,0.13
31169,2017-11-01,2.3,0.07
31169,2017-12-01,2.8,0.17
31169,2018-01-01,2.7,0.33
31169,2018-02-01,3.2,0.63
31169,2018-03-01,2.7,0.60
31169,2018-04-01,2.6,0.57
31169,2018-05-01,2.3,0.27
31169,2018-06-01,2.5,0.20
31169,2018-07-01,2.4,0.07
31169,2018-08-01,2.5,0.13
31169,2018-09-01,2.3,0.07
31169,2018-10-01,2.6,0.13
31169,2018-11-01,2,0.00
31169,2018-12-01,2.4,0.03
31169,2019-01-01,2.9,0.13
31169,2019-02-01,3.1,0.50
31169,2019-03-01,3.2,0.77
31169,2019-04-01,2.8,0.73
31169,2019-05-01,2.8,0.63
31169,2019-06-01,2.9,0.53
31169,2019-07-01,3.1,0.63
31169,2019-08-01,3,0.70
31169,2019-09-01,2.7,0.63
31169,2019-10-01,2.9,0.57
31169,2019-11-01,2.7,0.47
31169,2019-12-01,2.3,0.30
31169,2020-01-01,2.6,0.10
31169,2020-02-01,2.6,0.00
31169,2020-03-01,4.5,0.73
31169,2020-04-01,5.3,1.63
31169,2020-05-01,3.6,1.97
31169,2020-06-01,3.6,1.67
31169,2020-07-01,4.2,1.30
31169,2020-08-01,2.4,0.90
31169,2020-09-01,2.3,0.47
31169,2020-10-01,1.7,0.00
31169,2020-11-01,1.7,0.00
31169,2020-12-01,1.7,0.00
31169,2021-01-01,2,0.10
31169,2021-02-01,2,0.20
31169,2021-03-01,2,0.30
31169,2021-04-01,1.8,0.23
31169,2021-05-01,2,0.23
31169,2021-06-01,2.4,0.37
31169,2021-07-01,1.8,0.37
31169,2021-08-01,2.2,0.43
31169,2021-09-01,1.9,0.27
31169,2021-10-01,1.9,0.30
31169,2021-11-01,1.6,0.10
31169,2021-12-01,1.4,0.00
31169,2022-01-01,2.1,0.07
31169,2022-02-01,2.1,0.23
31169,2022-03-01,2.1,0.47
31169,2022-04-01,1.6,0.30
31169,2022-05-01,1.7,0.17
31169,2022-06-01,2.2,0.20
31169,2022-07-01,2.2,0.40
31169,2022-08-01,2,0.50
31169,2022-09-01,2,0.43
31169,2022-10-01,2.2,0.43
31169,2022-11-01,2,0.43
31169,2022-12-01,1.8,0.37
31169,2023-01-01,1.9,0.20
31169,2023-02-01,1.9,0.07
31169,2023-03-01,1.8,0.07
31169,2023-04-01,1.4,0.00
31169,2023-05-01,1.9,0.00
31169,2023-06-01,2.5,0.23
31169,2023-07-01,2.3,0.53
31169,2023-08-01,2,0.57
31169,2023-09-01,2.1,0.43
31169,2023-10-01,2.4,0.47
31169,2023-11-01,2,0.47
31169,2023-12-01,2,0.43
31169,2024-01-01,2.2,0.37
31169,2024-02-01,2.5,0.53
31169,2024-03-01,2.5,0.70
31169,2024-04-01,2,0.63
31169,2024-05-01,2.4,0.60
31169,2024-06-01,2.6,0.40
31169,2024-07-01,2.9,0.57
31169,2024-08-01,2.5,0.60
31169,2024-09-01,2.4,0.53
31169,2024-10-01,2.8,0.50
31169,2024-11-01,2.5,0.50
31169,2024-12-01,2.3,0.47
31169,2025-01-01,2.6,0.40
31169,2025-02-01,2.7,0.30
31169,2025-03-01,2.3,0.23
31169,2025-04-01,2.3,0.13
31169,2025-05-01,2.4,0.03
31169,2025-06-01,2.6,0.10
31169,2025-07-01,2.5,0.17
31169,2025-08-01,2.3,0.13
31169,2025-09-01,2.5,0.10
31169,2025-10-01,2.7,0.17
31169,2025-11-01,2.9,0.37
31169,2025-12-01,2.5,0.37
31169,2026-01-01,2.4,0.27
31169,2026-02-01,2.8,0.23
31169,2026-03-01,2.1,0.10
31169,2026-04-01,2,0.00
31169,2026-05-01,2.2,0.00
31169,2026-06-01,2.6,0.17
31169,2026-07-01,2.3,0.27
31169,2026-08-01,2.2,0.27
31171,1990-01-01,5.8,NaN
31171,1990-02-01,5.9,NaN
31171,1990-03-01,4.9,NaN
31171,1990-04-01,3.1,NaN
31171,1990-05-01,2.6,NaN
31171,1990-06-01,1.6,NaN
31171,1990-07-01,2.7,NaN
31171,1990-08-01,2,NaN
31171,1990-09-01,3.7,NaN
31171,1990-10-01,3,NaN
31171,1990-11-01,2.7,NaN
31171,1990-12-01,4.2,NaN
31171,1991-01-01,8,NaN
31171,1991-02-01,9.6,NaN
31171,1991-03-01,4.7,5.33
31171,1991-04-01,3.6,3.87
31171,1991-05-01,3.8,1.93
31171,1991-06-01,2.5,1.20
31171,1991-07-01,2.7,0.90
31171,1991-08-01,1.7,0.20
31171,1991-09-01,1.6,0.00
31171,1991-10-01,1.5,0.00
31171,1991-11-01,6.3,1.53
31171,1991-12-01,5.6,2.87
31171,1992-01-01,6.9,4.67
31171,1992-02-01,5,4.23
31171,1992-03-01,4.7,3.93
31171,1992-04-01,5.5,3.47
31171,1992-05-01,2,2.47
31171,1992-06-01,3.5,2.07
31171,1992-07-01,3.3,1.33
31171,1992-08-01,1.6,1.20
31171,1992-09-01,3.1,1.07
31171,1992-10-01,3.3,1.07
31171,1992-11-01,2.6,0.33
31171,1992-12-01,6.8,1.57
31171,1993-01-01,10.8,4.07
31171,1993-02-01,10.3,6.63
31171,1993-03-01,10.7,7.93
31171,1993-04-01,4.5,5.83
31171,1993-05-01,2.7,3.30
31171,1993-06-01,4.6,1.27
31171,1993-07-01,4.5,1.27
31171,1993-08-01,3.9,1.67
31171,1993-09-01,3.3,1.23
31171,1993-10-01,4.2,1.13
31171,1993-11-01,4.2,0.90
31171,1993-12-01,5.8,0.93
31171,1994-01-01,9.7,2.77
31171,1994-02-01,9.3,4.47
31171,1994-03-01,5.4,4.33
31171,1994-04-01,3.6,2.30
31171,1994-05-01,4.3,0.63
31171,1994-06-01,4.2,0.23
31171,1994-07-01,3.9,0.33
31171,1994-08-01,2.9,0.00
31171,1994-09-01,1.8,0.00
31171,1994-10-01,1.7,0.00
31171,1994-11-01,2.9,0.00
31171,1994-12-01,7.6,1.93
31171,1995-01-01,12.7,5.60
31171,1995-02-01,9.5,7.80
31171,1995-03-01,5.1,6.97
31171,1995-04-01,4.7,4.30
31171,1995-05-01,3.5,2.30
31171,1995-06-01,4.5,2.10
31171,1995-07-01,3.9,1.83
31171,1995-08-01,3.5,1.83
31171,1995-09-01,3.9,1.63
31171,1995-10-01,4.4,1.80
31171,1995-11-01,5.3,2.40
31171,1995-12-01,7.3,1.90
31171,1996-01-01,11.3,4.20
31171,1996-02-01,8.8,5.37
31171,1996-03-01,6.7,5.17
31171,1996-04-01,6.8,3.67
31171,1996-05-01,6.2,2.80
31171,1996-06-01,5.8,2.50
31171,1996-07-01,5.9,2.20
31171,1996-08-01,4.9,1.77
31171,1996-09-01,6.4,1.97
31171,1996-10-01,7.2,2.23
31171,1996-11-01,7.5,2.50
31171,1996-12-01,7.5,1.87
31171,1997-01-01,13.3,3.90
31171,1997-02-01,8,4.07
31171,1997-03-01,7.3,4.00
31171,1997-04-01,4.7,1.13
31171,1997-05-01,6.1,0.50
31171,1997-06-01,7.2,0.47
31171,1997-07-01,6,0.90
31171,1997-08-01,5,0.53
31171,1997-09-01,4.7,0.00
31171,1997-10-01,4.3,0.00
31171,1997-11-01,3.3,0.00
31171,1997-12-01,5.3,0.20
31171,1998-01-01,8,1.43
31171,1998-02-01,6.4,2.47
31171,1998-03-01,4.6,2.23
31171,1998-04-01,3.5,0.73
31171,1998-05-01,2.9,0.00
31171,1998-06-01,2.9,0.00
31171,1998-07-01,2.5,0.00
31171,1998-08-01,2.2,0.00
31171,1998-09-01,2.1,0.00
31171,1998-10-01,3.6,0.37
31171,1998-11-01,4.3,1.07
31171,1998-12-01,7.1,2.73
31171,1999-01-01,11.2,5.27
31171,1999-02-01,9.2,6.90
31171,1999-03-01,6.3,6.63
31171,1999-04-01,5.2,4.63
31171,1999-05-01,4.9,3.20
31171,1999-06-01,5.1,2.80
31171,1999-07-01,3.9,2.37
31171,1999-08-01,3.6,1.93
31171,1999-09-01,3,1.23
31171,1999-10-01,4.3,1.00
31171,1999-11-01,4.6,0.63
31171,1999-12-01,6.3,1.57
31171,2000-01-01,6.3,2.23
31171,2000-02-01,6,2.70
31171,2000-03-01,5.9,2.57
31171,2000-04-01,3.8,1.73
31171,2000-05-01,4,1.07
31171,2000-06-01,4.5,0.60
31171,2000-07-01,4.1,0.70
31171,2000-08-01,3.7,0.60
31171,2000-09-01,5.2,0.83
31171,2000-10-01,4.9,0.97
31171,2000-11-01,4.7,0.97
31171,2000-12-01,7.1,1.47
31171,2001-01-01,8,2.50
31171,2001-02-01,7.2,3.33
31171,2001-03-01,7.3,3.40
31171,2001-04-01,6.2,2.80
31171,2001-05-01,5.4,2.20
31171,2001-06-01,4.6,1.30
31171,2001-07-01,4.9,0.87
31171,2001-08-01,4.4,0.53
31171,2001-09-01,4.9,0.40
31171,2001-10-01,4,0.00
31171,2001-11-01,3.5,0.00
31171,2001-12-01,5,0.03
31171,2002-01-01,7.8,1.30
31171,2002-02-01,6.8,2.40
31171,2002-03-01,6.2,2.80
31171,2002-04-01,5.3,1.97
31171,2002-05-01,3,0.70
31171,2002-06-01,3.3,0.00
31171,2002-07-01,3.3,0.00
31171,2002-08-01,2.8,0.00
31171,2002-09-01,2.1,0.00
31171,2002-10-01,2.7,0.00
31171,2002-11-01,3.7,0.30
31171,2002-12-01,3.9,0.90
31171,2003-01-01,4.7,1.57
31171,2003-02-01,5.9,2.30
31171,2003-03-01,5.6,2.87
31171,2003-04-01,4.4,2.77
31171,2003-05-01,4,2.13
31171,2003-06-01,3.5,1.43
31171,2003-07-01,4.4,1.43
31171,2003-08-01,3.6,1.30
31171,2003-09-01,3.8,1.40
31171,2003-10-01,2.9,0.90
31171,2003-11-01,3.8,0.67
31171,2003-12-01,4.6,0.33
31171,2004-01-01,3.3,0.47
31171,2004-02-01,3.6,0.40
31171,2004-03-01,3.9,0.17
31171,2004-04-01,2.7,0.00
31171,2004-05-01,2.6,0.00
31171,2004-06-01,2.4,0.00
31171,2004-07-01,2.7,0.00
31171,2004-08-01,2.7,0.03
31171,2004-09-01,2.6,0.10
31171,2004-10-01,2.6,0.07
31171,2004-11-01,2.9,0.13
31171,2004-12-01,4.9,0.90
31171,2005-01-01,5.1,1.73
31171,2005-02-01,3.9,2.07
31171,2005-03-01,4,1.77
31171,2005-04-01,3.6,1.27
31171,2005-05-01,2.9,0.93
31171,2005-06-01,2.7,0.50
31171,2005-07-01,3,0.30
31171,2005-08-01,3,0.30
31171,2005-09-01,2.6,0.23
31171,2005-10-01,2.9,0.20
31171,2005-11-01,3.8,0.40
31171,2005-12-01,4.4,0.87
31171,2006-01-01,5.1,1.60
31171,2006-02-01,4.8,1.93
31171,2006-03-01,3.8,1.73
31171,2006-04-01,3.1,1.07
31171,2006-05-01,2.2,0.20
31171,2006-06-01,2.5,0.00
31171,2006-07-01,2,0.00
31171,2006-08-01,2,0.00
31171,2006-09-01,1.8,0.00
31171,2006-10-01,2.5,0.17
31171,2006-11-01,2.9,0.47
31171,2006-12-01,4.9,1.50
31171,2007-01-01,5.3,2.43
31171,2007-02-01,5.3,3.23
31171,2007-03-01,5,3.27
31171,2007-04-01,5.1,3.20
31171,2007-05-01,3.8,2.70
31171,2007-06-01,3.1,2.07
31171,2007-07-01,2.8,1.30
31171,2007-08-01,1.8,0.63
31171,2007-09-01,1.8,0.20
31171,2007-10-01,1.8,0.00
31171,2007-11-01,3.6,0.60
31171,2007-12-01,4.2,1.40
31171,2008-01-01,6.1,2.83
31171,2008-02-01,5.6,3.50
31171,2008-03-01,5.2,3.83
31171,2008-04-01,3.8,3.07
31171,2008-05-01,3.2,2.27
31171,2008-06-01,3.1,1.57
31171,2008-07-01,2.7,1.20
31171,2008-08-01,3.2,1.20
31171,2008-09-01,2.6,1.03
31171,2008-10-01,3.2,1.20
31171,2008-11-01,3,0.53
31171,2008-12-01,3.8,0.50
31171,2009-01-01,5.1,1.13
31171,2009-02-01,7,2.47
31171,2009-03-01,4.8,2.80
31171,2009-04-01,5.2,2.83
31171,2009-05-01,3.8,1.77
31171,2009-06-01,3.7,1.40
31171,2009-07-01,4,1.00
31171,2009-08-01,3.8,1.00
31171,2009-09-01,3.8,1.03
31171,2009-10-01,4.2,1.00
31171,2009-11-01,3.3,0.83
31171,2009-12-01,5,0.83
31171,2010-01-01,6.6,1.20
31171,2010-02-01,5.2,1.83
31171,2010-03-01,5.7,2.07
31171,2010-04-01,4.6,1.40
31171,2010-05-01,4,1.00
31171,2010-06-01,4,0.43
31171,2010-07-01,4.6,0.43
31171,2010-08-01,4.9,0.73
31171,2010-09-01,4.5,0.90
31171,2010-10-01,4.1,0.73
31171,2010-11-01,4.1,0.47
31171,2010-12-01,5.3,0.33
31171,2011-01-01,7.2,1.33
31171,2011-02-01,7,2.30
31171,2011-03-01,6.5,2.70
31171,2011-04-01,5.9,2.27
31171,2011-05-01,5.5,1.77
31171,2011-06-01,4.6,1.13
31171,2011-07-01,5.2,0.90
31171,2011-08-01,4.4,0.50
31171,2011-09-01,4.1,0.33
31171,2011-10-01,3.6,0.00
31171,2011-11-01,3.4,0.00
31171,2011-12-01,3.8,0.00
31171,2012-01-01,4.1,0.17
31171,2012-02-01,5.4,0.83
31171,2012-03-01,3.8,0.83
31171,2012-04-01,3.7,0.70
31171,2012-05-01,3.4,0.03
31171,2012-06-01,3.3,0.00
31171,2012-07-01,4.4,0.23
31171,2012-08-01,3.7,0.33
31171,2012-09-01,2.8,0.17
31171,2012-10-01,3.2,0.00
31171,2012-11-01,3.1,0.00
31171,2012-12-01,3.7,0.30
31171,2013-01-01,4.4,0.70
31171,2013-02-01,5,1.33
31171,2013-03-01,4.2,1.50
31171,2013-04-01,3.5,1.20
31171,2013-05-01,3,0.53
31171,2013-06-01,3.1,0.17
31171,2013-07-01,3.3,0.10
31171,2013-08-01,3.5,0.27
31171,2013-09-01,3.7,0.47
31171,2013-10-01,3.4,0.50
31171,2013-11-01,4.1,0.70
31171,2013-12-01,3.9,0.67
31171,2014-01-01,5.7,1.43
31171,2014-02-01,4.3,1.50
31171,2014-03-01,4.8,1.80
31171,2014-04-01,3.7,1.13
31171,2014-05-01,3.2,0.77
31171,2014-06-01,2.8,0.10
31171,2014-07-01,2.8,0.00
31171,2014-08-01,3.3,0.03
31171,2014-09-01,3.2,0.17
31171,2014-10-01,2.7,0.13
31171,2014-11-01,3,0.03
31171,2014-12-01,2.8,0.00
31171,2015-01-01,4.2,0.50
31171,2015-02-01,3.3,0.60
31171,2015-03-01,3.1,0.70
31171,2015-04-01,3.5,0.47
31171,2015-05-01,3.3,0.47
31171,2015-06-01,3.1,0.47
31171,2015-07-01,2.8,0.23
31171,2015-08-01,2.9,0.10
31171,2015-09-01,3,0.07
31171,2015-10-01,2.1,0.00
31171,2015-11-01,1.6,0.00
31171,2015-12-01,1.9,0.00
31171,2016-01-01,3.4,0.43
31171,2016-02-01,4.1,1.27
31171,2016-03-01,3.6,1.83
31171,2016-04-01,3.7,1.93
31171,2016-05-01,3.2,1.63
31171,2016-06-01,3.3,1.53
31171,2016-07-01,3.7,1.53
31171,2016-08-01,3.9,1.77
31171,2016-09-01,4.7,2.23
31171,2016-10-01,4.6,2.53
31171,2016-11-01,4.1,2.60
31171,2016-12-01,3.7,2.27
31171,2017-01-01,4.2,1.70
31171,2017-02-01,3.6,0.70
31171,2017-03-01,4,0.53
31171,2017-04-01,5.1,0.83
31171,2017-05-01,3.4,0.77
31171,2017-06-01,3.4,0.57
31171,2017-07-01,3.6,0.07
31171,2017-08-01,4,0.20
31171,2017-09-01,3.6,0.27
31171,2017-10-01,3,0.07
31171,2017-11-01,3.7,0.00
31171,2017-12-01,4.1,0.17
31171,2018-01-01,3.5,0.33
31171,2018-02-01,4.5,0.60
31171,2018-03-01,3.9,0.53
31171,2018-04-01,3.1,0.40
31171,2018-05-01,3.6,0.10
31171,2018-06-01,3.1,0.00
31171,2018-07-01,3.5,0.13
31171,2018-08-01,3.7,0.17
31171,2018-09-01,3.7,0.37
31171,2018-10-01,3.4,0.33
31171,2018-11-01,4,0.43
31171,2018-12-01,4.5,0.70
31171,2019-01-01,5.7,1.47
31171,2019-02-01,5,1.80
31171,2019-03-01,4.3,1.73
31171,2019-04-01,3.7,1.07
31171,2019-05-01,3.9,0.70
31171,2019-06-01,4.4,0.73
31171,2019-07-01,4.9,1.00
31171,2019-08-01,5.1,1.37
31171,2019-09-01,4.1,1.10
31171,2019-10-01,3.7,0.70
31171,2019-11-01,4.3,0.33
31171,2019-12-01,5.3,0.47
31171,2020-01-01,7.6,1.77
31171,2020-02-01,6.7,2.57
31171,2020-03-01,10.7,4.37
31171,2020-04-01,3.2,2.90
31171,2020-05-01,5.1,2.37
31171,2020-06-01,5.6,0.63
31171,2020-07-01,5.7,1.43
31171,2020-08-01,5.2,1.47
31171,2020-09-01,4.1,0.97
31171,2020-10-01,2.6,0.00
31171,2020-11-01,3.1,0.00
31171,2020-12-01,3.4,0.00
31171,2021-01-01,5.6,1.00
31171,2021-02-01,4.3,1.40
31171,2021-03-01,3.9,1.57
31171,2021-04-01,3.1,0.73
31171,2021-05-01,3.3,0.40
31171,2021-06-01,3.1,0.13
31171,2021-07-01,2.7,0.00
31171,2021-08-01,3.1,0.00
31171,2021-09-01,2.5,0.00
31171,2021-10-01,2.9,0.07
31171,2021-11-01,2.3,0.00
31171,2021-12-01,3.8,0.43
31171,2022-01-01,3.1,0.50
31171,2022-02-01,3.9,1.03
31171,2022-03-01,3.7,1.00
31171,2022-04-01,2.4,0.77
31171,2022-05-01,2.4,0.27
31171,2022-06-01,2.9,0.00
31171,2022-07-01,3.2,0.27
31171,2022-08-01,3.8,0.73
31171,2022-09-01,3.1,0.80
31171,2022-10-01,2.5,0.57
31171,2022-11-01,3,0.30
31171,2022-12-01,4.2,0.67
31171,2023-01-01,6,1.83
31171,2023-02-01,5.2,2.57
31171,2023-03-01,5.9,3.13
31171,2023-04-01,4,2.47
31171,2023-05-01,4.8,2.33
31171,2023-06-01,2.9,1.33
31171,2023-07-01,3.3,0.83
31171,2023-08-01,3.3,0.30
31171,2023-09-01,3.8,0.60
31171,2023-10-01,4.6,1.03
31171,2023-11-01,3.2,1.00
31171,2023-12-01,3.8,0.70
31171,2024-01-01,5.1,0.87
31171,2024-02-01,4.9,1.43
31171,2024-03-01,2.7,1.07
31171,2024-04-01,3,0.37
31171,2024-05-01,2.9,0.00
31171,2024-06-01,3.7,0.33
31171,2024-07-01,4.1,0.70
31171,2024-08-01,4.1,1.10
31171,2024-09-01,4.4,1.33
31171,2024-10-01,5.2,1.70
31171,2024-11-01,3.9,1.63
31171,2024-12-01,5.3,1.93
31171,2025-01-01,4.2,1.60
31171,2025-02-01,4.1,1.67
31171,2025-03-01,4.3,1.33
31171,2025-04-01,4,1.27
31171,2025-05-01,4.8,1.50
31171,2025-06-01,4,1.07
31171,2025-07-01,5,1.03
31171,2025-08-01,4.6,0.57
31171,2025-09-01,4.1,0.43
31171,2025-10-01,4.3,0.20
31171,2025-11-01,4.5,0.17
31171,2025-12-01,4.7,0.37
31171,2026-01-01,5.5,0.77
31171,2026-02-01,5,0.93
31171,2026-03-01,4.8,0.97
31171,2026-04-01,4,0.47
31171,2026-05-01,3.7,0.00
31171,2026-06-01,3.1,0.00
31171,2026-07-01,4.7,0.23
31171,2026-08-01,4.3,0.43
31173,1990-01-01,8.3,NaN
31173,1990-02-01,7.5,NaN
31173,1990-03-01,7,NaN
31173,1990-04-01,5.9,NaN
31173,1990-05-01,5.5,NaN
31173,1990-06-01,7.3,NaN
31173,1990-07-01,7,NaN
31173,1990-08-01,6.7,NaN
31173,1990-09-01,5.6,NaN
31173,1990-10-01,6.6,NaN
31173,1990-11-01,7.3,NaN
31173,1990-12-01,7.4,NaN
31173,1991-01-01,9,NaN
31173,1991-02-01,9,NaN
31173,1991-03-01,7.4,2.33
31173,1991-04-01,7,1.67
31173,1991-05-01,7.3,1.10
31173,1991-06-01,9.6,1.73
31173,1991-07-01,9.7,2.57
31173,1991-08-01,8.5,2.97
31173,1991-09-01,8.5,2.60
31173,1991-10-01,7.7,1.93
31173,1991-11-01,8.5,1.73
31173,1991-12-01,7.7,0.87
31173,1992-01-01,8.7,1.07
31173,1992-02-01,7.6,0.77
31173,1992-03-01,7.7,0.77
31173,1992-04-01,7.2,0.27
31173,1992-05-01,7.5,0.23
31173,1992-06-01,10.8,1.03
31173,1992-07-01,9.4,1.77
31173,1992-08-01,8.3,2.03
31173,1992-09-01,6.7,0.67
31173,1992-10-01,6.9,0.00
31173,1992-11-01,6,0.00
31173,1992-12-01,6.5,0.00
31173,1993-01-01,7.4,0.17
31173,1993-02-01,7.7,0.73
31173,1993-03-01,7.2,0.97
31173,1993-04-01,6.7,0.73
31173,1993-05-01,6.5,0.33
31173,1993-06-01,9.1,0.97
31173,1993-07-01,8.3,1.50
31173,1993-08-01,8,2.00
31173,1993-09-01,6.7,1.20
31173,1993-10-01,7.3,0.87
31173,1993-11-01,6.5,0.37
31173,1993-12-01,6.5,0.30
31173,1994-01-01,7,0.03
31173,1994-02-01,7.3,0.27
31173,1994-03-01,7.7,0.67
31173,1994-04-01,7.1,0.70
31173,1994-05-01,5.9,0.23
31173,1994-06-01,7.4,0.13
31173,1994-07-01,7.7,0.33
31173,1994-08-01,7.1,0.73
31173,1994-09-01,5,0.00
31173,1994-10-01,5,0.00
31173,1994-11-01,5.1,0.00
31173,1994-12-01,5.8,0.27
31173,1995-01-01,5.7,0.50
31173,1995-02-01,6.1,0.83
31173,1995-03-01,5.6,0.77
31173,1995-04-01,5.9,0.83
31173,1995-05-01,6,0.80
31173,1995-06-01,8.3,1.70
31173,1995-07-01,8.1,2.43
31173,1995-08-01,7.6,2.97
31173,1995-09-01,6,2.20
31173,1995-10-01,6.7,1.73
31173,1995-11-01,6.4,1.33
31173,1995-12-01,6.1,1.10
31173,1996-01-01,7.9,1.27
31173,1996-02-01,7.4,1.33
31173,1996-03-01,8.2,2.03
31173,1996-04-01,7.2,1.77
31173,1996-05-01,7.8,1.90
31173,1996-06-01,10.7,2.20
31173,1996-07-01,9.8,3.07
31173,1996-08-01,8.2,3.20
31173,1996-09-01,7.3,2.07
31173,1996-10-01,7.8,1.40
31173,1996-11-01,6.5,0.83
31173,1996-12-01,6.4,0.50
31173,1997-01-01,7.6,0.03
31173,1997-02-01,6.8,0.10
31173,1997-03-01,7.4,0.43
31173,1997-04-01,6.2,0.00
31173,1997-05-01,6.4,0.00
31173,1997-06-01,9.2,0.60
31173,1997-07-01,8.5,1.37
31173,1997-08-01,8,1.90
31173,1997-09-01,8.2,1.57
31173,1997-10-01,8.1,1.43
31173,1997-11-01,6.7,1.00
31173,1997-12-01,7.4,0.73
31173,1998-01-01,9.4,1.17
31173,1998-02-01,8.8,1.87
31173,1998-03-01,8.1,2.10
31173,1998-04-01,7.2,1.37
31173,1998-05-01,8.2,1.17
31173,1998-06-01,10.6,1.40
31173,1998-07-01,10.7,2.43
31173,1998-08-01,8.3,2.47
31173,1998-09-01,7.6,1.47
31173,1998-10-01,7.9,0.53
31173,1998-11-01,7.3,0.20
31173,1998-12-01,9.6,0.87
31173,1999-01-01,10.8,1.63
31173,1999-02-01,10.4,2.67
31173,1999-03-01,9.8,2.73
31173,1999-04-01,10.3,2.57
31173,1999-05-01,10.3,2.53
31173,1999-06-01,13.5,3.77
31173,1999-07-01,12.7,4.57
31173,1999-08-01,11.7,5.03
31173,1999-09-01,10.9,4.17
31173,1999-10-01,8.9,2.90
31173,1999-11-01,9.9,2.30
31173,1999-12-01,9.9,1.30
31173,2000-01-01,7.6,0.00
31173,2000-02-01,7.1,0.00
31173,2000-03-01,6.6,0.00
31173,2000-04-01,6.5,0.00
31173,2000-05-01,5.8,0.00
31173,2000-06-01,7.6,0.33
31173,2000-07-01,8.5,1.00
31173,2000-08-01,7.6,1.60
31173,2000-09-01,7.4,1.53
31173,2000-10-01,6.2,0.77
31173,2000-11-01,6.4,0.37
31173,2000-12-01,6,0.00
31173,2001-01-01,6.9,0.23
31173,2001-02-01,6.4,0.23
31173,2001-03-01,6.4,0.37
31173,2001-04-01,6.1,0.10
31173,2001-05-01,5.6,0.00
31173,2001-06-01,6.4,0.00
31173,2001-07-01,6.3,0.07
31173,2001-08-01,6.3,0.30
31173,2001-09-01,5.7,0.07
31173,2001-10-01,5.5,0.00
31173,2001-11-01,6,0.00
31173,2001-12-01,6.3,0.20
31173,2002-01-01,7.3,0.80
31173,2002-02-01,7.4,1.27
31173,2002-03-01,7.4,1.63
31173,2002-04-01,6.6,1.40
31173,2002-05-01,6.5,1.10
31173,2002-06-01,8.1,1.33
31173,2002-07-01,8.2,1.87
31173,2002-08-01,7.7,2.27
31173,2002-09-01,6.9,1.87
31173,2002-10-01,5.9,1.10
31173,2002-11-01,6,0.53
31173,2002-12-01,6,0.03
31173,2003-01-01,7,0.37
31173,2003-02-01,7.1,0.73
31173,2003-03-01,7.5,1.23
31173,2003-04-01,7,1.23
31173,2003-05-01,7.1,1.23
31173,2003-06-01,8.8,1.67
31173,2003-07-01,8.2,2.07
31173,2003-08-01,7.8,2.30
31173,2003-09-01,7.5,1.87
31173,2003-10-01,7.4,1.60
31173,2003-11-01,7.1,1.37
31173,2003-12-01,6.9,1.17
31173,2004-01-01,8.3,1.10
31173,2004-02-01,7.7,0.93
31173,2004-03-01,7.7,0.77
31173,2004-04-01,7,0.33
31173,2004-05-01,6.8,0.03
31173,2004-06-01,8.9,0.43
31173,2004-07-01,9.1,1.13
31173,2004-08-01,7.9,1.50
31173,2004-09-01,6.9,0.83
31173,2004-10-01,7.8,0.40
31173,2004-11-01,7.6,0.30
31173,2004-12-01,7.7,0.57
31173,2005-01-01,9,0.93
31173,2005-02-01,9,1.40
31173,2005-03-01,8.5,1.67
31173,2005-04-01,7.7,1.23
31173,2005-05-01,7.2,0.63
31173,2005-06-01,8.7,0.43
31173,2005-07-01,8.1,0.57
31173,2005-08-01,7.2,0.57
31173,2005-09-01,6.8,0.00
31173,2005-10-01,6.7,0.00
31173,2005-11-01,7.3,0.03
31173,2005-12-01,6.9,0.07
31173,2006-01-01,6.8,0.10
31173,2006-02-01,6.9,0.00
31173,2006-03-01,6.2,0.00
31173,2006-04-01,5.9,0.00
31173,2006-05-01,5.9,0.00
31173,2006-06-01,7.2,0.33
31173,2006-07-01,7.9,1.00
31173,2006-08-01,7.6,1.57
31173,2006-09-01,7.1,1.53
31173,2006-10-01,6.5,1.07
31173,2006-11-01,5.9,0.50
31173,2006-12-01,6.8,0.40
31173,2007-01-01,7.2,0.63
31173,2007-02-01,6.9,0.97
31173,2007-03-01,6.4,0.83
31173,2007-04-01,6.1,0.47
31173,2007-05-01,6.4,0.30
31173,2007-06-01,7.5,0.37
31173,2007-07-01,7.6,0.87
31173,2007-08-01,6.3,0.83
31173,2007-09-01,6,0.33
31173,2007-10-01,5.8,0.00
31173,2007-11-01,5.8,0.00
31173,2007-12-01,5.8,0.00
31173,2008-01-01,6,0.07
31173,2008-02-01,6.5,0.30
31173,2008-03-01,6.5,0.53
31173,2008-04-01,6.1,0.57
31173,2008-05-01,6.2,0.47
31173,2008-06-01,7,0.63
31173,2008-07-01,7.3,1.03
31173,2008-08-01,6.8,1.23
31173,2008-09-01,6.5,1.07
31173,2008-10-01,6.1,0.67
31173,2008-11-01,6.2,0.47
31173,2008-12-01,7.1,0.67
31173,2009-01-01,7.5,1.07
31173,2009-02-01,7.4,1.23
31173,2009-03-01,7.7,1.27
31173,2009-04-01,8.4,1.57
31173,2009-05-01,8.3,1.87
31173,2009-06-01,9.3,2.40
31173,2009-07-01,14,4.27
31173,2009-08-01,13.3,5.93
31173,2009-09-01,12.9,7.13
31173,2009-10-01,12.4,6.60
31173,2009-11-01,11.7,6.07
31173,2009-12-01,11.7,5.47
31173,2010-01-01,11.8,4.80
31173,2010-02-01,11.4,4.30
31173,2010-03-01,10.8,3.80
31173,2010-04-01,10.5,3.07
31173,2010-05-01,10,2.30
31173,2010-06-01,10.1,1.53
31173,2010-07-01,10,0.00
31173,2010-08-01,8.6,0.00
31173,2010-09-01,7.8,0.00
31173,2010-10-01,7.9,0.00
31173,2010-11-01,8.5,0.00
31173,2010-12-01,7.8,0.00
31173,2011-01-01,9.1,0.40
31173,2011-02-01,8.5,0.40
31173,2011-03-01,8.3,0.57
31173,2011-04-01,8.8,0.47
31173,2011-05-01,8.5,0.47
31173,2011-06-01,11.9,1.67
31173,2011-07-01,14.4,3.53
31173,2011-08-01,12.3,4.80
31173,2011-09-01,10,4.17
31173,2011-10-01,10.3,2.80
31173,2011-11-01,9.9,2.00
31173,2011-12-01,8.9,1.63
31173,2012-01-01,9.3,0.90
31173,2012-02-01,8.9,0.57
31173,2012-03-01,8.9,0.50
31173,2012-04-01,7.9,0.03
31173,2012-05-01,7.9,0.00
31173,2012-06-01,9.1,0.07
31173,2012-07-01,10,0.77
31173,2012-08-01,9,1.13
31173,2012-09-01,8.1,0.80
31173,2012-10-01,8,0.13
31173,2012-11-01,7.5,0.00
31173,2012-12-01,7.1,0.00
31173,2013-01-01,7.2,0.00
31173,2013-02-01,7.1,0.00
31173,2013-03-01,6.8,0.00
31173,2013-04-01,7,0.00
31173,2013-05-01,7.2,0.03
31173,2013-06-01,8.7,0.67
31173,2013-07-01,8.8,1.27
31173,2013-08-01,8.5,1.70
31173,2013-09-01,7.1,1.17
31173,2013-10-01,7.4,0.70
31173,2013-11-01,7.4,0.33
31173,2013-12-01,7.2,0.37
31173,2014-01-01,7.6,0.43
31173,2014-02-01,6.5,0.13
31173,2014-03-01,6.5,0.00
31173,2014-04-01,5.5,0.00
31173,2014-05-01,5.5,0.00
31173,2014-06-01,6.7,0.07
31173,2014-07-01,6.3,0.33
31173,2014-08-01,6.5,0.67
31173,2014-09-01,5.9,0.40
31173,2014-10-01,5.4,0.10
31173,2014-11-01,5,0.00
31173,2014-12-01,4.6,0.00
31173,2015-01-01,5,0.00
31173,2015-02-01,4.8,0.00
31173,2015-03-01,4.7,0.03
31173,2015-04-01,4.9,0.00
31173,2015-05-01,4.8,0.00
31173,2015-06-01,5.9,0.40
31173,2015-07-01,6.5,0.93
31173,2015-08-01,5.8,1.27
31173,2015-09-01,5.3,1.07
31173,2015-10-01,5.1,0.60
31173,2015-11-01,5.4,0.47
31173,2015-12-01,4.9,0.33
31173,2016-01-01,4.9,0.27
31173,2016-02-01,5.1,0.17
31173,2016-03-01,4.9,0.17
31173,2016-04-01,4.9,0.17
31173,2016-05-01,4.7,0.03
31173,2016-06-01,5,0.03
31173,2016-07-01,4.8,0.00
31173,2016-08-01,4.4,0.00
31173,2016-09-01,4.7,0.00
31173,2016-10-01,5.1,0.10
31173,2016-11-01,5,0.30
31173,2016-12-01,5.1,0.43
31173,2017-01-01,5.2,0.47
31173,2017-02-01,5.4,0.60
31173,2017-03-01,5.1,0.60
31173,2017-04-01,4.7,0.43
31173,2017-05-01,4.9,0.27
31173,2017-06-01,5.3,0.33
31173,2017-07-01,5.6,0.63
31173,2017-08-01,4.8,0.60
31173,2017-09-01,5.1,0.53
31173,2017-10-01,4.4,0.03
31173,2017-11-01,5.3,0.17
31173,2017-12-01,4.8,0.07
31173,2018-01-01,4.9,0.23
31173,2018-02-01,4.7,0.03
31173,2018-03-01,4.4,0.00
31173,2018-04-01,4.1,0.00
31173,2018-05-01,4.1,0.00
31173,2018-06-01,4.9,0.17
31173,2018-07-01,4.7,0.37
31173,2018-08-01,3.9,0.30
31173,2018-09-01,3.4,0.00
31173,2018-10-01,3.6,0.00
31173,2018-11-01,4.1,0.07
31173,2018-12-01,3.6,0.13
31173,2019-01-01,4.1,0.30
31173,2019-02-01,5.4,0.73
31173,2019-03-01,5.4,1.33
31173,2019-04-01,4.5,1.47
31173,2019-05-01,4.1,1.03
31173,2019-06-01,5.2,0.97
31173,2019-07-01,5.2,1.20
31173,2019-08-01,4.5,1.33
31173,2019-09-01,4,0.93
31173,2019-10-01,3.9,0.50
31173,2019-11-01,4.6,0.47
31173,2019-12-01,4.3,0.50
31173,2020-01-01,4.3,0.47
31173,2020-02-01,4.1,0.10
31173,2020-03-01,6.2,0.73
31173,2020-04-01,9.8,2.57
31173,2020-05-01,9.5,4.37
31173,2020-06-01,8.2,5.03
31173,2020-07-01,6.5,3.93
31173,2020-08-01,4.1,2.13
31173,2020-09-01,3.6,0.60
31173,2020-10-01,2.7,0.00
31173,2020-11-01,2.6,0.00
31173,2020-12-01,2.6,0.00
31173,2021-01-01,3.2,0.17
31173,2021-02-01,2.9,0.27
31173,2021-03-01,3.4,0.53
31173,2021-04-01,3.6,0.67
31173,2021-05-01,3.5,0.87
31173,2021-06-01,4.6,1.27
31173,2021-07-01,4.9,1.70
31173,2021-08-01,3.7,1.77
31173,2021-09-01,3.3,1.33
31173,2021-10-01,3.2,0.77
31173,2021-11-01,2.8,0.47
31173,2021-12-01,2.6,0.23
31173,2022-01-01,2.9,0.00
31173,2022-02-01,2.7,0.00
31173,2022-03-01,2.6,0.00
31173,2022-04-01,3,0.03
31173,2022-05-01,3,0.13
31173,2022-06-01,3.7,0.50
31173,2022-07-01,5,1.17
31173,2022-08-01,3.5,1.33
31173,2022-09-01,2.9,1.07
31173,2022-10-01,3,0.40
31173,2022-11-01,2.9,0.20
31173,2022-12-01,2.6,0.10
31173,2023-01-01,2.5,0.00
31173,2023-02-01,2.4,0.00
31173,2023-03-01,2.5,0.00
31173,2023-04-01,2.5,0.00
31173,2023-05-01,2.8,0.13
31173,2023-06-01,3,0.30
31173,2023-07-01,3.3,0.57
31173,2023-08-01,2.5,0.47
31173,2023-09-01,2.5,0.30
31173,2023-10-01,2.8,0.13
31173,2023-11-01,2.5,0.13
31173,2023-12-01,2.7,0.20
31173,2024-01-01,2.2,0.00
31173,2024-02-01,2.3,0.00
31173,2024-03-01,2.1,0.00
31173,2024-04-01,1.8,0.00
31173,2024-05-01,2.5,0.07
31173,2024-06-01,3.5,0.53
31173,2024-07-01,3.3,1.03
31173,2024-08-01,3.2,1.27
31173,2024-09-01,2.6,0.97
31173,2024-10-01,2.7,0.77
31173,2024-11-01,2.9,0.67
31173,2024-12-01,2.6,0.67
31173,2025-01-01,3.1,0.80
31173,2025-02-01,3.4,0.97
31173,2025-03-01,3,1.10
31173,2025-04-01,3.2,1.13
31173,2025-05-01,3.4,1.07
31173,2025-06-01,3.6,0.80
31173,2025-07-01,3.6,0.80
31173,2025-08-01,3.1,0.70
31173,2025-09-01,2.8,0.43
31173,2025-10-01,2.95,0.22
31173,2025-11-01,3.1,0.22
31173,2025-12-01,2.7,0.18
31173,2026-01-01,3,0.07
31173,2026-02-01,3.2,0.05
31173,2026-03-01,2.6,0.02
31173,2026-04-01,2.8,0.00
31173,2026-05-01,3.3,0.03
31173,2026-06-01,3.5,0.33
31173,2026-07-01,3.3,0.50
31173,2026-08-01,2.9,0.37
31175,1990-01-01,3.6,NaN
31175,1990-02-01,4.1,NaN
31175,1990-03-01,3.2,NaN
31175,1990-04-01,2,NaN
31175,1990-05-01,1.5,NaN
31175,1990-06-01,1.5,NaN
31175,1990-07-01,1.6,NaN
31175,1990-08-01,1,NaN
31175,1990-09-01,0.7,NaN
31175,1990-10-01,0.7,NaN
31175,1990-11-01,1.1,NaN
31175,1990-12-01,1.5,NaN
31175,1991-01-01,4.2,NaN
31175,1991-02-01,3.9,NaN
31175,1991-03-01,2,2.57
31175,1991-04-01,1.3,1.60
31175,1991-05-01,1.3,0.73
31175,1991-06-01,1.5,0.57
31175,1991-07-01,1.5,0.63
31175,1991-08-01,1.2,0.60
31175,1991-09-01,1.3,0.53
31175,1991-10-01,0.8,0.30
31175,1991-11-01,2.5,0.70
31175,1991-12-01,2.8,0.93
31175,1992-01-01,3.7,1.90
31175,1992-02-01,3.5,2.23
31175,1992-03-01,2.9,2.27
31175,1992-04-01,2.1,1.73
31175,1992-05-01,1.4,1.03
31175,1992-06-01,2.2,0.80
31175,1992-07-01,1.6,0.63
31175,1992-08-01,1.3,0.60
31175,1992-09-01,1.3,0.30
31175,1992-10-01,1.5,0.27
31175,1992-11-01,1.7,0.13
31175,1992-12-01,2.8,0.63
31175,1993-01-01,3,1.13
31175,1993-02-01,3.3,1.67
31175,1993-03-01,3.1,1.77
31175,1993-04-01,1.9,1.40
31175,1993-05-01,1.9,0.93
31175,1993-06-01,2.4,0.70
31175,1993-07-01,2,0.73
31175,1993-08-01,2,0.77
31175,1993-09-01,2.3,0.73
31175,1993-10-01,2.2,0.80
31175,1993-11-01,2,0.67
31175,1993-12-01,2.3,0.17
31175,1994-01-01,3.2,0.43
31175,1994-02-01,3.4,0.90
31175,1994-03-01,3.7,1.37
31175,1994-04-01,2.2,1.03
31175,1994-05-01,2,0.57
31175,1994-06-01,2.7,0.23
31175,1994-07-01,2.2,0.20
31175,1994-08-01,2.1,0.23
31175,1994-09-01,1.8,0.00
31175,1994-10-01,1.8,0.00
31175,1994-11-01,2.1,0.00
31175,1994-12-01,2.4,0.20
31175,1995-01-01,3.1,0.63
31175,1995-02-01,2.2,0.67
31175,1995-03-01,2.1,0.57
31175,1995-04-01,2.3,0.30
31175,1995-05-01,2,0.23
31175,1995-06-01,2.3,0.30
31175,1995-07-01,2.1,0.23
31175,1995-08-01,1.9,0.20
31175,1995-09-01,1.5,0.00
31175,1995-10-01,1.5,0.00
31175,1995-11-01,1.5,0.00
31175,1995-12-01,2.4,0.30
31175,1996-01-01,2.9,0.77
31175,1996-02-01,2.9,1.23
31175,1996-03-01,2.6,1.30
31175,1996-04-01,1.7,0.90
31175,1996-05-01,2,0.60
31175,1996-06-01,2,0.40
31175,1996-07-01,2.3,0.60
31175,1996-08-01,1.6,0.47
31175,1996-09-01,1.4,0.27
31175,1996-10-01,1.4,0.00
31175,1996-11-01,1.7,0.03
31175,1996-12-01,2.1,0.27
31175,1997-01-01,3,0.80
31175,1997-02-01,2.8,1.17
31175,1997-03-01,2.4,1.27
31175,1997-04-01,1.9,0.90
31175,1997-05-01,1.5,0.47
31175,1997-06-01,1.9,0.30
31175,1997-07-01,1.6,0.20
31175,1997-08-01,1.7,0.27
31175,1997-09-01,2,0.30
31175,1997-10-01,1.4,0.23
31175,1997-11-01,1.4,0.10
31175,1997-12-01,2.1,0.03
31175,1998-01-01,3.2,0.63
31175,1998-02-01,3.1,1.20
31175,1998-03-01,2.7,1.40
31175,1998-04-01,2.4,1.13
31175,1998-05-01,2.1,0.80
31175,1998-06-01,2.5,0.73
31175,1998-07-01,2.4,0.73
31175,1998-08-01,1.9,0.67
31175,1998-09-01,2.3,0.60
31175,1998-10-01,1.8,0.40
31175,1998-11-01,2.2,0.50
31175,1998-12-01,2.6,0.57
31175,1999-01-01,3.8,0.87
31175,1999-02-01,3.5,1.30
31175,1999-03-01,3.3,1.53
31175,1999-04-01,2.6,1.13
31175,1999-05-01,2.1,0.67
31175,1999-06-01,2.5,0.40
31175,1999-07-01,2.2,0.27
31175,1999-08-01,2,0.23
31175,1999-09-01,1.8,0.00
31175,1999-10-01,1.6,0.00
31175,1999-11-01,1.9,0.00
31175,1999-12-01,2.3,0.17
31175,2000-01-01,3.3,0.73
31175,2000-02-01,2.9,1.07
31175,2000-03-01,2.8,1.23
31175,2000-04-01,2.6,1.00
31175,2000-05-01,2.6,0.90
31175,2000-06-01,3,0.97
31175,2000-07-01,2.5,0.93
31175,2000-08-01,2.3,0.83
31175,2000-09-01,2.1,0.53
31175,2000-10-01,2.5,0.53
31175,2000-11-01,3,0.77
31175,2000-12-01,2.8,0.83
31175,2001-01-01,4.2,1.03
31175,2001-02-01,4.4,1.50
31175,2001-03-01,4.1,1.93
31175,2001-04-01,2.9,1.50
31175,2001-05-01,2.4,0.83
31175,2001-06-01,2.6,0.33
31175,2001-07-01,2.5,0.20
31175,2001-08-01,2.6,0.27
31175,2001-09-01,2.7,0.30
31175,2001-10-01,2.8,0.40
31175,2001-11-01,3.3,0.43
31175,2001-12-01,3.3,0.63
31175,2002-01-01,4.3,1.13
31175,2002-02-01,3.8,1.30
31175,2002-03-01,3.5,1.37
31175,2002-04-01,3,0.93
31175,2002-05-01,2.3,0.43
31175,2002-06-01,2.7,0.17
31175,2002-07-01,2.6,0.03
31175,2002-08-01,2.2,0.00
31175,2002-09-01,2,0.00
31175,2002-10-01,2.2,0.00
31175,2002-11-01,2.5,0.10
31175,2002-12-01,2.7,0.33
31175,2003-01-01,4,0.93
31175,2003-02-01,3.8,1.37
31175,2003-03-01,3.8,1.73
31175,2003-04-01,3.4,1.53
31175,2003-05-01,3.2,1.33
31175,2003-06-01,3.5,1.23
31175,2003-07-01,3.7,1.33
31175,2003-08-01,3,1.27
31175,2003-09-01,3.2,1.17
31175,2003-10-01,2.7,0.83
31175,2003-11-01,2.9,0.70
31175,2003-12-01,3.2,0.47
31175,2004-01-01,4.1,0.47
31175,2004-02-01,3.7,0.73
31175,2004-03-01,3.6,0.87
31175,2004-04-01,2.9,0.47
31175,2004-05-01,2.8,0.17
31175,2004-06-01,3.3,0.07
31175,2004-07-01,3.3,0.20
31175,2004-08-01,3.2,0.33
31175,2004-09-01,3.3,0.33
31175,2004-10-01,3,0.23
31175,2004-11-01,3.1,0.20
31175,2004-12-01,3.4,0.23
31175,2005-01-01,4.6,0.70
31175,2005-02-01,4.1,1.03
31175,2005-03-01,3.9,1.20
31175,2005-04-01,3.6,0.87
31175,2005-05-01,3.5,0.67
31175,2005-06-01,3.6,0.57
31175,2005-07-01,3.3,0.33
31175,2005-08-01,3,0.17
31175,2005-09-01,3,0.00
31175,2005-10-01,2.8,0.00
31175,2005-11-01,3,0.00
31175,2005-12-01,3.2,0.07
31175,2006-01-01,3.4,0.27
31175,2006-02-01,2.8,0.20
31175,2006-03-01,2.9,0.10
31175,2006-04-01,2.4,0.00
31175,2006-05-01,2.2,0.00
31175,2006-06-01,2.4,0.00
31175,2006-07-01,2.4,0.00
31175,2006-08-01,2.3,0.03
31175,2006-09-01,2.2,0.00
31175,2006-10-01,2.1,0.00
31175,2006-11-01,2.1,0.00
31175,2006-12-01,2.3,0.03
31175,2007-01-01,3.2,0.40
31175,2007-02-01,2.9,0.67
31175,2007-03-01,2.6,0.77
31175,2007-04-01,2.5,0.53
31175,2007-05-01,2.1,0.27
31175,2007-06-01,2.3,0.17
31175,2007-07-01,2.4,0.13
31175,2007-08-01,1.8,0.03
31175,2007-09-01,1.8,0.00
31175,2007-10-01,2.1,0.00
31175,2007-11-01,2.4,0.20
31175,2007-12-01,2.3,0.37
31175,2008-01-01,3.8,0.93
31175,2008-02-01,3.6,1.33
31175,2008-03-01,3.2,1.63
31175,2008-04-01,2.6,1.23
31175,2008-05-01,2.1,0.73
31175,2008-06-01,2.5,0.50
31175,2008-07-01,2.2,0.37
31175,2008-08-01,2,0.33
31175,2008-09-01,2.2,0.23
31175,2008-10-01,2.3,0.27
31175,2008-11-01,2.6,0.27
31175,2008-12-01,3.5,0.67
31175,2009-01-01,4.2,1.30
31175,2009-02-01,4.2,1.83
31175,2009-03-01,4,2.00
31175,2009-04-01,3.4,1.73
31175,2009-05-01,3.3,1.43
31175,2009-06-01,3.1,1.13
31175,2009-07-01,3,1.00
31175,2009-08-01,2.4,0.70
31175,2009-09-01,2.9,0.63
31175,2009-10-01,3.1,0.63
31175,2009-11-01,2.8,0.57
31175,2009-12-01,3.5,0.37
31175,2010-01-01,5.8,1.27
31175,2010-02-01,5.3,2.10
31175,2010-03-01,5.2,2.67
31175,2010-04-01,4.5,2.23
31175,2010-05-01,4.2,1.87
31175,2010-06-01,4.6,1.67
31175,2010-07-01,4.2,1.57
31175,2010-08-01,3.9,1.47
31175,2010-09-01,4.1,1.30
31175,2010-10-01,3.8,1.13
31175,2010-11-01,3.7,0.93
31175,2010-12-01,3.8,0.63
31175,2011-01-01,4.5,0.23
31175,2011-02-01,4.8,0.60
31175,2011-03-01,4.6,0.87
31175,2011-04-01,4.1,0.73
31175,2011-05-01,3.8,0.40
31175,2011-06-01,4.2,0.27
31175,2011-07-01,3.8,0.17
31175,2011-08-01,3.5,0.07
31175,2011-09-01,3.7,0.00
31175,2011-10-01,3.6,0.00
31175,2011-11-01,3.4,0.00
31175,2011-12-01,3.9,0.07
31175,2012-01-01,4.2,0.27
31175,2012-02-01,4.5,0.63
31175,2012-03-01,3.9,0.63
31175,2012-04-01,3.3,0.33
31175,2012-05-01,3.3,0.00
31175,2012-06-01,3.6,0.00
31175,2012-07-01,3.7,0.13
31175,2012-08-01,2.8,0.00
31175,2012-09-01,2.8,0.00
31175,2012-10-01,2.9,0.00
31175,2012-11-01,2.3,0.00
31175,2012-12-01,3.6,0.27
31175,2013-01-01,4.7,0.87
31175,2013-02-01,4.1,1.47
31175,2013-03-01,3.7,1.50
31175,2013-04-01,3.3,1.03
31175,2013-05-01,3,0.67
31175,2013-06-01,3.5,0.60
31175,2013-07-01,3.1,0.53
31175,2013-08-01,2.7,0.43
31175,2013-09-01,2.8,0.20
31175,2013-10-01,2.6,0.03
31175,2013-11-01,2.6,0.00
31175,2013-12-01,2.9,0.03
31175,2014-01-01,3.9,0.47
31175,2014-02-01,4.1,0.97
31175,2014-03-01,3.6,1.20
31175,2014-04-01,2.7,0.80
31175,2014-05-01,2.7,0.33
31175,2014-06-01,3.2,0.20
31175,2014-07-01,3.1,0.33
31175,2014-08-01,2.7,0.33
31175,2014-09-01,2.6,0.13
31175,2014-10-01,2.4,0.00
31175,2014-11-01,2,0.00
31175,2014-12-01,2.5,0.00
31175,2015-01-01,3.3,0.30
31175,2015-02-01,3.3,0.73
31175,2015-03-01,3,0.90
31175,2015-04-01,2.7,0.70
31175,2015-05-01,2.9,0.57
31175,2015-06-01,2.9,0.53
31175,2015-07-01,2.6,0.50
31175,2015-08-01,2.3,0.30
31175,2015-09-01,2.4,0.13
31175,2015-10-01,2.8,0.20
31175,2015-11-01,2.4,0.23
31175,2015-12-01,2.8,0.37
31175,2016-01-01,2.9,0.27
31175,2016-02-01,2.9,0.43
31175,2016-03-01,2.8,0.43
31175,2016-04-01,2.4,0.27
31175,2016-05-01,2.3,0.07
31175,2016-06-01,2.8,0.07
31175,2016-07-01,2.7,0.17
31175,2016-08-01,2.7,0.30
31175,2016-09-01,2.7,0.27
31175,2016-10-01,2.8,0.23
31175,2016-11-01,2.5,0.17
31175,2016-12-01,2.7,0.17
31175,2017-01-01,2.9,0.20
31175,2017-02-01,3.2,0.43
31175,2017-03-01,2.8,0.47
31175,2017-04-01,2.5,0.33
31175,2017-05-01,2.4,0.07
31175,2017-06-01,2.5,0.00
31175,2017-07-01,2.3,0.00
31175,2017-08-01,2.4,0.00
31175,2017-09-01,2.1,0.00
31175,2017-10-01,2.1,0.00
31175,2017-11-01,2.4,0.00
31175,2017-12-01,2.5,0.13
31175,2018-01-01,3.1,0.47
31175,2018-02-01,3.6,0.87
31175,2018-03-01,3.4,1.17
31175,2018-04-01,3,1.13
31175,2018-05-01,2.3,0.70
31175,2018-06-01,2.8,0.50
31175,2018-07-01,2.7,0.40
31175,2018-08-01,2.7,0.53
31175,2018-09-01,2.3,0.37
31175,2018-10-01,2.8,0.40
31175,2018-11-01,2.3,0.27
31175,2018-12-01,3.1,0.40
31175,2019-01-01,3.8,0.60
31175,2019-02-01,3.8,1.10
31175,2019-03-01,3.6,1.27
31175,2019-04-01,2.9,0.97
31175,2019-05-01,3.1,0.73
31175,2019-06-01,3.3,0.63
31175,2019-07-01,3.2,0.73
31175,2019-08-01,2.7,0.60
31175,2019-09-01,2.5,0.33
31175,2019-10-01,2.6,0.13
31175,2019-11-01,2.6,0.10
31175,2019-12-01,2.6,0.03
31175,2020-01-01,3.1,0.20
31175,2020-02-01,2.7,0.23
31175,2020-03-01,4.3,0.80
31175,2020-04-01,4.8,1.37
31175,2020-05-01,3.4,1.60
31175,2020-06-01,3.3,1.27
31175,2020-07-01,2.6,0.53
31175,2020-08-01,2.1,0.10
31175,2020-09-01,1.6,0.00
31175,2020-10-01,1.4,0.00
31175,2020-11-01,1.4,0.00
31175,2020-12-01,1.7,0.03
31175,2021-01-01,2.5,0.40
31175,2021-02-01,2.6,0.80
31175,2021-03-01,2.4,1.03
31175,2021-04-01,2.2,0.93
31175,2021-05-01,2.2,0.80
31175,2021-06-01,2.9,0.97
31175,2021-07-01,2.3,1.00
31175,2021-08-01,1.9,0.90
31175,2021-09-01,1.7,0.50
31175,2021-10-01,1.8,0.33
31175,2021-11-01,1.3,0.13
31175,2021-12-01,1.6,0.07
31175,2022-01-01,2,0.07
31175,2022-02-01,1.9,0.27
31175,2022-03-01,2,0.40
31175,2022-04-01,1.4,0.20
31175,2022-05-01,1.7,0.13
31175,2022-06-01,2.3,0.23
31175,2022-07-01,2.2,0.50
31175,2022-08-01,1.7,0.50
31175,2022-09-01,1.7,0.30
31175,2022-10-01,2,0.23
31175,2022-11-01,2,0.33
31175,2022-12-01,2,0.43
31175,2023-01-01,2.1,0.40
31175,2023-02-01,2.4,0.47
31175,2023-03-01,2,0.47
31175,2023-04-01,1.4,0.23
31175,2023-05-01,1.7,0.00
31175,2023-06-01,2.3,0.10
31175,2023-07-01,2,0.30
31175,2023-08-01,2,0.40
31175,2023-09-01,2.1,0.33
31175,2023-10-01,2.3,0.43
31175,2023-11-01,1.9,0.40
31175,2023-12-01,2.1,0.40
31175,2024-01-01,2.3,0.40
31175,2024-02-01,2.5,0.60
31175,2024-03-01,2.2,0.63
31175,2024-04-01,1.4,0.33
31175,2024-05-01,2.1,0.20
31175,2024-06-01,2.6,0.23
31175,2024-07-01,2.1,0.37
31175,2024-08-01,2,0.33
31175,2024-09-01,1.8,0.07
31175,2024-10-01,2.1,0.07
31175,2024-11-01,2.2,0.13
31175,2024-12-01,1.9,0.17
31175,2025-01-01,2.5,0.30
31175,2025-02-01,2.8,0.50
31175,2025-03-01,2.8,0.80
31175,2025-04-01,2.9,0.93
31175,2025-05-01,2.9,0.97
31175,2025-06-01,2.9,0.93
31175,2025-07-01,2.3,0.73
31175,2025-08-01,2.1,0.47
31175,2025-09-01,2.2,0.23
31175,2025-10-01,2.4,0.27
31175,2025-11-01,2.6,0.37
31175,2025-12-01,2.3,0.37
31175,2026-01-01,2.5,0.27
31175,2026-02-01,2.6,0.27
31175,2026-03-01,2.3,0.27
31175,2026-04-01,2.1,0.13
31175,2026-05-01,2.2,0.00
31175,2026-06-01,2.5,0.07
31175,2026-07-01,2.2,0.10
31175,2026-08-01,2,0.03
31177,1990-01-01,3,NaN
31177,1990-02-01,2.7,NaN
31177,1990-03-01,2.6,NaN
31177,1990-04-01,2.1,NaN
31177,1990-05-01,2.2,NaN
31177,1990-06-01,2.5,NaN
31177,1990-07-01,2.6,NaN
31177,1990-08-01,2.1,NaN
31177,1990-09-01,2.5,NaN
31177,1990-10-01,1.8,NaN
31177,1990-11-01,1.6,NaN
31177,1990-12-01,1.9,NaN
31177,1991-01-01,3.4,NaN
31177,1991-02-01,3.3,NaN
31177,1991-03-01,3,1.47
31177,1991-04-01,2.1,1.03
31177,1991-05-01,2.6,0.80
31177,1991-06-01,3,0.80
31177,1991-07-01,2.8,1.03
31177,1991-08-01,2.5,1.00
31177,1991-09-01,2.7,0.90
31177,1991-10-01,2.3,0.73
31177,1991-11-01,2.4,0.70
31177,1991-12-01,2.4,0.60
31177,1992-01-01,3.1,0.33
31177,1992-02-01,3,0.47
31177,1992-03-01,2.7,0.57
31177,1992-04-01,2,0.20
31177,1992-05-01,2.4,0.00
31177,1992-06-01,3.1,0.13
31177,1992-07-01,2.5,0.30
31177,1992-08-01,2.1,0.20
31177,1992-09-01,1.7,0.00
31177,1992-10-01,1.9,0.00
31177,1992-11-01,1.9,0.00
31177,1992-12-01,2.5,0.27
31177,1993-01-01,3.6,0.83
31177,1993-02-01,3.3,1.30
31177,1993-03-01,3,1.47
31177,1993-04-01,2.2,1.00
31177,1993-05-01,2,0.57
31177,1993-06-01,2.7,0.47
31177,1993-07-01,2.2,0.47
31177,1993-08-01,2,0.47
31177,1993-09-01,2.1,0.27
31177,1993-10-01,1.8,0.13
31177,1993-11-01,1.7,0.03
31177,1993-12-01,2.1,0.00
31177,1994-01-01,2.8,0.33
31177,1994-02-01,3.4,0.90
31177,1994-03-01,2.8,1.13
31177,1994-04-01,1.9,0.83
31177,1994-05-01,1.7,0.27
31177,1994-06-01,2.3,0.10
31177,1994-07-01,2,0.13
31177,1994-08-01,1.9,0.20
31177,1994-09-01,1.8,0.03
31177,1994-10-01,1.5,0.00
31177,1994-11-01,1.6,0.00
31177,1994-12-01,2.1,0.10
31177,1995-01-01,2.9,0.57
31177,1995-02-01,2.4,0.83
31177,1995-03-01,2.2,0.87
31177,1995-04-01,2.3,0.67
31177,1995-05-01,2.2,0.60
31177,1995-06-01,2.2,0.60
31177,1995-07-01,2.1,0.53
31177,1995-08-01,1.5,0.30
31177,1995-09-01,1.7,0.13
31177,1995-10-01,1.7,0.00
31177,1995-11-01,1.6,0.03
31177,1995-12-01,2.1,0.17
31177,1996-01-01,2.4,0.40
31177,1996-02-01,2.1,0.57
31177,1996-03-01,2,0.53
31177,1996-04-01,1.7,0.30
31177,1996-05-01,2,0.27
31177,1996-06-01,2.3,0.37
31177,1996-07-01,2,0.47
31177,1996-08-01,1.6,0.33
31177,1996-09-01,1.7,0.13
31177,1996-10-01,1.6,0.00
31177,1996-11-01,1.8,0.07
31177,1996-12-01,1.9,0.13
31177,1997-01-01,2.4,0.40
31177,1997-02-01,2.4,0.60
31177,1997-03-01,1.7,0.53
31177,1997-04-01,1.5,0.23
31177,1997-05-01,1.7,0.00
31177,1997-06-01,2.1,0.13
31177,1997-07-01,1.7,0.20
31177,1997-08-01,1.4,0.10
31177,1997-09-01,1.5,0.00
31177,1997-10-01,1.3,0.00
31177,1997-11-01,1.4,0.00
31177,1997-12-01,1.7,0.07
31177,1998-01-01,2.3,0.40
31177,1998-02-01,2.3,0.70
31177,1998-03-01,2.5,0.97
31177,1998-04-01,1.6,0.73
31177,1998-05-01,1.5,0.47
31177,1998-06-01,1.9,0.27
31177,1998-07-01,1.7,0.30
31177,1998-08-01,1.8,0.40
31177,1998-09-01,1.9,0.40
31177,1998-10-01,1.8,0.43
31177,1998-11-01,1.8,0.43
31177,1998-12-01,1.6,0.27
31177,1999-01-01,2.5,0.30
31177,1999-02-01,2.2,0.43
31177,1999-03-01,2.2,0.63
31177,1999-04-01,2.1,0.50
31177,1999-05-01,1.8,0.37
31177,1999-06-01,2.5,0.47
31177,1999-07-01,2.4,0.53
31177,1999-08-01,2.1,0.60
31177,1999-09-01,1.9,0.40
31177,1999-10-01,1.6,0.13
31177,1999-11-01,1.4,0.00
31177,1999-12-01,1.8,0.00
31177,2000-01-01,2.9,0.43
31177,2000-02-01,3,0.97
31177,2000-03-01,2.8,1.30
31177,2000-04-01,2.4,1.13
31177,2000-05-01,2.4,0.93
31177,2000-06-01,2.7,0.90
31177,2000-07-01,2.6,0.97
31177,2000-08-01,2.3,0.93
31177,2000-09-01,2.1,0.73
31177,2000-10-01,2.1,0.57
31177,2000-11-01,2,0.47
31177,2000-12-01,2,0.43
31177,2001-01-01,3,0.30
31177,2001-02-01,2.9,0.60
31177,2001-03-01,3,0.93
31177,2001-04-01,2.6,0.80
31177,2001-05-01,2.6,0.70
31177,2001-06-01,3.1,0.73
31177,2001-07-01,2.9,0.83
31177,2001-08-01,2.7,0.87
31177,2001-09-01,2.8,0.77
31177,2001-10-01,2.6,0.67
31177,2001-11-01,2.7,0.67
31177,2001-12-01,2.8,0.67
31177,2002-01-01,3.5,0.67
31177,2002-02-01,3.5,0.63
31177,2002-03-01,3.2,0.70
31177,2002-04-01,2.9,0.50
31177,2002-05-01,2.5,0.17
31177,2002-06-01,3.1,0.13
31177,2002-07-01,2.8,0.10
31177,2002-08-01,2.6,0.13
31177,2002-09-01,2.6,0.00
31177,2002-10-01,2.5,0.00
31177,2002-11-01,2.6,0.00
31177,2002-12-01,2.9,0.10
31177,2003-01-01,3.3,0.37
31177,2003-02-01,3.6,0.70
31177,2003-03-01,3.5,0.90
31177,2003-04-01,3.1,0.83
31177,2003-05-01,2.9,0.60
31177,2003-06-01,3.4,0.57
31177,2003-07-01,3.3,0.63
31177,2003-08-01,2.7,0.57
31177,2003-09-01,2.8,0.37
31177,2003-10-01,2.8,0.20
31177,2003-11-01,2.9,0.27
31177,2003-12-01,2.7,0.13
31177,2004-01-01,3.8,0.37
31177,2004-02-01,3.7,0.63
31177,2004-03-01,3.5,0.90
31177,2004-04-01,3.1,0.67
31177,2004-05-01,3.2,0.50
31177,2004-06-01,3.6,0.53
31177,2004-07-01,3.2,0.57
31177,2004-08-01,2.9,0.47
31177,2004-09-01,3,0.27
31177,2004-10-01,2.9,0.17
31177,2004-11-01,2.9,0.13
31177,2004-12-01,3.2,0.20
31177,2005-01-01,4.4,0.57
31177,2005-02-01,4.1,0.97
31177,2005-03-01,3.7,1.13
31177,2005-04-01,3.1,0.70
31177,2005-05-01,3.3,0.43
31177,2005-06-01,3.3,0.30
31177,2005-07-01,3.1,0.30
31177,2005-08-01,2.8,0.13
31177,2005-09-01,3,0.03
31177,2005-10-01,2.9,0.00
31177,2005-11-01,2.9,0.03
31177,2005-12-01,3.2,0.10
31177,2006-01-01,3.3,0.23
31177,2006-02-01,3.5,0.43
31177,2006-03-01,3,0.37
31177,2006-04-01,2.7,0.17
31177,2006-05-01,2.5,0.00
31177,2006-06-01,3.2,0.07
31177,2006-07-01,2.9,0.13
31177,2006-08-01,2.6,0.17
31177,2006-09-01,2.4,0.00
31177,2006-10-01,2.4,0.00
31177,2006-11-01,2.5,0.00
31177,2006-12-01,2.9,0.17
31177,2007-01-01,3.4,0.50
31177,2007-02-01,3.5,0.83
31177,2007-03-01,2.8,0.80
31177,2007-04-01,2.7,0.57
31177,2007-05-01,2.9,0.37
31177,2007-06-01,3.4,0.57
31177,2007-07-01,3.1,0.70
31177,2007-08-01,2.4,0.53
31177,2007-09-01,2.3,0.17
31177,2007-10-01,2.1,0.00
31177,2007-11-01,2.5,0.03
31177,2007-12-01,2.7,0.17
31177,2008-01-01,3.4,0.60
31177,2008-02-01,3.3,0.87
31177,2008-03-01,3.1,1.00
31177,2008-04-01,2.5,0.70
31177,2008-05-01,2.8,0.53
31177,2008-06-01,3.1,0.53
31177,2008-07-01,3,0.70
31177,2008-08-01,3,0.77
31177,2008-09-01,2.8,0.67
31177,2008-10-01,2.9,0.63
31177,2008-11-01,3.1,0.63
31177,2008-12-01,3.5,0.73
31177,2009-01-01,4.8,1.00
31177,2009-02-01,4.9,1.60
31177,2009-03-01,4.9,2.07
31177,2009-04-01,4.6,2.00
31177,2009-05-01,4.7,1.93
31177,2009-06-01,4.8,1.90
31177,2009-07-01,4.7,1.83
31177,2009-08-01,4.4,1.73
31177,2009-09-01,4.4,1.60
31177,2009-10-01,4,1.37
31177,2009-11-01,4.1,1.23
31177,2009-12-01,4.7,1.10
31177,2010-01-01,5.6,1.00
31177,2010-02-01,5.7,1.17
31177,2010-03-01,5.3,1.37
31177,2010-04-01,4.4,0.97
31177,2010-05-01,4.3,0.50
31177,2010-06-01,4.6,0.27
31177,2010-07-01,4.6,0.33
31177,2010-08-01,4.3,0.33
31177,2010-09-01,4.2,0.20
31177,2010-10-01,4,0.00
31177,2010-11-01,4.1,0.00
31177,2010-12-01,4.1,0.00
31177,2011-01-01,5,0.33
31177,2011-02-01,4.9,0.60
31177,2011-03-01,4.8,0.83
31177,2011-04-01,4.2,0.57
31177,2011-05-01,4.2,0.33
31177,2011-06-01,4.7,0.30
31177,2011-07-01,4.5,0.40
31177,2011-08-01,4.1,0.37
31177,2011-09-01,4.1,0.17
31177,2011-10-01,3.8,0.00
31177,2011-11-01,3.7,0.00
31177,2011-12-01,3.9,0.00
31177,2012-01-01,4.4,0.20
31177,2012-02-01,4.3,0.40
31177,2012-03-01,3.9,0.40
31177,2012-04-01,3.5,0.10
31177,2012-05-01,3.6,0.00
31177,2012-06-01,3.8,0.00
31177,2012-07-01,3.9,0.13
31177,2012-08-01,3.6,0.13
31177,2012-09-01,3.2,0.00
31177,2012-10-01,3.3,0.00
31177,2012-11-01,3.1,0.00
31177,2012-12-01,3.6,0.13
31177,2013-01-01,4.4,0.50
31177,2013-02-01,4.2,0.87
31177,2013-03-01,3.8,0.93
31177,2013-04-01,3.6,0.67
31177,2013-05-01,3.5,0.43
31177,2013-06-01,3.9,0.47
31177,2013-07-01,3.7,0.50
31177,2013-08-01,3.4,0.47
31177,2013-09-01,3.4,0.30
31177,2013-10-01,3.3,0.17
31177,2013-11-01,3,0.03
31177,2013-12-01,3.2,0.00
31177,2014-01-01,3.9,0.20
31177,2014-02-01,4,0.53
31177,2014-03-01,3.8,0.73
31177,2014-04-01,3,0.43
31177,2014-05-01,3.2,0.17
31177,2014-06-01,3.4,0.03
31177,2014-07-01,3.4,0.17
31177,2014-08-01,3.1,0.13
31177,2014-09-01,2.9,0.00
31177,2014-10-01,2.5,0.00
31177,2014-11-01,2.4,0.00
31177,2014-12-01,2.8,0.00
31177,2015-01-01,3.2,0.23
31177,2015-02-01,3.2,0.50
31177,2015-03-01,3.1,0.60
31177,2015-04-01,2.8,0.47
31177,2015-05-01,3,0.40
31177,2015-06-01,3.3,0.47
31177,2015-07-01,3.3,0.63
31177,2015-08-01,2.9,0.60
31177,2015-09-01,2.9,0.47
31177,2015-10-01,2.7,0.27
31177,2015-11-01,2.6,0.17
31177,2015-12-01,2.9,0.17
31177,2016-01-01,3.6,0.30
31177,2016-02-01,3.6,0.63
31177,2016-03-01,3.3,0.77
31177,2016-04-01,3.2,0.63
31177,2016-05-01,3,0.43
31177,2016-06-01,3.5,0.50
31177,2016-07-01,3.4,0.57
31177,2016-08-01,3.1,0.60
31177,2016-09-01,3.1,0.47
31177,2016-10-01,3.1,0.37
31177,2016-11-01,2.8,0.27
31177,2016-12-01,3.2,0.30
31177,2017-01-01,3.6,0.20
31177,2017-02-01,3.7,0.50
31177,2017-03-01,3.3,0.53
31177,2017-04-01,3.1,0.37
31177,2017-05-01,3.1,0.17
31177,2017-06-01,3.2,0.13
31177,2017-07-01,3.1,0.13
31177,2017-08-01,3,0.10
31177,2017-09-01,2.8,0.00
31177,2017-10-01,2.7,0.00
31177,2017-11-01,2.9,0.00
31177,2017-12-01,2.8,0.00
31177,2018-01-01,3.3,0.20
31177,2018-02-01,3.5,0.40
31177,2018-03-01,3.1,0.50
31177,2018-04-01,2.9,0.37
31177,2018-05-01,2.6,0.07
31177,2018-06-01,3.2,0.10
31177,2018-07-01,3.1,0.17
31177,2018-08-01,2.7,0.20
31177,2018-09-01,2.5,0.00
31177,2018-10-01,2.7,0.00
31177,2018-11-01,2.4,0.00
31177,2018-12-01,2.7,0.07
31177,2019-01-01,3.5,0.33
31177,2019-02-01,3.5,0.70
31177,2019-03-01,3.5,0.97
31177,2019-04-01,2.7,0.70
31177,2019-05-01,2.9,0.50
31177,2019-06-01,3.3,0.43
31177,2019-07-01,3.3,0.63
31177,2019-08-01,2.8,0.60
31177,2019-09-01,2.6,0.37
31177,2019-10-01,2.7,0.17
31177,2019-11-01,2.5,0.07
31177,2019-12-01,2.4,0.00
31177,2020-01-01,3.2,0.17
31177,2020-02-01,3,0.33
31177,2020-03-01,5.1,1.23
31177,2020-04-01,6.6,2.37
31177,2020-05-01,5.3,3.13
31177,2020-06-01,4.6,2.97
31177,2020-07-01,3.5,1.93
31177,2020-08-01,2.7,1.07
31177,2020-09-01,2.6,0.40
31177,2020-10-01,2,0.00
31177,2020-11-01,1.9,0.00
31177,2020-12-01,2.1,0.00
31177,2021-01-01,2.8,0.27
31177,2021-02-01,2.9,0.60
31177,2021-03-01,2.8,0.83
31177,2021-04-01,2.6,0.77
31177,2021-05-01,2.4,0.60
31177,2021-06-01,2.9,0.63
31177,2021-07-01,2.5,0.60
31177,2021-08-01,2.4,0.60
31177,2021-09-01,2,0.30
31177,2021-10-01,2,0.13
31177,2021-11-01,1.7,0.00
31177,2021-12-01,1.4,0.00
31177,2022-01-01,2.2,0.07
31177,2022-02-01,2.2,0.23
31177,2022-03-01,2.1,0.47
31177,2022-04-01,1.7,0.30
31177,2022-05-01,1.8,0.17
31177,2022-06-01,2.4,0.27
31177,2022-07-01,2.2,0.43
31177,2022-08-01,2.1,0.53
31177,2022-09-01,1.8,0.33
31177,2022-10-01,1.9,0.23
31177,2022-11-01,1.9,0.17
31177,2022-12-01,1.8,0.17
31177,2023-01-01,2,0.13
31177,2023-02-01,2.2,0.13
31177,2023-03-01,2,0.20
31177,2023-04-01,1.8,0.13
31177,2023-05-01,2.2,0.13
31177,2023-06-01,2.6,0.33
31177,2023-07-01,2.3,0.50
31177,2023-08-01,2.2,0.50
31177,2023-09-01,2.2,0.37
31177,2023-10-01,2.3,0.37
31177,2023-11-01,2,0.30
31177,2023-12-01,2.1,0.27
31177,2024-01-01,2.7,0.37
31177,2024-02-01,2.8,0.53
31177,2024-03-01,2.4,0.63
31177,2024-04-01,1.9,0.37
31177,2024-05-01,2.3,0.20
31177,2024-06-01,3,0.27
31177,2024-07-01,2.6,0.50
31177,2024-08-01,2.4,0.53
31177,2024-09-01,2.2,0.27
31177,2024-10-01,2.4,0.20
31177,2024-11-01,2.3,0.17
31177,2024-12-01,2.3,0.20
31177,2025-01-01,2.8,0.27
31177,2025-02-01,3,0.50
31177,2025-03-01,2.5,0.57
31177,2025-04-01,2.5,0.47
31177,2025-05-01,2.5,0.30
31177,2025-06-01,2.9,0.33
31177,2025-07-01,2.7,0.40
31177,2025-08-01,2.6,0.43
31177,2025-09-01,2.6,0.33
31177,2025-10-01,2.75,0.35
31177,2025-11-01,2.9,0.45
31177,2025-12-01,2.7,0.45
31177,2026-01-01,2.8,0.33
31177,2026-02-01,3,0.33
31177,2026-03-01,2.4,0.23
31177,2026-04-01,2,0.00
31177,2026-05-01,2.3,0.00
31177,2026-06-01,2.8,0.13
31177,2026-07-01,2.5,0.30
31177,2026-08-01,2.3,0.30
31179,1990-01-01,2.9,NaN
31179,1990-02-01,2.5,NaN
31179,1990-03-01,2.7,NaN
31179,1990-04-01,2.2,NaN
31179,1990-05-01,2.4,NaN
31179,1990-06-01,3.3,NaN
31179,1990-07-01,3.3,NaN
31179,1990-08-01,2.8,NaN
31179,1990-09-01,2.3,NaN
31179,1990-10-01,2.3,NaN
31179,1990-11-01,2.1,NaN
31179,1990-12-01,1.8,NaN
31179,1991-01-01,2.9,NaN
31179,1991-02-01,2.5,NaN
31179,1991-03-01,2.3,0.50
31179,1991-04-01,2.1,0.23
31179,1991-05-01,3.1,0.43
31179,1991-06-01,3.7,0.90
31179,1991-07-01,3.4,1.33
31179,1991-08-01,2.6,1.17
31179,1991-09-01,2.5,0.77
31179,1991-10-01,2.4,0.43
31179,1991-11-01,2.2,0.30
31179,1991-12-01,2.3,0.23
31179,1992-01-01,2.7,0.13
31179,1992-02-01,2.5,0.20
31179,1992-03-01,2.7,0.33
31179,1992-04-01,2.5,0.27
31179,1992-05-01,3,0.43
31179,1992-06-01,3.8,0.80
31179,1992-07-01,3.1,1.00
31179,1992-08-01,2.9,0.97
31179,1992-09-01,2.7,0.60
31179,1992-10-01,2.8,0.50
31179,1992-11-01,2.4,0.33
31179,1992-12-01,2.4,0.23
31179,1993-01-01,2.9,0.17
31179,1993-02-01,2.6,0.13
31179,1993-03-01,3.4,0.43
31179,1993-04-01,2.6,0.33
31179,1993-05-01,3.1,0.50
31179,1993-06-01,3.7,0.60
31179,1993-07-01,3.2,0.80
31179,1993-08-01,2.6,0.63
31179,1993-09-01,2.5,0.23
31179,1993-10-01,2.6,0.03
31179,1993-11-01,2.1,0.00
31179,1993-12-01,2.6,0.03
31179,1994-01-01,3.3,0.27
31179,1994-02-01,3.1,0.60
31179,1994-03-01,3.2,0.80
31179,1994-04-01,2.4,0.50
31179,1994-05-01,2.9,0.43
31179,1994-06-01,3.8,0.63
31179,1994-07-01,3.3,0.93
31179,1994-08-01,2.9,0.93
31179,1994-09-01,2.7,0.57
31179,1994-10-01,2.5,0.30
31179,1994-11-01,2.7,0.23
31179,1994-12-01,2.4,0.10
31179,1995-01-01,3.2,0.23
31179,1995-02-01,2.7,0.23
31179,1995-03-01,2.6,0.30
31179,1995-04-01,2.8,0.17
31179,1995-05-01,3.2,0.33
31179,1995-06-01,3.6,0.67
31179,1995-07-01,3.4,0.87
31179,1995-08-01,3.1,0.83
31179,1995-09-01,2.8,0.57
31179,1995-10-01,2.7,0.33
31179,1995-11-01,2.7,0.20
31179,1995-12-01,2.5,0.10
31179,1996-01-01,3.3,0.20
31179,1996-02-01,3.3,0.40
31179,1996-03-01,3.8,0.83
31179,1996-04-01,3.1,0.77
31179,1996-05-01,3.4,0.80
31179,1996-06-01,4.1,0.90
31179,1996-07-01,4,1.20
31179,1996-08-01,3.4,1.20
31179,1996-09-01,2.9,0.80
31179,1996-10-01,2.9,0.43
31179,1996-11-01,2.8,0.23
31179,1996-12-01,2.4,0.07
31179,1997-01-01,3,0.03
31179,1997-02-01,2.6,0.00
31179,1997-03-01,2.9,0.17
31179,1997-04-01,2.2,0.00
31179,1997-05-01,3,0.13
31179,1997-06-01,3.5,0.33
31179,1997-07-01,3.5,0.77
31179,1997-08-01,2.9,0.73
31179,1997-09-01,2.8,0.50
31179,1997-10-01,2.8,0.27
31179,1997-11-01,2.2,0.03
31179,1997-12-01,2,0.00
31179,1998-01-01,2.6,0.00
31179,1998-02-01,2.7,0.17
31179,1998-03-01,2.8,0.43
31179,1998-04-01,2.4,0.37
31179,1998-05-01,3.1,0.50
31179,1998-06-01,3.9,0.87
31179,1998-07-01,7.3,2.50
31179,1998-08-01,3.5,2.63
31179,1998-09-01,2.8,2.27
31179,1998-10-01,2.8,0.77
31179,1998-11-01,2.5,0.43
31179,1998-12-01,2.4,0.30
31179,1999-01-01,2.9,0.33
31179,1999-02-01,3,0.33
31179,1999-03-01,3.2,0.47
31179,1999-04-01,2.7,0.40
31179,1999-05-01,3.4,0.53
31179,1999-06-01,4.6,1.00
31179,1999-07-01,4.6,1.63
31179,1999-08-01,3.9,1.80
31179,1999-09-01,3.4,1.40
31179,1999-10-01,3.3,0.97
31179,1999-11-01,3.4,0.80
31179,1999-12-01,3,0.67
31179,2000-01-01,2.5,0.37
31179,2000-02-01,2.4,0.00
31179,2000-03-01,2.2,0.00
31179,2000-04-01,2.3,0.00
31179,2000-05-01,2.7,0.10
31179,2000-06-01,3.3,0.47
31179,2000-07-01,3,0.70
31179,2000-08-01,2.7,0.70
31179,2000-09-01,2.3,0.37
31179,2000-10-01,2.5,0.20
31179,2000-11-01,2.4,0.10
31179,2000-12-01,2.6,0.20
31179,2001-01-01,3,0.37
31179,2001-02-01,2.8,0.50
31179,2001-03-01,2.8,0.57
31179,2001-04-01,2.3,0.33
31179,2001-05-01,2.7,0.20
31179,2001-06-01,3.5,0.43
31179,2001-07-01,3.2,0.73
31179,2001-08-01,2.9,0.80
31179,2001-09-01,2.4,0.43
31179,2001-10-01,2.4,0.17
31179,2001-11-01,2.6,0.07
31179,2001-12-01,2.7,0.10
31179,2002-01-01,3,0.30
31179,2002-02-01,2.9,0.40
31179,2002-03-01,3.1,0.53
31179,2002-04-01,2.7,0.43
31179,2002-05-01,2.9,0.43
31179,2002-06-01,3.9,0.70
31179,2002-07-01,3.6,1.00
31179,2002-08-01,2.8,0.97
31179,2002-09-01,2.4,0.47
31179,2002-10-01,2.2,0.00
31179,2002-11-01,2.4,0.00
31179,2002-12-01,2.6,0.07
31179,2003-01-01,3,0.33
31179,2003-02-01,2.8,0.47
31179,2003-03-01,3.1,0.63
31179,2003-04-01,2.5,0.47
31179,2003-05-01,2.9,0.50
31179,2003-06-01,3.6,0.67
31179,2003-07-01,3.4,0.97
31179,2003-08-01,3,1.00
31179,2003-09-01,2.6,0.67
31179,2003-10-01,2.3,0.30
31179,2003-11-01,2.3,0.07
31179,2003-12-01,2.4,0.00
31179,2004-01-01,2.9,0.20
31179,2004-02-01,2.9,0.40
31179,2004-03-01,3.5,0.77
31179,2004-04-01,2.7,0.70
31179,2004-05-01,3,0.73
31179,2004-06-01,3.6,0.77
31179,2004-07-01,3.5,1.03
31179,2004-08-01,3,1.03
31179,2004-09-01,2.6,0.70
31179,2004-10-01,2.6,0.40
31179,2004-11-01,3,0.40
31179,2004-12-01,2.9,0.50
31179,2005-01-01,3.3,0.53
31179,2005-02-01,3.2,0.40
31179,2005-03-01,3.7,0.67
31179,2005-04-01,3.1,0.60
31179,2005-05-01,3.1,0.57
31179,2005-06-01,3.3,0.43
31179,2005-07-01,3.5,0.57
31179,2005-08-01,2.8,0.47
31179,2005-09-01,2.6,0.23
31179,2005-10-01,2.4,0.00
31179,2005-11-01,2.6,0.00
31179,2005-12-01,2.4,0.00
31179,2006-01-01,2.6,0.07
31179,2006-02-01,2.3,0.00
31179,2006-03-01,2.6,0.07
31179,2006-04-01,2.5,0.03
31179,2006-05-01,2.5,0.10
31179,2006-06-01,3,0.23
31179,2006-07-01,3.1,0.43
31179,2006-08-01,2.7,0.50
31179,2006-09-01,2.2,0.23
31179,2006-10-01,2.1,0.00
31179,2006-11-01,2.2,0.00
31179,2006-12-01,2.2,0.00
31179,2007-01-01,3,0.30
31179,2007-02-01,2.5,0.40
31179,2007-03-01,2.4,0.47
31179,2007-04-01,2.2,0.20
31179,2007-05-01,2.6,0.23
31179,2007-06-01,3,0.43
31179,2007-07-01,3.2,0.77
31179,2007-08-01,2.3,0.67
31179,2007-09-01,2.1,0.37
31179,2007-10-01,2.3,0.07
31179,2007-11-01,2.4,0.10
31179,2007-12-01,2.2,0.13
31179,2008-01-01,2.8,0.23
31179,2008-02-01,2.5,0.27
31179,2008-03-01,2.7,0.43
31179,2008-04-01,2.3,0.27
31179,2008-05-01,2.8,0.37
31179,2008-06-01,3.2,0.53
31179,2008-07-01,3.2,0.83
31179,2008-08-01,2.9,0.87
31179,2008-09-01,2.8,0.73
31179,2008-10-01,2.6,0.53
31179,2008-11-01,2.8,0.47
31179,2008-12-01,2.7,0.40
31179,2009-01-01,4,0.70
31179,2009-02-01,4.3,1.17
31179,2009-03-01,4.2,1.67
31179,2009-04-01,3.9,1.63
31179,2009-05-01,4.1,1.47
31179,2009-06-01,4.3,1.40
31179,2009-07-01,4.3,1.53
31179,2009-08-01,3.9,1.47
31179,2009-09-01,3.8,1.30
31179,2009-10-01,3.3,0.97
31179,2009-11-01,3.4,0.80
31179,2009-12-01,3.5,0.70
31179,2010-01-01,4.2,0.53
31179,2010-02-01,4.2,0.57
31179,2010-03-01,4.1,0.77
31179,2010-04-01,3.5,0.53
31179,2010-05-01,3.9,0.43
31179,2010-06-01,4.8,0.67
31179,2010-07-01,4,0.83
31179,2010-08-01,3.9,0.83
31179,2010-09-01,3.6,0.43
31179,2010-10-01,3.1,0.13
31179,2010-11-01,3.3,0.00
31179,2010-12-01,3.2,0.00
31179,2011-01-01,3.7,0.20
31179,2011-02-01,3.7,0.33
31179,2011-03-01,3.8,0.53
31179,2011-04-01,3.3,0.40
31179,2011-05-01,3.3,0.27
31179,2011-06-01,4.5,0.50
31179,2011-07-01,4.2,0.80
31179,2011-08-01,3.7,0.93
31179,2011-09-01,3,0.43
31179,2011-10-01,2.7,0.00
31179,2011-11-01,2.6,0.00
31179,2011-12-01,2.7,0.00
31179,2012-01-01,3,0.10
31179,2012-02-01,3.3,0.33
31179,2012-03-01,3.2,0.50
31179,2012-04-01,2.7,0.40
31179,2012-05-01,3.1,0.33
31179,2012-06-01,4,0.60
31179,2012-07-01,4,1.03
31179,2012-08-01,3.3,1.10
31179,2012-09-01,2.6,0.63
31179,2012-10-01,2.7,0.20
31179,2012-11-01,2.6,0.00
31179,2012-12-01,3,0.13
31179,2013-01-01,3.6,0.43
31179,2013-02-01,3.2,0.63
31179,2013-03-01,3,0.63
31179,2013-04-01,2.8,0.37
31179,2013-05-01,3.4,0.43
31179,2013-06-01,4.3,0.87
31179,2013-07-01,4.2,1.33
31179,2013-08-01,3.1,1.23
31179,2013-09-01,2.5,0.63
31179,2013-10-01,2.5,0.07
31179,2013-11-01,2.5,0.00
31179,2013-12-01,2.6,0.03
31179,2014-01-01,3.2,0.27
31179,2014-02-01,3.1,0.47
31179,2014-03-01,3.1,0.63
31179,2014-04-01,2.6,0.43
31179,2014-05-01,2.7,0.30
31179,2014-06-01,3.7,0.50
31179,2014-07-01,3.6,0.83
31179,2014-08-01,2.8,0.87
31179,2014-09-01,2.4,0.43
31179,2014-10-01,2,0.00
31179,2014-11-01,1.8,0.00
31179,2014-12-01,2.4,0.00
31179,2015-01-01,2.4,0.13
31179,2015-02-01,2.2,0.27
31179,2015-03-01,2.2,0.20
31179,2015-04-01,2.1,0.10
31179,2015-05-01,2.5,0.20
31179,2015-06-01,3.3,0.57
31179,2015-07-01,3.5,1.03
31179,2015-08-01,2.6,1.07
31179,2015-09-01,2.4,0.77
31179,2015-10-01,2.4,0.40
31179,2015-11-01,2.2,0.27
31179,2015-12-01,2.6,0.33
31179,2016-01-01,2.7,0.33
31179,2016-02-01,2.4,0.40
31179,2016-03-01,2.6,0.40
31179,2016-04-01,2.3,0.27
31179,2016-05-01,2.5,0.20
31179,2016-06-01,3.9,0.57
31179,2016-07-01,3.4,0.93
31179,2016-08-01,3.2,1.17
31179,2016-09-01,2.8,0.80
31179,2016-10-01,2.6,0.53
31179,2016-11-01,2.1,0.17
31179,2016-12-01,2.5,0.00
31179,2017-01-01,2.6,0.00
31179,2017-02-01,2.2,0.03
31179,2017-03-01,2.2,0.00
31179,2017-04-01,2.2,0.00
31179,2017-05-01,2.4,0.07
31179,2017-06-01,3.4,0.47
31179,2017-07-01,3.2,0.80
31179,2017-08-01,3,1.00
31179,2017-09-01,2.4,0.67
31179,2017-10-01,2,0.27
31179,2017-11-01,1.9,0.00
31179,2017-12-01,2.3,0.00
31179,2018-01-01,2.3,0.10
31179,2018-02-01,2.3,0.23
31179,2018-03-01,2.5,0.30
31179,2018-04-01,2.3,0.30
31179,2018-05-01,2.4,0.33
31179,2018-06-01,3.6,0.70
31179,2018-07-01,3.4,1.07
31179,2018-08-01,2.8,1.20
31179,2018-09-01,2.4,0.80
31179,2018-10-01,2.3,0.43
31179,2018-11-01,2.1,0.20
31179,2018-12-01,2.3,0.17
31179,2019-01-01,2.6,0.17
31179,2019-02-01,2.6,0.27
31179,2019-03-01,2.6,0.37
31179,2019-04-01,2.3,0.27
31179,2019-05-01,2.7,0.30
31179,2019-06-01,3.8,0.70
31179,2019-07-01,3.5,1.10
31179,2019-08-01,2.7,1.10
31179,2019-09-01,2.4,0.63
31179,2019-10-01,2.3,0.23
31179,2019-11-01,2.6,0.20
31179,2019-12-01,2.1,0.10
31179,2020-01-01,2.6,0.10
31179,2020-02-01,2.4,0.03
31179,2020-03-01,4.4,0.80
31179,2020-04-01,4.3,1.37
31179,2020-05-01,3.9,1.87
31179,2020-06-01,3.7,1.63
31179,2020-07-01,2.8,1.13
31179,2020-08-01,2.1,0.53
31179,2020-09-01,1.9,0.00
31179,2020-10-01,1.4,0.00
31179,2020-11-01,1.8,0.00
31179,2020-12-01,1.8,0.00
31179,2021-01-01,2.2,0.27
31179,2021-02-01,2.1,0.37
31179,2021-03-01,2.1,0.47
31179,2021-04-01,1.9,0.37
31179,2021-05-01,2.1,0.37
31179,2021-06-01,2.8,0.60
31179,2021-07-01,2.3,0.73
31179,2021-08-01,2.2,0.77
31179,2021-09-01,1.7,0.40
31179,2021-10-01,1.7,0.20
31179,2021-11-01,1.7,0.03
31179,2021-12-01,1.4,0.00
31179,2022-01-01,2,0.10
31179,2022-02-01,1.9,0.17
31179,2022-03-01,1.8,0.30
31179,2022-04-01,1.6,0.17
31179,2022-05-01,2,0.20
31179,2022-06-01,2.9,0.57
31179,2022-07-01,2.7,0.93
31179,2022-08-01,2.5,1.10
31179,2022-09-01,1.7,0.70
31179,2022-10-01,1.6,0.33
31179,2022-11-01,2,0.17
31179,2022-12-01,1.8,0.20
31179,2023-01-01,1.8,0.17
31179,2023-02-01,1.8,0.03
31179,2023-03-01,1.7,0.00
31179,2023-04-01,1.7,0.00
31179,2023-05-01,2.2,0.13
31179,2023-06-01,3.1,0.60
31179,2023-07-01,2.7,0.93
31179,2023-08-01,2,0.87
31179,2023-09-01,1.6,0.37
31179,2023-10-01,1.9,0.10
31179,2023-11-01,1.7,0.00
31179,2023-12-01,2,0.13
31179,2024-01-01,1.7,0.07
31179,2024-02-01,2.1,0.20
31179,2024-03-01,2,0.20
31179,2024-04-01,1.8,0.23
31179,2024-05-01,2.7,0.43
31179,2024-06-01,3.6,0.97
31179,2024-07-01,2.8,1.30
31179,2024-08-01,2.9,1.37
31179,2024-09-01,2.1,0.87
31179,2024-10-01,2.3,0.70
31179,2024-11-01,2.3,0.50
31179,2024-12-01,2.1,0.43
31179,2025-01-01,2.4,0.47
31179,2025-02-01,2.9,0.53
31179,2025-03-01,2.4,0.63
31179,2025-04-01,2.6,0.67
31179,2025-05-01,3.3,0.60
31179,2025-06-01,3.5,0.90
31179,2025-07-01,4.9,1.67
31179,2025-08-01,3.3,1.67
31179,2025-09-01,2.7,1.40
31179,2025-10-01,2.9,0.73
31179,2025-11-01,3.1,0.67
31179,2025-12-01,2.6,0.63
31179,2026-01-01,2.7,0.53
31179,2026-02-01,3,0.30
31179,2026-03-01,2.3,0.10
31179,2026-04-01,2.2,0.00
31179,2026-05-01,2.9,0.00
31179,2026-06-01,3.5,0.40
31179,2026-07-01,3.3,0.77
31179,2026-08-01,3,0.80
31181,1990-01-01,2.2,NaN
31181,1990-02-01,2.4,NaN
31181,1990-03-01,1.6,NaN
31181,1990-04-01,1.6,NaN
31181,1990-05-01,1.2,NaN
31181,1990-06-01,2,NaN
31181,1990-07-01,1,NaN
31181,1990-08-01,1,NaN
31181,1990-09-01,1.3,NaN
31181,1990-10-01,1.2,NaN
31181,1990-11-01,1,NaN
31181,1990-12-01,1.6,NaN
31181,1991-01-01,2.3,NaN
31181,1991-02-01,2.2,NaN
31181,1991-03-01,1.3,0.83
31181,1991-04-01,1.4,0.53
31181,1991-05-01,1.5,0.30
31181,1991-06-01,1.9,0.50
31181,1991-07-01,1.9,0.67
31181,1991-08-01,1.6,0.70
31181,1991-09-01,1.5,0.57
31181,1991-10-01,0.9,0.17
31181,1991-11-01,2.1,0.33
31181,1991-12-01,2.1,0.43
31181,1992-01-01,2.7,0.97
31181,1992-02-01,2.1,0.97
31181,1992-03-01,2.1,0.97
31181,1992-04-01,1.1,0.43
31181,1992-05-01,1.6,0.27
31181,1992-06-01,1.4,0.03
31181,1992-07-01,1.7,0.23
31181,1992-08-01,1.1,0.07
31181,1992-09-01,2.7,0.50
31181,1992-10-01,1.5,0.43
31181,1992-11-01,1.3,0.47
31181,1992-12-01,1.5,0.07
31181,1993-01-01,3.3,0.67
31181,1993-02-01,2.9,1.20
31181,1993-03-01,3.2,1.77
31181,1993-04-01,2.3,1.43
31181,1993-05-01,1.8,1.07
31181,1993-06-01,2.4,0.80
31181,1993-07-01,1.6,0.53
31181,1993-08-01,1.4,0.40
31181,1993-09-01,0.7,0.00
31181,1993-10-01,1.6,0.00
31181,1993-11-01,0.8,0.00
31181,1993-12-01,2,0.43
31181,1994-01-01,2.8,0.83
31181,1994-02-01,3,1.57
31181,1994-03-01,2.2,1.63
31181,1994-04-01,1.6,1.23
31181,1994-05-01,1.3,0.67
31181,1994-06-01,2,0.60
31181,1994-07-01,2.5,0.90
31181,1994-08-01,1.3,0.90
31181,1994-09-01,2,0.90
31181,1994-10-01,1.2,0.47
31181,1994-11-01,2,0.70
31181,1994-12-01,2.2,0.33
31181,1995-01-01,3.8,1.17
31181,1995-02-01,2,1.17
31181,1995-03-01,1.8,1.03
31181,1995-04-01,1.7,0.33
31181,1995-05-01,1.6,0.20
31181,1995-06-01,1.7,0.17
31181,1995-07-01,1.5,0.10
31181,1995-08-01,1.3,0.00
31181,1995-09-01,1,0.00
31181,1995-10-01,1,0.00
31181,1995-11-01,2,0.23
31181,1995-12-01,2.3,0.67
31181,1996-01-01,2.6,1.20
31181,1996-02-01,2.6,1.40
31181,1996-03-01,2.5,1.47
31181,1996-04-01,2,1.27
31181,1996-05-01,1.7,0.97
31181,1996-06-01,2.3,0.90
31181,1996-07-01,1.9,0.87
31181,1996-08-01,1.6,0.83
31181,1996-09-01,1.4,0.53
31181,1996-10-01,1.5,0.40
31181,1996-11-01,1.7,0.20
31181,1996-12-01,2.1,0.27
31181,1997-01-01,3.4,0.90
31181,1997-02-01,2.6,1.20
31181,1997-03-01,2.9,1.47
31181,1997-04-01,2,1.00
31181,1997-05-01,1.7,0.70
31181,1997-06-01,2.2,0.47
31181,1997-07-01,1.6,0.33
31181,1997-08-01,1.4,0.23
31181,1997-09-01,1.2,0.00
31181,1997-10-01,1.5,0.00
31181,1997-11-01,1.9,0.17
31181,1997-12-01,2.3,0.53
31181,1998-01-01,2.6,0.90
31181,1998-02-01,2.5,1.10
31181,1998-03-01,2.8,1.27
31181,1998-04-01,1.9,1.03
31181,1998-05-01,1.9,0.83
31181,1998-06-01,3.1,0.93
31181,1998-07-01,2.6,1.17
31181,1998-08-01,2.2,1.27
31181,1998-09-01,1.8,0.83
31181,1998-10-01,1.5,0.47
31181,1998-11-01,1.6,0.10
31181,1998-12-01,1.7,0.00
31181,1999-01-01,3.6,0.70
31181,1999-02-01,3.3,1.27
31181,1999-03-01,3.1,1.73
31181,1999-04-01,2.9,1.50
31181,1999-05-01,2.9,1.37
31181,1999-06-01,2.2,1.07
31181,1999-07-01,1.9,0.73
31181,1999-08-01,1,0.10
31181,1999-09-01,0.8,0.00
31181,1999-10-01,0.9,0.00
31181,1999-11-01,1.9,0.30
31181,1999-12-01,2.1,0.73
31181,2000-01-01,3.5,1.60
31181,2000-02-01,3.4,2.10
31181,2000-03-01,3.3,2.50
31181,2000-04-01,2.4,2.13
31181,2000-05-01,2.5,1.83
31181,2000-06-01,2.9,1.70
31181,2000-07-01,2.5,1.73
31181,2000-08-01,2.1,1.60
31181,2000-09-01,2.2,1.37
31181,2000-10-01,2.7,1.43
31181,2000-11-01,2.6,1.30
31181,2000-12-01,2.8,1.07
31181,2001-01-01,3.3,0.63
31181,2001-02-01,3.3,0.87
31181,2001-03-01,2.8,0.87
31181,2001-04-01,2.4,0.57
31181,2001-05-01,2.2,0.20
31181,2001-06-01,2.5,0.10
31181,2001-07-01,3.3,0.40
31181,2001-08-01,3,0.67
31181,2001-09-01,2.8,0.77
31181,2001-10-01,2.5,0.43
31181,2001-11-01,2.9,0.37
31181,2001-12-01,3.2,0.50
31181,2002-01-01,4.2,1.07
31181,2002-02-01,4.5,1.60
31181,2002-03-01,4.6,2.07
31181,2002-04-01,3.8,1.93
31181,2002-05-01,3.2,1.50
31181,2002-06-01,3.4,1.10
31181,2002-07-01,3.6,0.73
31181,2002-08-01,2.8,0.53
31181,2002-09-01,3,0.40
31181,2002-10-01,2.8,0.13
31181,2002-11-01,3.2,0.27
31181,2002-12-01,3.3,0.23
31181,2003-01-01,4.3,0.73
31181,2003-02-01,4.3,1.10
31181,2003-03-01,4.1,1.37
31181,2003-04-01,3.5,1.10
31181,2003-05-01,3,0.67
31181,2003-06-01,3.6,0.50
31181,2003-07-01,3.5,0.50
31181,2003-08-01,3.3,0.60
31181,2003-09-01,3.2,0.47
31181,2003-10-01,3.1,0.33
31181,2003-11-01,3.4,0.23
31181,2003-12-01,3.6,0.27
31181,2004-01-01,5.2,0.87
31181,2004-02-01,4.8,1.33
31181,2004-03-01,4.7,1.70
31181,2004-04-01,3.9,1.27
31181,2004-05-01,4,1.00
31181,2004-06-01,4.1,0.80
31181,2004-07-01,4,0.83
31181,2004-08-01,3.9,0.80
31181,2004-09-01,3.7,0.67
31181,2004-10-01,3.5,0.50
31181,2004-11-01,3.8,0.43
31181,2004-12-01,3.8,0.33
31181,2005-01-01,4.7,0.43
31181,2005-02-01,4.6,0.70
31181,2005-03-01,4.4,0.90
31181,2005-04-01,3.8,0.60
31181,2005-05-01,3.6,0.27
31181,2005-06-01,3.6,0.00
31181,2005-07-01,3.7,0.00
31181,2005-08-01,2.9,0.00
31181,2005-09-01,2.9,0.00
31181,2005-10-01,2.8,0.00
31181,2005-11-01,3,0.03
31181,2005-12-01,2.9,0.03
31181,2006-01-01,3.3,0.20
31181,2006-02-01,3,0.20
31181,2006-03-01,3,0.23
31181,2006-04-01,2.6,0.00
31181,2006-05-01,2.3,0.00
31181,2006-06-01,2.7,0.00
31181,2006-07-01,2.8,0.07
31181,2006-08-01,2.5,0.13
31181,2006-09-01,2.2,0.00
31181,2006-10-01,2,0.00
31181,2006-11-01,2,0.00
31181,2006-12-01,2,0.00
31181,2007-01-01,3.9,0.63
31181,2007-02-01,3.4,1.10
31181,2007-03-01,2.9,1.40
31181,2007-04-01,2.5,0.93
31181,2007-05-01,2.7,0.70
31181,2007-06-01,3.1,0.77
31181,2007-07-01,3.4,1.07
31181,2007-08-01,2.8,1.10
31181,2007-09-01,3.4,1.20
31181,2007-10-01,3.6,1.27
31181,2007-11-01,3.5,1.50
31181,2007-12-01,3.7,1.60
31181,2008-01-01,4,1.10
31181,2008-02-01,3.5,1.03
31181,2008-03-01,3.6,1.00
31181,2008-04-01,2.8,0.60
31181,2008-05-01,2.9,0.40
31181,2008-06-01,3.4,0.27
31181,2008-07-01,3.3,0.17
31181,2008-08-01,3.2,0.27
31181,2008-09-01,3.2,0.20
31181,2008-10-01,2.8,0.03
31181,2008-11-01,2.9,0.00
31181,2008-12-01,3.3,0.03
31181,2009-01-01,4.3,0.53
31181,2009-02-01,4.1,0.93
31181,2009-03-01,3.8,1.10
31181,2009-04-01,2.9,0.63
31181,2009-05-01,3.3,0.37
31181,2009-06-01,3.7,0.33
31181,2009-07-01,4,0.70
31181,2009-08-01,4.3,1.03
31181,2009-09-01,4,1.13
31181,2009-10-01,3.9,1.10
31181,2009-11-01,3.5,0.83
31181,2009-12-01,4.3,0.90
31181,2010-01-01,5.6,1.17
31181,2010-02-01,5.5,1.83
31181,2010-03-01,5.8,2.33
31181,2010-04-01,4.8,2.07
31181,2010-05-01,3.9,1.53
31181,2010-06-01,4.9,1.23
31181,2010-07-01,4.8,0.87
31181,2010-08-01,4.5,0.93
31181,2010-09-01,4.6,0.83
31181,2010-10-01,4.5,0.73
31181,2010-11-01,4.3,0.67
31181,2010-12-01,5.2,0.77
31181,2011-01-01,5.4,0.50
31181,2011-02-01,5.9,1.03
31181,2011-03-01,5.5,1.13
31181,2011-04-01,4.6,0.87
31181,2011-05-01,4.3,0.33
31181,2011-06-01,5.2,0.23
31181,2011-07-01,4.8,0.30
31181,2011-08-01,4.3,0.30
31181,2011-09-01,4,0.00
31181,2011-10-01,3.6,0.00
31181,2011-11-01,3.1,0.00
31181,2011-12-01,4,0.00
31181,2012-01-01,4.1,0.17
31181,2012-02-01,4.3,0.57
31181,2012-03-01,4,0.57
31181,2012-04-01,3.3,0.30
31181,2012-05-01,3.1,0.00
31181,2012-06-01,4,0.00
31181,2012-07-01,3.8,0.17
31181,2012-08-01,3.1,0.17
31181,2012-09-01,2.6,0.00
31181,2012-10-01,3.3,0.00
31181,2012-11-01,3.3,0.07
31181,2012-12-01,3.8,0.47
31181,2013-01-01,4.5,0.87
31181,2013-02-01,4.4,1.23
31181,2013-03-01,4.2,1.37
31181,2013-04-01,3.5,1.03
31181,2013-05-01,3.4,0.70
31181,2013-06-01,4.2,0.70
31181,2013-07-01,3.9,0.83
31181,2013-08-01,3.5,0.87
31181,2013-09-01,3.6,0.67
31181,2013-10-01,3.6,0.57
31181,2013-11-01,3.3,0.43
31181,2013-12-01,3.9,0.13
31181,2014-01-01,3.5,0.07
31181,2014-02-01,3.6,0.17
31181,2014-03-01,3.5,0.03
31181,2014-04-01,3.1,0.00
31181,2014-05-01,3.2,0.00
31181,2014-06-01,3.8,0.10
31181,2014-07-01,3.9,0.37
31181,2014-08-01,3.3,0.40
31181,2014-09-01,3,0.13
31181,2014-10-01,2.9,0.00
31181,2014-11-01,2.9,0.00
31181,2014-12-01,3.3,0.10
31181,2015-01-01,3.7,0.37
31181,2015-02-01,3.9,0.70
31181,2015-03-01,3.7,0.83
31181,2015-04-01,3.6,0.80
31181,2015-05-01,3.7,0.73
31181,2015-06-01,4,0.83
31181,2015-07-01,4.3,1.07
31181,2015-08-01,3.4,0.97
31181,2015-09-01,3.1,0.67
31181,2015-10-01,3,0.23
31181,2015-11-01,2.9,0.07
31181,2015-12-01,2.7,0.00
31181,2016-01-01,2.7,0.00
31181,2016-02-01,2.6,0.00
31181,2016-03-01,3,0.10
31181,2016-04-01,2.6,0.07
31181,2016-05-01,2.4,0.00
31181,2016-06-01,3.4,0.13
31181,2016-07-01,3.4,0.40
31181,2016-08-01,3.2,0.67
31181,2016-09-01,2.5,0.37
31181,2016-10-01,2.9,0.20
31181,2016-11-01,2.4,0.00
31181,2016-12-01,2.8,0.10
31181,2017-01-01,3.3,0.23
31181,2017-02-01,3,0.43
31181,2017-03-01,2.8,0.43
31181,2017-04-01,2.3,0.10
31181,2017-05-01,2.5,0.00
31181,2017-06-01,2.6,0.00
31181,2017-07-01,2.8,0.17
31181,2017-08-01,2.8,0.27
31181,2017-09-01,2.1,0.10
31181,2017-10-01,2.2,0.00
31181,2017-11-01,2.2,0.00
31181,2017-12-01,2.5,0.13
31181,2018-01-01,2.5,0.23
31181,2018-02-01,2.6,0.37
31181,2018-03-01,2.6,0.40
31181,2018-04-01,2.7,0.47
31181,2018-05-01,2.2,0.33
31181,2018-06-01,3.2,0.53
31181,2018-07-01,3.2,0.70
31181,2018-08-01,2.6,0.83
31181,2018-09-01,2.1,0.47
31181,2018-10-01,2.5,0.23
31181,2018-11-01,2.2,0.10
31181,2018-12-01,2.5,0.13
31181,2019-01-01,3.3,0.40
31181,2019-02-01,2.5,0.50
31181,2019-03-01,2.9,0.63
31181,2019-04-01,2.7,0.43
31181,2019-05-01,3.1,0.63
31181,2019-06-01,3.8,0.93
31181,2019-07-01,3.9,1.33
31181,2019-08-01,3.2,1.37
31181,2019-09-01,2.8,1.03
31181,2019-10-01,3,0.73
31181,2019-11-01,2.7,0.57
31181,2019-12-01,2.9,0.47
31181,2020-01-01,3.4,0.33
31181,2020-02-01,3.5,0.57
31181,2020-03-01,5.4,1.40
31181,2020-04-01,5.1,1.97
31181,2020-05-01,4.9,2.30
31181,2020-06-01,4.1,1.87
31181,2020-07-01,3.4,1.30
31181,2020-08-01,2.5,0.50
31181,2020-09-01,2.3,0.00
31181,2020-10-01,1.6,0.00
31181,2020-11-01,1.5,0.00
31181,2020-12-01,1.7,0.00
31181,2021-01-01,2.2,0.20
31181,2021-02-01,2,0.37
31181,2021-03-01,2.2,0.53
31181,2021-04-01,1.9,0.43
31181,2021-05-01,2,0.43
31181,2021-06-01,2.6,0.57
31181,2021-07-01,2,0.60
31181,2021-08-01,2,0.60
31181,2021-09-01,1.6,0.27
31181,2021-10-01,1.9,0.23
31181,2021-11-01,1.3,0.00
31181,2021-12-01,1.4,0.00
31181,2022-01-01,1.9,0.00
31181,2022-02-01,1.8,0.17
31181,2022-03-01,1.9,0.33
31181,2022-04-01,1.5,0.20
31181,2022-05-01,1.5,0.10
31181,2022-06-01,2.2,0.20
31181,2022-07-01,2.1,0.40
31181,2022-08-01,2.2,0.63
31181,2022-09-01,2.1,0.60
31181,2022-10-01,2.4,0.70
31181,2022-11-01,2.5,0.80
31181,2022-12-01,2.3,0.87
31181,2023-01-01,2.5,0.90
31181,2023-02-01,2.7,0.87
31181,2023-03-01,2.1,0.80
31181,2023-04-01,2,0.63
31181,2023-05-01,2.3,0.50
31181,2023-06-01,2.4,0.50
31181,2023-07-01,2,0.30
31181,2023-08-01,1.8,0.00
31181,2023-09-01,1.8,0.00
31181,2023-10-01,2.1,0.03
31181,2023-11-01,2,0.10
31181,2023-12-01,2.5,0.33
31181,2024-01-01,2.3,0.40
31181,2024-02-01,3,0.73
31181,2024-03-01,2.4,0.70
31181,2024-04-01,2.1,0.63
31181,2024-05-01,2.4,0.43
31181,2024-06-01,2.6,0.50
31181,2024-07-01,3.1,0.83
31181,2024-08-01,2.6,0.90
31181,2024-09-01,2.4,0.83
31181,2024-10-01,2.5,0.60
31181,2024-11-01,2.4,0.47
31181,2024-12-01,2.2,0.17
31181,2025-01-01,3,0.27
31181,2025-02-01,3.1,0.47
31181,2025-03-01,2.8,0.67
31181,2025-04-01,2.5,0.50
31181,2025-05-01,2.4,0.27
31181,2025-06-01,2.6,0.13
31181,2025-07-01,2.5,0.13
31181,2025-08-01,2.4,0.13
31181,2025-09-01,2.6,0.13
31181,2025-10-01,2.75,0.22
31181,2025-11-01,2.9,0.38
31181,2025-12-01,2.9,0.48
31181,2026-01-01,3,0.43
31181,2026-02-01,3.3,0.57
31181,2026-03-01,2.7,0.50
31181,2026-04-01,2,0.17
31181,2026-05-01,2.4,0.00
31181,2026-06-01,2.8,0.03
31181,2026-07-01,2.5,0.20
31181,2026-08-01,2.2,0.13
31183,1990-01-01,2.4,NaN
31183,1990-02-01,1.8,NaN
31183,1990-03-01,1.4,NaN
31183,1990-04-01,1.3,NaN
31183,1990-05-01,0.9,NaN
31183,1990-06-01,0.6,NaN
31183,1990-07-01,0.6,NaN
31183,1990-08-01,0.6,NaN
31183,1990-09-01,0.7,NaN
31183,1990-10-01,0.7,NaN
31183,1990-11-01,0.7,NaN
31183,1990-12-01,1.7,NaN
31183,1991-01-01,3.1,NaN
31183,1991-02-01,2,NaN
31183,1991-03-01,1.9,1.73
31183,1991-04-01,2.2,1.43
31183,1991-05-01,1.3,1.20
31183,1991-06-01,1.5,1.07
31183,1991-07-01,1.7,0.90
31183,1991-08-01,1.1,0.83
31183,1991-09-01,1.1,0.67
31183,1991-10-01,0.9,0.37
31183,1991-11-01,1.9,0.60
31183,1991-12-01,1.7,0.47
31183,1992-01-01,2.3,0.93
31183,1992-02-01,1.4,0.77
31183,1992-03-01,2.3,0.97
31183,1992-04-01,1.9,0.83
31183,1992-05-01,1.8,0.97
31183,1992-06-01,2.1,0.90
31183,1992-07-01,1.7,0.83
31183,1992-08-01,1.5,0.73
31183,1992-09-01,1.7,0.60
31183,1992-10-01,2.8,0.97
31183,1992-11-01,2.5,1.03
31183,1992-12-01,2.6,1.13
31183,1993-01-01,2.6,0.93
31183,1993-02-01,2.8,1.03
31183,1993-03-01,4.1,1.53
31183,1993-04-01,1.8,1.27
31183,1993-05-01,2.4,1.13
31183,1993-06-01,2.2,0.50
31183,1993-07-01,1.8,0.50
31183,1993-08-01,2.7,0.60
31183,1993-09-01,3.2,0.93
31183,1993-10-01,3.8,1.23
31183,1993-11-01,3.1,1.23
31183,1993-12-01,1.5,0.67
31183,1994-01-01,3,0.40
31183,1994-02-01,2.7,0.27
31183,1994-03-01,2.9,0.73
31183,1994-04-01,2,0.40
31183,1994-05-01,1.8,0.10
31183,1994-06-01,3.6,0.33
31183,1994-07-01,3.4,0.80
31183,1994-08-01,3,1.10
31183,1994-09-01,3.9,1.20
31183,1994-10-01,3.7,1.30
31183,1994-11-01,3.8,1.57
31183,1994-12-01,3.8,1.53
31183,1995-01-01,4.3,1.73
31183,1995-02-01,4,1.80
31183,1995-03-01,3.5,1.70
31183,1995-04-01,3.6,1.47
31183,1995-05-01,2.5,0.97
31183,1995-06-01,3.6,0.77
31183,1995-07-01,2.4,0.00
31183,1995-08-01,3.1,0.20
31183,1995-09-01,3.5,0.17
31183,1995-10-01,4,0.70
31183,1995-11-01,3.7,0.90
31183,1995-12-01,3.6,0.93
31183,1996-01-01,5.6,1.47
31183,1996-02-01,4.7,1.80
31183,1996-03-01,4.5,2.10
31183,1996-04-01,4.1,1.60
31183,1996-05-01,2.4,0.83
31183,1996-06-01,4.1,0.70
31183,1996-07-01,4,0.67
31183,1996-08-01,3.5,0.87
31183,1996-09-01,2.2,0.23
31183,1996-10-01,2.3,0.00
31183,1996-11-01,2.5,0.00
31183,1996-12-01,2.3,0.03
31183,1997-01-01,1.5,0.00
31183,1997-02-01,1.6,0.00
31183,1997-03-01,1.6,0.00
31183,1997-04-01,1.2,0.00
31183,1997-05-01,2,0.13
31183,1997-06-01,1.7,0.17
31183,1997-07-01,1.1,0.13
31183,1997-08-01,1.4,0.00
31183,1997-09-01,2,0.10
31183,1997-10-01,1.4,0.20
31183,1997-11-01,1.3,0.17
31183,1997-12-01,1.5,0.00
31183,1998-01-01,1.9,0.17
31183,1998-02-01,1.9,0.37
31183,1998-03-01,1.9,0.50
31183,1998-04-01,1.4,0.33
31183,1998-05-01,1.4,0.17
31183,1998-06-01,1.3,0.00
31183,1998-07-01,1.3,0.00
31183,1998-08-01,1.6,0.07
31183,1998-09-01,1.8,0.23
31183,1998-10-01,2.4,0.60
31183,1998-11-01,2.4,0.87
31183,1998-12-01,2.2,1.00
31183,1999-01-01,2.7,1.10
31183,1999-02-01,2.9,1.27
31183,1999-03-01,3,1.53
31183,1999-04-01,3.8,1.90
31183,1999-05-01,1.7,1.50
31183,1999-06-01,4.3,1.93
31183,1999-07-01,4.3,2.10
31183,1999-08-01,3.6,2.67
31183,1999-09-01,3.7,2.30
31183,1999-10-01,3.4,1.63
31183,1999-11-01,2.5,1.00
31183,1999-12-01,2.9,0.60
31183,2000-01-01,3,0.37
31183,2000-02-01,3.2,0.43
31183,2000-03-01,2.6,0.13
31183,2000-04-01,2.9,0.10
31183,2000-05-01,2.6,0.00
31183,2000-06-01,2.7,0.03
31183,2000-07-01,2.3,0.00
31183,2000-08-01,2,0.00
31183,2000-09-01,1.7,0.00
31183,2000-10-01,1.8,0.00
31183,2000-11-01,1.6,0.00
31183,2000-12-01,1.9,0.07
31183,2001-01-01,2.2,0.20
31183,2001-02-01,2.2,0.40
31183,2001-03-01,2.2,0.50
31183,2001-04-01,1.9,0.40
31183,2001-05-01,1.7,0.23
31183,2001-06-01,3,0.50
31183,2001-07-01,2.6,0.73
31183,2001-08-01,2.3,0.93
31183,2001-09-01,2.1,0.63
31183,2001-10-01,2.3,0.53
31183,2001-11-01,2.8,0.70
31183,2001-12-01,2.4,0.73
31183,2002-01-01,1.9,0.47
31183,2002-02-01,2.5,0.33
31183,2002-03-01,2.7,0.43
31183,2002-04-01,2.3,0.57
31183,2002-05-01,1.8,0.33
31183,2002-06-01,2.2,0.00
31183,2002-07-01,2.3,0.00
31183,2002-08-01,2,0.07
31183,2002-09-01,1.7,0.00
31183,2002-10-01,1.7,0.00
31183,2002-11-01,2.6,0.20
31183,2002-12-01,2.4,0.43
31183,2003-01-01,3,0.87
31183,2003-02-01,3.3,1.10
31183,2003-03-01,3.4,1.43
31183,2003-04-01,2.8,1.37
31183,2003-05-01,2.7,1.17
31183,2003-06-01,3.3,1.13
31183,2003-07-01,2.6,1.07
31183,2003-08-01,2.2,0.90
31183,2003-09-01,2.4,0.60
31183,2003-10-01,2.3,0.50
31183,2003-11-01,2.3,0.33
31183,2003-12-01,2,0.00
31183,2004-01-01,2.2,0.00
31183,2004-02-01,2.5,0.07
31183,2004-03-01,3.3,0.50
31183,2004-04-01,2.6,0.63
31183,2004-05-01,2.4,0.60
31183,2004-06-01,2.8,0.43
31183,2004-07-01,3.2,0.63
31183,2004-08-01,3.3,0.93
31183,2004-09-01,3,1.00
31183,2004-10-01,2.4,0.73
31183,2004-11-01,2.6,0.50
31183,2004-12-01,2.4,0.30
31183,2005-01-01,2.7,0.40
31183,2005-02-01,2.9,0.43
31183,2005-03-01,3.7,0.63
31183,2005-04-01,3,0.73
31183,2005-05-01,2.6,0.63
31183,2005-06-01,2.5,0.23
31183,2005-07-01,3,0.23
31183,2005-08-01,2.9,0.33
31183,2005-09-01,2.8,0.43
31183,2005-10-01,2.2,0.17
31183,2005-11-01,2.5,0.03
31183,2005-12-01,2.5,0.00
31183,2006-01-01,3.2,0.33
31183,2006-02-01,3.1,0.53
31183,2006-03-01,3.1,0.73
31183,2006-04-01,2,0.33
31183,2006-05-01,1.8,0.00
31183,2006-06-01,2.4,0.00
31183,2006-07-01,2.3,0.10
31183,2006-08-01,2,0.17
31183,2006-09-01,1.8,0.00
31183,2006-10-01,1.9,0.00
31183,2006-11-01,2,0.00
31183,2006-12-01,2.8,0.33
31183,2007-01-01,3.4,0.83
31183,2007-02-01,2.5,1.00
31183,2007-03-01,2.2,0.80
31183,2007-04-01,2.4,0.47
31183,2007-05-01,2.9,0.60
31183,2007-06-01,3.1,0.90
31183,2007-07-01,3.5,1.27
31183,2007-08-01,2.7,1.20
31183,2007-09-01,2.3,0.93
31183,2007-10-01,3.1,0.80
31183,2007-11-01,3.2,0.97
31183,2007-12-01,2.8,0.80
31183,2008-01-01,2.5,0.47
31183,2008-02-01,2.2,0.13
31183,2008-03-01,2.6,0.07
31183,2008-04-01,2.2,0.00
31183,2008-05-01,2.5,0.10
31183,2008-06-01,2.1,0.00
31183,2008-07-01,2,0.00
31183,2008-08-01,2.3,0.00
31183,2008-09-01,1.8,0.00
31183,2008-10-01,2.5,0.17
31183,2008-11-01,2,0.07
31183,2008-12-01,1.9,0.10
31183,2009-01-01,3.3,0.37
31183,2009-02-01,3.7,0.93
31183,2009-03-01,3.8,1.57
31183,2009-04-01,3.8,1.73
31183,2009-05-01,4,1.83
31183,2009-06-01,3.5,1.73
31183,2009-07-01,3.6,1.67
31183,2009-08-01,3.6,1.53
31183,2009-09-01,3.2,1.43
31183,2009-10-01,4.1,1.53
31183,2009-11-01,3.3,1.43
31183,2009-12-01,3.5,1.50
31183,2010-01-01,3.3,0.97
31183,2010-02-01,3.4,0.43
31183,2010-03-01,3.7,0.10
31183,2010-04-01,3.4,0.13
31183,2010-05-01,3.3,0.10
31183,2010-06-01,4.1,0.23
31183,2010-07-01,4,0.43
31183,2010-08-01,4.5,0.83
31183,2010-09-01,4.2,0.87
31183,2010-10-01,4.4,1.00
31183,2010-11-01,4.3,0.93
31183,2010-12-01,4.5,1.03
31183,2011-01-01,4,0.90
31183,2011-02-01,3.8,0.70
31183,2011-03-01,3.2,0.20
31183,2011-04-01,3.2,0.00
31183,2011-05-01,2.6,0.00
31183,2011-06-01,3.7,0.17
31183,2011-07-01,3.6,0.30
31183,2011-08-01,3.2,0.50
31183,2011-09-01,3.2,0.33
31183,2011-10-01,2.8,0.07
31183,2011-11-01,2.9,0.00
31183,2011-12-01,2.8,0.00
31183,2012-01-01,3.4,0.20
31183,2012-02-01,3.9,0.53
31183,2012-03-01,3.7,0.83
31183,2012-04-01,3,0.70
31183,2012-05-01,2.9,0.37
31183,2012-06-01,3,0.13
31183,2012-07-01,3.2,0.20
31183,2012-08-01,3.6,0.43
31183,2012-09-01,2.8,0.37
31183,2012-10-01,2.9,0.27
31183,2012-11-01,2.8,0.00
31183,2012-12-01,3.9,0.37
31183,2013-01-01,4.1,0.77
31183,2013-02-01,3.4,0.97
31183,2013-03-01,3.2,0.73
31183,2013-04-01,3,0.37
31183,2013-05-01,2.8,0.17
31183,2013-06-01,3.5,0.27
31183,2013-07-01,3.1,0.30
31183,2013-08-01,3.3,0.47
31183,2013-09-01,2.9,0.27
31183,2013-10-01,3.2,0.30
31183,2013-11-01,2.7,0.10
31183,2013-12-01,3.2,0.10
31183,2014-01-01,2.8,0.00
31183,2014-02-01,3.3,0.20
31183,2014-03-01,3.2,0.20
31183,2014-04-01,2.8,0.20
31183,2014-05-01,2.9,0.07
31183,2014-06-01,2.9,0.00
31183,2014-07-01,2.9,0.03
31183,2014-08-01,2.7,0.00
31183,2014-09-01,2.8,0.00
31183,2014-10-01,2.7,0.00
31183,2014-11-01,2.2,0.00
31183,2014-12-01,2.3,0.00
31183,2015-01-01,3,0.10
31183,2015-02-01,2.3,0.13
31183,2015-03-01,2.3,0.13
31183,2015-04-01,2.5,0.00
31183,2015-05-01,2.4,0.03
31183,2015-06-01,2.5,0.10
31183,2015-07-01,2.4,0.07
31183,2015-08-01,2.7,0.17
31183,2015-09-01,2.6,0.20
31183,2015-10-01,1.8,0.00
31183,2015-11-01,1.9,0.00
31183,2015-12-01,1.8,0.00
31183,2016-01-01,2.4,0.20
31183,2016-02-01,2.4,0.37
31183,2016-03-01,2.7,0.67
31183,2016-04-01,2.8,0.80
31183,2016-05-01,2.3,0.77
31183,2016-06-01,3,0.87
31183,2016-07-01,3,0.93
31183,2016-08-01,3.1,1.20
31183,2016-09-01,2.9,1.17
31183,2016-10-01,3.5,1.33
31183,2016-11-01,2.7,1.20
31183,2016-12-01,2.8,1.17
31183,2017-01-01,2.9,0.77
31183,2017-02-01,3,0.70
31183,2017-03-01,2.4,0.27
31183,2017-04-01,2.5,0.03
31183,2017-05-01,2.4,0.00
31183,2017-06-01,3,0.20
31183,2017-07-01,3.2,0.43
31183,2017-08-01,3.1,0.67
31183,2017-09-01,3.2,0.73
31183,2017-10-01,2.7,0.57
31183,2017-11-01,2.9,0.50
31183,2017-12-01,3.1,0.47
31183,2018-01-01,3.1,0.60
31183,2018-02-01,2.5,0.47
31183,2018-03-01,2.8,0.37
31183,2018-04-01,2.6,0.20
31183,2018-05-01,2.6,0.23
31183,2018-06-01,2.8,0.03
31183,2018-07-01,3,0.17
31183,2018-08-01,3.3,0.40
31183,2018-09-01,3.5,0.63
31183,2018-10-01,3.3,0.73
31183,2018-11-01,2.9,0.60
31183,2018-12-01,3.2,0.50
31183,2019-01-01,3.4,0.53
31183,2019-02-01,4.2,0.97
31183,2019-03-01,3.5,1.07
31183,2019-04-01,3,0.93
31183,2019-05-01,3,0.50
31183,2019-06-01,3.5,0.50
31183,2019-07-01,4.3,0.80
31183,2019-08-01,3.8,0.83
31183,2019-09-01,3.5,0.73
31183,2019-10-01,3.2,0.37
31183,2019-11-01,2.9,0.07
31183,2019-12-01,2.3,0.00
31183,2020-01-01,2.8,0.00
31183,2020-02-01,2.6,0.00
31183,2020-03-01,4.2,0.63
31183,2020-04-01,3.1,0.73
31183,2020-05-01,3,0.87
31183,2020-06-01,2.6,0.33
31183,2020-07-01,2.4,0.10
31183,2020-08-01,2,0.00
31183,2020-09-01,1.6,0.00
31183,2020-10-01,1.2,0.00
31183,2020-11-01,1.1,0.00
31183,2020-12-01,0.9,0.00
31183,2021-01-01,1.5,0.10
31183,2021-02-01,1.5,0.23
31183,2021-03-01,1.4,0.40
31183,2021-04-01,1.6,0.43
31183,2021-05-01,2,0.60
31183,2021-06-01,2.4,0.93
31183,2021-07-01,2,1.07
31183,2021-08-01,2.3,1.17
31183,2021-09-01,1.5,0.87
31183,2021-10-01,1.9,0.83
31183,2021-11-01,1.5,0.57
31183,2021-12-01,1.2,0.47
31183,2022-01-01,2,0.40
31183,2022-02-01,1.8,0.37
31183,2022-03-01,1.8,0.40
31183,2022-04-01,1.4,0.17
31183,2022-05-01,1.7,0.10
31183,2022-06-01,2,0.17
31183,2022-07-01,1.8,0.30
31183,2022-08-01,2.4,0.53
31183,2022-09-01,2.1,0.57
31183,2022-10-01,2,0.63
31183,2022-11-01,2.4,0.63
31183,2022-12-01,1.7,0.50
31183,2023-01-01,2.4,0.60
31183,2023-02-01,2.7,0.63
31183,2023-03-01,2.8,1.00
31183,2023-04-01,2.3,0.97
31183,2023-05-01,2.4,0.87
31183,2023-06-01,2.5,0.70
31183,2023-07-01,1.9,0.43
31183,2023-08-01,2.1,0.13
31183,2023-09-01,2.3,0.07
31183,2023-10-01,2.6,0.30
31183,2023-11-01,2.7,0.50
31183,2023-12-01,2.8,0.67
31183,2024-01-01,2.1,0.43
31183,2024-02-01,2.8,0.47
31183,2024-03-01,2.2,0.27
31183,2024-04-01,2,0.23
31183,2024-05-01,2.3,0.07
31183,2024-06-01,2.4,0.13
31183,2024-07-01,2.4,0.27
31183,2024-08-01,1.9,0.13
31183,2024-09-01,2.8,0.27
31183,2024-10-01,2.8,0.33
31183,2024-11-01,2.5,0.53
31183,2024-12-01,2.4,0.40
31183,2025-01-01,2.5,0.30
31183,2025-02-01,3,0.47
31183,2025-03-01,2.4,0.47
31183,2025-04-01,3.3,0.73
31183,2025-05-01,2.2,0.47
31183,2025-06-01,2.3,0.37
31183,2025-07-01,2.5,0.10
31183,2025-08-01,2,0.03
31183,2025-09-01,2.4,0.03
31183,2025-10-01,2.55,0.05
31183,2025-11-01,2.7,0.28
31183,2025-12-01,2.4,0.28
31183,2026-01-01,2.1,0.13
31183,2026-02-01,2.7,0.13
31183,2026-03-01,1.9,0.00
31183,2026-04-01,1.5,0.00
31183,2026-05-01,2.2,0.00
31183,2026-06-01,2.6,0.23
31183,2026-07-01,2.1,0.43
31183,2026-08-01,2.2,0.43
31185,1990-01-01,2.6,NaN
31185,1990-02-01,2.2,NaN
31185,1990-03-01,2,NaN
31185,1990-04-01,1.6,NaN
31185,1990-05-01,1.6,NaN
31185,1990-06-01,1.8,NaN
31185,1990-07-01,1.7,NaN
31185,1990-08-01,1.7,NaN
31185,1990-09-01,1.7,NaN
31185,1990-10-01,1.6,NaN
31185,1990-11-01,1.7,NaN
31185,1990-12-01,1.9,NaN
31185,1991-01-01,2.6,NaN
31185,1991-02-01,2.4,NaN
31185,1991-03-01,2,0.67
31185,1991-04-01,1.6,0.33
31185,1991-05-01,1.8,0.13
31185,1991-06-01,1.8,0.07
31185,1991-07-01,1.4,0.00
31185,1991-08-01,1.2,0.00
31185,1991-09-01,1.1,0.00
31185,1991-10-01,1.4,0.00
31185,1991-11-01,1.6,0.13
31185,1991-12-01,1.5,0.27
31185,1992-01-01,2.3,0.57
31185,1992-02-01,2.1,0.73
31185,1992-03-01,1.8,0.83
31185,1992-04-01,1.3,0.50
31185,1992-05-01,1.4,0.27
31185,1992-06-01,1.6,0.20
31185,1992-07-01,1.2,0.17
31185,1992-08-01,1.1,0.07
31185,1992-09-01,1.3,0.00
31185,1992-10-01,1.3,0.03
31185,1992-11-01,1.2,0.07
31185,1992-12-01,1.6,0.17
31185,1993-01-01,2.3,0.50
31185,1993-02-01,2.4,0.90
31185,1993-03-01,1.8,0.97
31185,1993-04-01,1.7,0.77
31185,1993-05-01,1.9,0.60
31185,1993-06-01,2.1,0.70
31185,1993-07-01,1.8,0.73
31185,1993-08-01,1.3,0.53
31185,1993-09-01,1.5,0.33
31185,1993-10-01,1.6,0.23
31185,1993-11-01,1.4,0.23
31185,1993-12-01,1.7,0.20
31185,1994-01-01,2.1,0.27
31185,1994-02-01,2,0.47
31185,1994-03-01,2,0.57
31185,1994-04-01,1.7,0.43
31185,1994-05-01,1.6,0.30
31185,1994-06-01,1.8,0.23
31185,1994-07-01,1.1,0.03
31185,1994-08-01,1.3,0.00
31185,1994-09-01,1.2,0.00
31185,1994-10-01,1.2,0.03
31185,1994-11-01,1.2,0.00
31185,1994-12-01,1.2,0.00
31185,1995-01-01,1.7,0.17
31185,1995-02-01,1.5,0.27
31185,1995-03-01,1.4,0.33
31185,1995-04-01,1.3,0.20
31185,1995-05-01,1.3,0.13
31185,1995-06-01,1.6,0.20
31185,1995-07-01,1.5,0.27
31185,1995-08-01,1.2,0.23
31185,1995-09-01,1.4,0.17
31185,1995-10-01,1.5,0.17
31185,1995-11-01,1.4,0.23
31185,1995-12-01,1.5,0.27
31185,1996-01-01,2,0.30
31185,1996-02-01,1.7,0.40
31185,1996-03-01,1.9,0.53
31185,1996-04-01,1.8,0.47
31185,1996-05-01,2.1,0.60
31185,1996-06-01,2,0.60
31185,1996-07-01,1.9,0.63
31185,1996-08-01,1.4,0.40
31185,1996-09-01,1.3,0.17
31185,1996-10-01,1.4,0.00
31185,1996-11-01,1.4,0.00
31185,1996-12-01,1.3,0.00
31185,1997-01-01,1.5,0.03
31185,1997-02-01,1.2,0.00
31185,1997-03-01,1.2,0.00
31185,1997-04-01,0.9,0.00
31185,1997-05-01,1.1,0.00
31185,1997-06-01,1.4,0.07
31185,1997-07-01,1.2,0.17
31185,1997-08-01,1,0.13
31185,1997-09-01,1.1,0.03
31185,1997-10-01,1,0.00
31185,1997-11-01,0.9,0.00
31185,1997-12-01,1,0.00
31185,1998-01-01,1.8,0.27
31185,1998-02-01,1.8,0.57
31185,1998-03-01,1.6,0.77
31185,1998-04-01,1.2,0.57
31185,1998-05-01,1.3,0.40
31185,1998-06-01,1.5,0.37
31185,1998-07-01,1.3,0.40
31185,1998-08-01,1.4,0.43
31185,1998-09-01,1.2,0.33
31185,1998-10-01,1.3,0.33
31185,1998-11-01,1.2,0.27
31185,1998-12-01,1.2,0.27
31185,1999-01-01,1.6,0.10
31185,1999-02-01,1.6,0.23
31185,1999-03-01,1.6,0.37
31185,1999-04-01,1.4,0.30
31185,1999-05-01,1.4,0.23
31185,1999-06-01,1.6,0.23
31185,1999-07-01,1.5,0.27
31185,1999-08-01,1.3,0.23
31185,1999-09-01,1.2,0.10
31185,1999-10-01,1.3,0.03
31185,1999-11-01,1.3,0.03
31185,1999-12-01,1.6,0.17
31185,2000-01-01,2.8,0.63
31185,2000-02-01,2.8,1.13
31185,2000-03-01,2.5,1.43
31185,2000-04-01,2.3,1.27
31185,2000-05-01,2.6,1.20
31185,2000-06-01,2.9,1.33
31185,2000-07-01,2.6,1.43
31185,2000-08-01,2.4,1.37
31185,2000-09-01,2.1,1.10
31185,2000-10-01,2.3,1.00
31185,2000-11-01,2.3,0.97
31185,2000-12-01,2.1,0.83
31185,2001-01-01,3,0.57
31185,2001-02-01,3.1,0.50
31185,2001-03-01,3.3,0.90
31185,2001-04-01,2.4,0.70
31185,2001-05-01,2.5,0.50
31185,2001-06-01,2.9,0.37
31185,2001-07-01,2.7,0.47
31185,2001-08-01,2.5,0.47
31185,2001-09-01,2.3,0.27
31185,2001-10-01,2.5,0.20
31185,2001-11-01,2.7,0.27
31185,2001-12-01,2.7,0.40
31185,2002-01-01,3.5,0.53
31185,2002-02-01,3.3,0.73
31185,2002-03-01,3.3,0.93
31185,2002-04-01,3,0.77
31185,2002-05-01,2.8,0.60
31185,2002-06-01,3.3,0.60
31185,2002-07-01,3,0.60
31185,2002-08-01,2.5,0.50
31185,2002-09-01,2.6,0.27
31185,2002-10-01,2.7,0.17
31185,2002-11-01,2.7,0.17
31185,2002-12-01,3.1,0.23
31185,2003-01-01,3.2,0.40
31185,2003-02-01,3.6,0.70
31185,2003-03-01,3.3,0.77
31185,2003-04-01,3.3,0.80
31185,2003-05-01,3.3,0.70
31185,2003-06-01,3.9,0.90
31185,2003-07-01,3.6,1.00
31185,2003-08-01,3.1,0.93
31185,2003-09-01,3.3,0.73
31185,2003-10-01,2.9,0.50
31185,2003-11-01,2.9,0.37
31185,2003-12-01,3,0.10
31185,2004-01-01,3.5,0.20
31185,2004-02-01,3.4,0.37
31185,2004-03-01,3.5,0.53
31185,2004-04-01,2.9,0.33
31185,2004-05-01,3.1,0.23
31185,2004-06-01,3.4,0.20
31185,2004-07-01,3.3,0.33
31185,2004-08-01,2.9,0.27
31185,2004-09-01,2.9,0.10
31185,2004-10-01,2.8,0.00
31185,2004-11-01,2.8,0.00
31185,2004-12-01,3.1,0.07
31185,2005-01-01,3.4,0.27
31185,2005-02-01,3.3,0.43
31185,2005-03-01,3.1,0.43
31185,2005-04-01,2.9,0.27
31185,2005-05-01,2.9,0.13
31185,2005-06-01,2.9,0.07
31185,2005-07-01,3,0.10
31185,2005-08-01,2.5,0.00
31185,2005-09-01,2.5,0.00
31185,2005-10-01,2.4,0.00
31185,2005-11-01,2.5,0.00
31185,2005-12-01,2.4,0.00
31185,2006-01-01,2.8,0.13
31185,2006-02-01,2.5,0.13
31185,2006-03-01,2.5,0.17
31185,2006-04-01,2.5,0.07
31185,2006-05-01,2.2,0.00
31185,2006-06-01,2.5,0.00
31185,2006-07-01,2.5,0.00
31185,2006-08-01,2.3,0.03
31185,2006-09-01,2,0.00
31185,2006-10-01,2.8,0.10
31185,2006-11-01,2.1,0.03
31185,2006-12-01,2.2,0.10
31185,2007-01-01,3.6,0.37
31185,2007-02-01,2.9,0.63
31185,2007-03-01,2.7,0.80
31185,2007-04-01,2.6,0.47
31185,2007-05-01,2.6,0.37
31185,2007-06-01,2.8,0.40
31185,2007-07-01,2.7,0.43
31185,2007-08-01,2.4,0.37
31185,2007-09-01,2.4,0.23
31185,2007-10-01,2.5,0.13
31185,2007-11-01,2.6,0.20
31185,2007-12-01,2.4,0.13
31185,2008-01-01,3.5,0.40
31185,2008-02-01,3.3,0.63
31185,2008-03-01,3.3,0.93
31185,2008-04-01,2.9,0.73
31185,2008-05-01,3.1,0.67
31185,2008-06-01,4.7,1.13
31185,2008-07-01,3.5,1.33
31185,2008-08-01,3.3,1.40
31185,2008-09-01,3.1,0.87
31185,2008-10-01,3.2,0.77
31185,2008-11-01,4.5,1.10
31185,2008-12-01,4.8,1.67
31185,2009-01-01,4.8,1.87
31185,2009-02-01,4.7,1.70
31185,2009-03-01,5.6,1.93
31185,2009-04-01,5.1,2.03
31185,2009-05-01,4.2,1.87
31185,2009-06-01,4.5,1.40
31185,2009-07-01,4.4,1.17
31185,2009-08-01,4.2,1.17
31185,2009-09-01,5.4,1.47
31185,2009-10-01,5,1.67
31185,2009-11-01,4.9,1.50
31185,2009-12-01,5.5,0.97
31185,2010-01-01,6,1.10
31185,2010-02-01,5.4,1.27
31185,2010-03-01,5.2,1.17
31185,2010-04-01,4.4,0.63
31185,2010-05-01,4.2,0.23
31185,2010-06-01,4.6,0.03
31185,2010-07-01,4.5,0.07
31185,2010-08-01,4.6,0.20
31185,2010-09-01,3.9,0.00
31185,2010-10-01,4,0.00
31185,2010-11-01,4,0.00
31185,2010-12-01,5.1,0.40
31185,2011-01-01,6.1,1.10
31185,2011-02-01,5.3,1.53
31185,2011-03-01,4.9,1.47
31185,2011-04-01,4.2,0.83
31185,2011-05-01,4,0.40
31185,2011-06-01,4.5,0.27
31185,2011-07-01,4.2,0.27
31185,2011-08-01,3.9,0.23
31185,2011-09-01,3.7,0.00
31185,2011-10-01,3.6,0.00
31185,2011-11-01,3.5,0.00
31185,2011-12-01,4,0.10
31185,2012-01-01,4.3,0.33
31185,2012-02-01,4.6,0.70
31185,2012-03-01,4.1,0.73
31185,2012-04-01,3.6,0.50
31185,2012-05-01,3.6,0.17
31185,2012-06-01,3.6,0.00
31185,2012-07-01,3.5,0.00
31185,2012-08-01,3.2,0.00
31185,2012-09-01,3,0.00
31185,2012-10-01,3.2,0.00
31185,2012-11-01,3.2,0.00
31185,2012-12-01,3.5,0.17
31185,2013-01-01,4.2,0.50
31185,2013-02-01,5.1,1.13
31185,2013-03-01,3.7,1.20
31185,2013-04-01,3.6,1.00
31185,2013-05-01,3.6,0.50
31185,2013-06-01,3.9,0.57
31185,2013-07-01,3.6,0.57
31185,2013-08-01,3.3,0.47
31185,2013-09-01,3.1,0.20
31185,2013-10-01,2.9,0.00
31185,2013-11-01,2.8,0.00
31185,2013-12-01,3,0.00
31185,2014-01-01,3.7,0.27
31185,2014-02-01,4.6,0.87
31185,2014-03-01,3.8,1.13
31185,2014-04-01,2.9,0.87
31185,2014-05-01,2.9,0.30
31185,2014-06-01,3.2,0.10
31185,2014-07-01,3.2,0.20
31185,2014-08-01,2.7,0.13
31185,2014-09-01,2.5,0.00
31185,2014-10-01,2.4,0.00
31185,2014-11-01,2.6,0.00
31185,2014-12-01,3.3,0.27
31185,2015-01-01,3.3,0.57
31185,2015-02-01,3.3,0.80
31185,2015-03-01,3.2,0.77
31185,2015-04-01,2.8,0.60
31185,2015-05-01,3,0.50
31185,2015-06-01,3.1,0.47
31185,2015-07-01,3.1,0.57
31185,2015-08-01,2.6,0.43
31185,2015-09-01,2.6,0.27
31185,2015-10-01,2.7,0.13
31185,2015-11-01,2.3,0.03
31185,2015-12-01,2.5,0.00
31185,2016-01-01,3.1,0.13
31185,2016-02-01,2.9,0.33
31185,2016-03-01,3.1,0.53
31185,2016-04-01,2.7,0.40
31185,2016-05-01,2.6,0.30
31185,2016-06-01,3.2,0.33
31185,2016-07-01,2.9,0.40
31185,2016-08-01,2.7,0.43
31185,2016-09-01,2.6,0.23
31185,2016-10-01,2.9,0.23
31185,2016-11-01,2.4,0.13
31185,2016-12-01,2.6,0.13
31185,2017-01-01,2.9,0.00
31185,2017-02-01,2.9,0.17
31185,2017-03-01,2.7,0.20
31185,2017-04-01,2.5,0.07
31185,2017-05-01,2.6,0.00
31185,2017-06-01,2.9,0.07
31185,2017-07-01,2.7,0.13
31185,2017-08-01,2.6,0.13
31185,2017-09-01,2.3,0.00
31185,2017-10-01,2.3,0.00
31185,2017-11-01,2.5,0.00
31185,2017-12-01,2.6,0.10
31185,2018-01-01,2.8,0.27
31185,2018-02-01,3,0.43
31185,2018-03-01,2.8,0.50
31185,2018-04-01,2.6,0.43
31185,2018-05-01,2.5,0.27
31185,2018-06-01,3.2,0.40
31185,2018-07-01,3,0.53
31185,2018-08-01,2.5,0.53
31185,2018-09-01,2.3,0.23
31185,2018-10-01,2.4,0.03
31185,2018-11-01,2.1,0.00
31185,2018-12-01,2.4,0.03
31185,2019-01-01,2.8,0.17
31185,2019-02-01,2.9,0.43
31185,2019-03-01,3.1,0.67
31185,2019-04-01,2.6,0.60
31185,2019-05-01,2.8,0.57
31185,2019-06-01,3.3,0.63
31185,2019-07-01,3.3,0.87
31185,2019-08-01,2.8,0.87
31185,2019-09-01,2.4,0.57
31185,2019-10-01,2.6,0.33
31185,2019-11-01,2.5,0.23
31185,2019-12-01,2.2,0.13
31185,2020-01-01,2.7,0.03
31185,2020-02-01,2.8,0.13
31185,2020-03-01,4.5,0.90
31185,2020-04-01,6,2.00
31185,2020-05-01,6.1,3.10
31185,2020-06-01,5.7,3.50
31185,2020-07-01,3.5,2.67
31185,2020-08-01,2.5,1.47
31185,2020-09-01,2.3,0.33
31185,2020-10-01,1.8,0.00
31185,2020-11-01,1.8,0.00
31185,2020-12-01,1.7,0.00
31185,2021-01-01,2.4,0.20
31185,2021-02-01,2.6,0.47
31185,2021-03-01,2.3,0.67
31185,2021-04-01,2.3,0.63
31185,2021-05-01,2.3,0.53
31185,2021-06-01,2.9,0.73
31185,2021-07-01,2.4,0.77
31185,2021-08-01,2,0.67
31185,2021-09-01,1.7,0.27
31185,2021-10-01,1.9,0.10
31185,2021-11-01,1.5,0.00
31185,2021-12-01,1.4,0.00
31185,2022-01-01,2,0.03
31185,2022-02-01,1.9,0.17
31185,2022-03-01,1.9,0.33
31185,2022-04-01,1.7,0.23
31185,2022-05-01,1.9,0.23
31185,2022-06-01,2.7,0.50
31185,2022-07-01,2.4,0.73
31185,2022-08-01,2.3,0.87
31185,2022-09-01,1.9,0.60
31185,2022-10-01,2.1,0.50
31185,2022-11-01,2.1,0.43
31185,2022-12-01,1.9,0.43
31185,2023-01-01,2.2,0.43
31185,2023-02-01,2.5,0.43
31185,2023-03-01,2.2,0.47
31185,2023-04-01,2.1,0.43
31185,2023-05-01,2.3,0.37
31185,2023-06-01,3,0.43
31185,2023-07-01,2.8,0.67
31185,2023-08-01,2.3,0.67
31185,2023-09-01,2.2,0.40
31185,2023-10-01,2.3,0.23
31185,2023-11-01,2,0.13
31185,2023-12-01,2.2,0.13
31185,2024-01-01,2.4,0.13
31185,2024-02-01,2.7,0.27
31185,2024-03-01,2.2,0.27
31185,2024-04-01,2.1,0.17
31185,2024-05-01,2.5,0.10
31185,2024-06-01,3,0.37
31185,2024-07-01,2.8,0.60
31185,2024-08-01,2.5,0.60
31185,2024-09-01,2.2,0.33
31185,2024-10-01,2.5,0.23
31185,2024-11-01,2.6,0.27
31185,2024-12-01,2.3,0.30
31185,2025-01-01,2.6,0.30
31185,2025-02-01,2.8,0.30
31185,2025-03-01,2.3,0.30
31185,2025-04-01,2.5,0.27
31185,2025-05-01,2.7,0.23
31185,2025-06-01,3,0.33
31185,2025-07-01,2.8,0.43
31185,2025-08-01,2.5,0.37
31185,2025-09-01,2.4,0.17
31185,2025-10-01,2.6,0.10
31185,2025-11-01,2.8,0.17
31185,2025-12-01,2.6,0.20
31185,2026-01-01,2.5,0.13
31185,2026-02-01,2.8,0.13
31185,2026-03-01,2.2,0.00
31185,2026-04-01,1.9,0.00
31185,2026-05-01,2.4,0.00
31185,2026-06-01,2.8,0.20
31185,2026-07-01,2.5,0.40
31185,2026-08-01,2.4,0.40
32001,1990-01-01,9,NaN
32001,1990-02-01,7.7,NaN
32001,1990-03-01,6.8,NaN
32001,1990-04-01,5.7,NaN
32001,1990-05-01,5.2,NaN
32001,1990-06-01,6.1,NaN
32001,1990-07-01,5.6,NaN
32001,1990-08-01,5.7,NaN
32001,1990-09-01,5.9,NaN
32001,1990-10-01,5.7,NaN
32001,1990-11-01,6.9,NaN
32001,1990-12-01,7.1,NaN
32001,1991-01-01,9.8,NaN
32001,1991-02-01,8.3,NaN
32001,1991-03-01,7.6,2.93
32001,1991-04-01,6.5,1.83
32001,1991-05-01,6.2,1.13
32001,1991-06-01,5.9,0.57
32001,1991-07-01,6,0.40
32001,1991-08-01,5,0.00
32001,1991-09-01,5.6,0.00
32001,1991-10-01,6,0.00
32001,1991-11-01,6.3,0.43
32001,1991-12-01,7.1,0.93
32001,1992-01-01,9.2,2.00
32001,1992-02-01,8.8,2.83
32001,1992-03-01,7.6,3.00
32001,1992-04-01,6.7,2.17
32001,1992-05-01,7.3,1.67
32001,1992-06-01,7.7,1.70
32001,1992-07-01,7.6,2.00
32001,1992-08-01,7.7,2.13
32001,1992-09-01,7.8,2.17
32001,1992-10-01,7.7,2.20
32001,1992-11-01,8.2,1.93
32001,1992-12-01,8.7,1.73
32001,1993-01-01,11.3,2.20
32001,1993-02-01,10.5,2.97
32001,1993-03-01,9.6,3.27
32001,1993-04-01,8.6,2.37
32001,1993-05-01,7.9,1.50
32001,1993-06-01,9.2,1.33
32001,1993-07-01,8.2,0.90
32001,1993-08-01,7.6,0.67
32001,1993-09-01,7.4,0.03
32001,1993-10-01,7.3,0.00
32001,1993-11-01,7.4,0.00
32001,1993-12-01,8,0.20
32001,1994-01-01,11.2,1.50
32001,1994-02-01,10.6,2.57
32001,1994-03-01,10.1,3.27
32001,1994-04-01,8.8,2.47
32001,1994-05-01,6.8,1.20
32001,1994-06-01,7.4,0.30
32001,1994-07-01,7.6,0.00
32001,1994-08-01,7.7,0.30
32001,1994-09-01,7.5,0.33
32001,1994-10-01,6.9,0.10
32001,1994-11-01,7.4,0.00
32001,1994-12-01,7.7,0.07
32001,1995-01-01,10.5,1.27
32001,1995-02-01,8.4,1.60
32001,1995-03-01,8.1,1.73
32001,1995-04-01,7.7,0.80
32001,1995-05-01,6.3,0.10
32001,1995-06-01,6.5,0.00
32001,1995-07-01,6.3,0.00
32001,1995-08-01,6.2,0.00
32001,1995-09-01,6,0.00
32001,1995-10-01,6.1,0.00
32001,1995-11-01,6.5,0.10
32001,1995-12-01,6.7,0.33
32001,1996-01-01,9.6,1.50
32001,1996-02-01,8.5,2.17
32001,1996-03-01,8.2,2.67
32001,1996-04-01,6.9,1.77
32001,1996-05-01,6.3,1.03
32001,1996-06-01,5.8,0.23
32001,1996-07-01,6.7,0.17
32001,1996-08-01,6,0.07
32001,1996-09-01,5.7,0.03
32001,1996-10-01,5.6,0.00
32001,1996-11-01,6.2,0.07
32001,1996-12-01,6.5,0.33
32001,1997-01-01,8.2,1.20
32001,1997-02-01,7.4,1.60
32001,1997-03-01,6.3,1.53
32001,1997-04-01,5.8,0.73
32001,1997-05-01,5.1,0.00
32001,1997-06-01,5,0.00
32001,1997-07-01,4.6,0.00
32001,1997-08-01,5.6,0.17
32001,1997-09-01,4.8,0.10
32001,1997-10-01,5.4,0.37
32001,1997-11-01,6.1,0.53
32001,1997-12-01,6.2,1.00
32001,1998-01-01,7.6,1.73
32001,1998-02-01,7.2,2.10
32001,1998-03-01,6.5,2.20
32001,1998-04-01,5.8,1.60
32001,1998-05-01,5.1,0.90
32001,1998-06-01,5.5,0.57
32001,1998-07-01,5.5,0.47
32001,1998-08-01,4.9,0.30
32001,1998-09-01,5.9,0.43
32001,1998-10-01,5.9,0.30
32001,1998-11-01,6.4,0.77
32001,1998-12-01,7.8,1.40
32001,1999-01-01,11,3.10
32001,1999-02-01,11,4.63
32001,1999-03-01,9.8,5.30
32001,1999-04-01,8.7,4.53
32001,1999-05-01,7.5,3.37
32001,1999-06-01,7.3,2.53
32001,1999-07-01,6.7,1.87
32001,1999-08-01,6.9,1.67
32001,1999-09-01,7,1.43
32001,1999-10-01,6.3,1.17
32001,1999-11-01,6.5,0.53
32001,1999-12-01,6.9,0.00
32001,2000-01-01,7,0.23
32001,2000-02-01,7.2,0.47
32001,2000-03-01,6.6,0.37
32001,2000-04-01,5.9,0.00
32001,2000-05-01,5.5,0.00
32001,2000-06-01,5.4,0.00
32001,2000-07-01,5.1,0.00
32001,2000-08-01,5.2,0.00
32001,2000-09-01,5.1,0.00
32001,2000-10-01,4.7,0.00
32001,2000-11-01,5.6,0.13
32001,2000-12-01,6.2,0.50
32001,2001-01-01,7.9,1.57
32001,2001-02-01,7.7,2.27
32001,2001-03-01,8,2.87
32001,2001-04-01,7,2.57
32001,2001-05-01,6.1,2.03
32001,2001-06-01,6.1,1.40
32001,2001-07-01,5.5,0.90
32001,2001-08-01,5.6,0.73
32001,2001-09-01,5.4,0.50
32001,2001-10-01,4.5,0.17
32001,2001-11-01,4.9,0.00
32001,2001-12-01,5.4,0.00
32001,2002-01-01,5.9,0.47
32001,2002-02-01,5.4,0.63
32001,2002-03-01,5.5,0.67
32001,2002-04-01,5.1,0.40
32001,2002-05-01,4.6,0.13
32001,2002-06-01,5,0.00
32001,2002-07-01,4.9,0.00
32001,2002-08-01,4.9,0.10
32001,2002-09-01,4.7,0.00
32001,2002-10-01,4.7,0.00
32001,2002-11-01,4.8,0.00
32001,2002-12-01,5,0.10
32001,2003-01-01,5.9,0.50
32001,2003-02-01,5.4,0.70
32001,2003-03-01,5.2,0.77
32001,2003-04-01,5.1,0.50
32001,2003-05-01,4.4,0.17
32001,2003-06-01,4.7,0.00
32001,2003-07-01,4.5,0.00
32001,2003-08-01,4.1,0.00
32001,2003-09-01,4.2,0.00
32001,2003-10-01,4.1,0.00
32001,2003-11-01,4.2,0.03
32001,2003-12-01,4.5,0.13
32001,2004-01-01,5.4,0.57
32001,2004-02-01,4.9,0.80
32001,2004-03-01,4.8,0.90
32001,2004-04-01,4.3,0.53
32001,2004-05-01,3.8,0.17
32001,2004-06-01,4.2,0.00
32001,2004-07-01,4.2,0.00
32001,2004-08-01,3.7,0.00
32001,2004-09-01,3.8,0.00
32001,2004-10-01,3.7,0.00
32001,2004-11-01,3.7,0.00
32001,2004-12-01,4.5,0.23
32001,2005-01-01,5.3,0.77
32001,2005-02-01,4.7,1.10
32001,2005-03-01,4.1,0.97
32001,2005-04-01,4,0.53
32001,2005-05-01,3.5,0.13
32001,2005-06-01,3.8,0.03
32001,2005-07-01,3.8,0.00
32001,2005-08-01,3.5,0.00
32001,2005-09-01,3.6,0.00
32001,2005-10-01,3.6,0.00
32001,2005-11-01,3.8,0.10
32001,2005-12-01,4.1,0.27
32001,2006-01-01,4.9,0.70
32001,2006-02-01,4.7,1.00
32001,2006-03-01,4.6,1.17
32001,2006-04-01,4.3,0.97
32001,2006-05-01,3.8,0.67
32001,2006-06-01,4.2,0.53
32001,2006-07-01,4.4,0.57
32001,2006-08-01,4.1,0.67
32001,2006-09-01,4,0.60
32001,2006-10-01,3.9,0.43
32001,2006-11-01,4.1,0.33
32001,2006-12-01,4.5,0.33
32001,2007-01-01,5.7,0.77
32001,2007-02-01,4.9,1.03
32001,2007-03-01,4.3,0.97
32001,2007-04-01,4.4,0.53
32001,2007-05-01,4.1,0.27
32001,2007-06-01,4.3,0.27
32001,2007-07-01,4.6,0.33
32001,2007-08-01,4.3,0.40
32001,2007-09-01,4.3,0.40
32001,2007-10-01,4.3,0.30
32001,2007-11-01,4.6,0.40
32001,2007-12-01,5,0.47
32001,2008-01-01,6.6,1.13
32001,2008-02-01,6.1,1.63
32001,2008-03-01,5.7,1.87
32001,2008-04-01,5.4,1.47
32001,2008-05-01,5.8,1.37
32001,2008-06-01,6,1.47
32001,2008-07-01,5.9,1.60
32001,2008-08-01,5.9,1.63
32001,2008-09-01,6.2,1.70
32001,2008-10-01,6.6,1.93
32001,2008-11-01,6.8,2.13
32001,2008-12-01,6.8,2.10
32001,2009-01-01,8,1.80
32001,2009-02-01,8.6,2.17
32001,2009-03-01,8.2,2.63
32001,2009-04-01,8.4,2.77
32001,2009-05-01,7.6,2.43
32001,2009-06-01,7.8,2.20
32001,2009-07-01,8,1.90
32001,2009-08-01,8.1,2.03
32001,2009-09-01,8.6,2.23
32001,2009-10-01,8.9,2.30
32001,2009-11-01,9,2.30
32001,2009-12-01,10,2.57
32001,2010-01-01,13.6,3.67
32001,2010-02-01,12.8,4.33
32001,2010-03-01,12.4,5.13
32001,2010-04-01,12.4,4.73
32001,2010-05-01,12.3,4.57
32001,2010-06-01,12.3,4.53
32001,2010-07-01,11.8,4.33
32001,2010-08-01,11.4,3.87
32001,2010-09-01,11.1,3.20
32001,2010-10-01,10.9,2.60
32001,2010-11-01,11.8,2.43
32001,2010-12-01,12,2.27
32001,2011-01-01,13.9,1.70
32001,2011-02-01,13.3,1.93
32001,2011-03-01,13.3,2.37
32001,2011-04-01,13.3,2.17
32001,2011-05-01,12.7,1.97
32001,2011-06-01,13.2,1.93
32001,2011-07-01,12.9,1.80
32001,2011-08-01,11.8,1.50
32001,2011-09-01,11.5,0.93
32001,2011-10-01,11.2,0.37
32001,2011-11-01,10.8,0.00
32001,2011-12-01,11.8,0.10
32001,2012-01-01,12.4,0.50
32001,2012-02-01,11.9,0.87
32001,2012-03-01,11.5,0.77
32001,2012-04-01,11.6,0.50
32001,2012-05-01,11.5,0.37
32001,2012-06-01,11.8,0.47
32001,2012-07-01,12.2,0.67
32001,2012-08-01,10.9,0.47
32001,2012-09-01,10.3,0.00
32001,2012-10-01,10.6,0.00
32001,2012-11-01,10.6,0.00
32001,2012-12-01,11.1,0.27
32001,2013-01-01,11.9,0.70
32001,2013-02-01,10.9,0.80
32001,2013-03-01,10.5,0.60
32001,2013-04-01,10.2,0.03
32001,2013-05-01,9.7,0.00
32001,2013-06-01,10.1,0.00
32001,2013-07-01,9.9,0.00
32001,2013-08-01,9.2,0.00
32001,2013-09-01,9,0.00
32001,2013-10-01,9.1,0.00
32001,2013-11-01,8.8,0.00
32001,2013-12-01,8.9,0.00
32001,2014-01-01,9.4,0.10
32001,2014-02-01,9.6,0.37
32001,2014-03-01,8.9,0.37
32001,2014-04-01,8.1,0.00
32001,2014-05-01,8.2,0.00
32001,2014-06-01,8.1,0.00
32001,2014-07-01,8.1,0.00
32001,2014-08-01,7.8,0.00
32001,2014-09-01,7.4,0.00
32001,2014-10-01,7.1,0.00
32001,2014-11-01,6.9,0.00
32001,2014-12-01,7,0.00
32001,2015-01-01,8,0.30
32001,2015-02-01,7.5,0.50
32001,2015-03-01,7.5,0.67
32001,2015-04-01,7.7,0.57
32001,2015-05-01,7.3,0.50
32001,2015-06-01,7.1,0.37
32001,2015-07-01,7.2,0.20
32001,2015-08-01,6.8,0.03
32001,2015-09-01,6.7,0.00
32001,2015-10-01,6.7,0.00
32001,2015-11-01,6.8,0.00
32001,2015-12-01,6.7,0.00
32001,2016-01-01,7.3,0.20
32001,2016-02-01,6.5,0.10
32001,2016-03-01,6.3,0.00
32001,2016-04-01,6.1,0.00
32001,2016-05-01,5.7,0.00
32001,2016-06-01,6.2,0.00
32001,2016-07-01,6.1,0.00
32001,2016-08-01,5.8,0.03
32001,2016-09-01,5.6,0.00
32001,2016-10-01,5.5,0.00
32001,2016-11-01,4.9,0.00
32001,2016-12-01,5.3,0.00
32001,2017-01-01,6.5,0.33
32001,2017-02-01,5.4,0.50
32001,2017-03-01,4.9,0.37
32001,2017-04-01,4.5,0.00
32001,2017-05-01,4.5,0.00
32001,2017-06-01,4.7,0.00
32001,2017-07-01,4.7,0.07
32001,2017-08-01,4.6,0.10
32001,2017-09-01,4.4,0.00
32001,2017-10-01,4.2,0.00
32001,2017-11-01,4.3,0.00
32001,2017-12-01,4.1,0.00
32001,2018-01-01,4.9,0.23
32001,2018-02-01,4.3,0.23
32001,2018-03-01,4,0.20
32001,2018-04-01,3.8,0.00
32001,2018-05-01,3.6,0.00
32001,2018-06-01,4.2,0.07
32001,2018-07-01,4.3,0.23
32001,2018-08-01,4.1,0.40
32001,2018-09-01,3.6,0.20
32001,2018-10-01,3.8,0.03
32001,2018-11-01,3.6,0.00
32001,2018-12-01,4.1,0.17
32001,2019-01-01,4.9,0.53
32001,2019-02-01,4.5,0.83
32001,2019-03-01,4.2,0.87
32001,2019-04-01,4,0.57
32001,2019-05-01,3.8,0.33
32001,2019-06-01,3.9,0.23
32001,2019-07-01,4.1,0.27
32001,2019-08-01,3.9,0.30
32001,2019-09-01,3.4,0.13
32001,2019-10-01,3.4,0.00
32001,2019-11-01,3.6,0.00
32001,2019-12-01,3.7,0.10
32001,2020-01-01,4.5,0.47
32001,2020-02-01,4.1,0.63
32001,2020-03-01,6.8,1.67
32001,2020-04-01,13,4.50
32001,2020-05-01,9.4,6.27
32001,2020-06-01,7.3,6.43
32001,2020-07-01,7,4.43
32001,2020-08-01,5.5,3.13
32001,2020-09-01,4.9,2.33
32001,2020-10-01,4.2,1.40
32001,2020-11-01,4.1,0.93
32001,2020-12-01,4,0.53
32001,2021-01-01,4.2,0.17
32001,2021-02-01,4.2,0.03
32001,2021-03-01,3.6,0.00
32001,2021-04-01,4,0.00
32001,2021-05-01,3.1,0.00
32001,2021-06-01,3.6,0.00
32001,2021-07-01,3.9,0.00
32001,2021-08-01,3.9,0.27
32001,2021-09-01,3.2,0.13
32001,2021-10-01,3.2,0.00
32001,2021-11-01,3.2,0.00
32001,2021-12-01,3.2,0.00
32001,2022-01-01,4,0.27
32001,2022-02-01,3.7,0.43
32001,2022-03-01,3.5,0.53
32001,2022-04-01,4,0.53
32001,2022-05-01,4.3,0.73
32001,2022-06-01,4.8,1.17
32001,2022-07-01,4.8,1.43
32001,2022-08-01,5.1,1.70
32001,2022-09-01,4.7,1.67
32001,2022-10-01,4.9,1.70
32001,2022-11-01,4.9,1.63
32001,2022-12-01,4.4,1.53
32001,2023-01-01,5.2,1.37
32001,2023-02-01,4.8,1.17
32001,2023-03-01,4.6,1.13
32001,2023-04-01,4.2,0.80
32001,2023-05-01,4.5,0.50
32001,2023-06-01,4.9,0.17
32001,2023-07-01,4.8,0.30
32001,2023-08-01,4.8,0.40
32001,2023-09-01,4.6,0.30
32001,2023-10-01,4.5,0.20
32001,2023-11-01,4.1,0.00
32001,2023-12-01,4.2,0.00
32001,2024-01-01,4.7,0.07
32001,2024-02-01,4.7,0.27
32001,2024-03-01,4.5,0.37
32001,2024-04-01,4.4,0.27
32001,2024-05-01,4.8,0.30
32001,2024-06-01,5.2,0.53
32001,2024-07-01,5.5,0.90
32001,2024-08-01,5.3,1.07
32001,2024-09-01,4.7,0.90
32001,2024-10-01,4.8,0.67
32001,2024-11-01,4.5,0.40
32001,2024-12-01,4.5,0.33
32001,2025-01-01,4.6,0.20
32001,2025-02-01,4.7,0.07
32001,2025-03-01,4.5,0.07
32001,2025-04-01,4.4,0.00
32001,2025-05-01,4.5,0.00
32001,2025-06-01,4.9,0.13
32001,2025-07-01,4.6,0.20
32001,2025-08-01,4.2,0.10
32001,2025-09-01,4.5,0.00
32001,2025-10-01,4.4,0.00
32001,2025-11-01,4.3,0.03
32001,2025-12-01,4.1,0.00
32001,2026-01-01,4.9,0.17
32001,2026-02-01,4.8,0.33
32001,2026-03-01,4.5,0.47
32001,2026-04-01,4.1,0.20
32001,2026-05-01,4.5,0.10
32001,2026-06-01,4.5,0.10
32001,2026-07-01,4.5,0.23
32001,2026-08-01,3.9,0.03
32003,1990-01-01,4.5,NaN
32003,1990-02-01,4,NaN
32003,1990-03-01,4,NaN
32003,1990-04-01,4.4,NaN
32003,1990-05-01,4.2,NaN
32003,1990-06-01,4.7,NaN
32003,1990-07-01,4.7,NaN
32003,1990-08-01,4.7,NaN
32003,1990-09-01,5.1,NaN
32003,1990-10-01,4.9,NaN
32003,1990-11-01,4.9,NaN
32003,1990-12-01,5,NaN
32003,1991-01-01,5.9,NaN
32003,1991-02-01,5.9,NaN
32003,1991-03-01,5.9,1.77
32003,1991-04-01,5.7,1.70
32003,1991-05-01,5.6,1.53
32003,1991-06-01,6.3,1.43
32003,1991-07-01,6.3,1.53
32003,1991-08-01,6,1.50
32003,1991-09-01,6.2,1.33
32003,1991-10-01,6,1.17
32003,1991-11-01,5.9,1.10
32003,1991-12-01,6.2,1.10
32003,1992-01-01,7.2,1.17
32003,1992-02-01,7,1.20
32003,1992-03-01,6.7,1.23
32003,1992-04-01,6.5,1.00
32003,1992-05-01,6.5,0.83
32003,1992-06-01,7.3,0.90
32003,1992-07-01,7.3,1.00
32003,1992-08-01,6.9,1.13
32003,1992-09-01,6.9,1.00
32003,1992-10-01,6.4,0.70
32003,1992-11-01,6.4,0.53
32003,1992-12-01,6.4,0.37
32003,1993-01-01,6.8,0.13
32003,1993-02-01,6.7,0.23
32003,1993-03-01,6.8,0.37
32003,1993-04-01,6.9,0.40
32003,1993-05-01,6.9,0.47
32003,1993-06-01,7.5,0.70
32003,1993-07-01,7.4,0.87
32003,1993-08-01,7.1,0.93
32003,1993-09-01,7.1,0.80
32003,1993-10-01,6.7,0.57
32003,1993-11-01,6.4,0.33
32003,1993-12-01,6.2,0.03
32003,1994-01-01,6.9,0.07
32003,1994-02-01,6.3,0.03
32003,1994-03-01,6.3,0.07
32003,1994-04-01,6.3,0.00
32003,1994-05-01,5.9,0.00
32003,1994-06-01,6.7,0.13
32003,1994-07-01,6.6,0.23
32003,1994-08-01,6.5,0.43
32003,1994-09-01,6.3,0.30
32003,1994-10-01,6.1,0.13
32003,1994-11-01,5.7,0.00
32003,1994-12-01,5.4,0.00
32003,1995-01-01,6.1,0.00
32003,1995-02-01,5.7,0.00
32003,1995-03-01,5.6,0.07
32003,1995-04-01,5.7,0.00
32003,1995-05-01,5.4,0.00
32003,1995-06-01,5.9,0.10
32003,1995-07-01,6.1,0.23
32003,1995-08-01,5.6,0.30
32003,1995-09-01,5.6,0.20
32003,1995-10-01,5.2,0.00
32003,1995-11-01,5.1,0.00
32003,1995-12-01,5.1,0.00
32003,1996-01-01,5.7,0.17
32003,1996-02-01,5,0.13
32003,1996-03-01,4.8,0.03
32003,1996-04-01,5,0.00
32003,1996-05-01,4.9,0.00
32003,1996-06-01,5.1,0.10
32003,1996-07-01,5.5,0.27
32003,1996-08-01,5,0.30
32003,1996-09-01,5,0.27
32003,1996-10-01,4.8,0.03
32003,1996-11-01,4.5,0.00
32003,1996-12-01,4.5,0.00
32003,1997-01-01,4.7,0.00
32003,1997-02-01,4.4,0.00
32003,1997-03-01,4.5,0.00
32003,1997-04-01,4.2,0.00
32003,1997-05-01,4.1,0.00
32003,1997-06-01,4.6,0.03
32003,1997-07-01,4.5,0.13
32003,1997-08-01,4.3,0.20
32003,1997-09-01,4.4,0.13
32003,1997-10-01,4.1,0.00
32003,1997-11-01,3.8,0.00
32003,1997-12-01,3.9,0.00
32003,1998-01-01,4.6,0.17
32003,1998-02-01,4.1,0.27
32003,1998-03-01,4.3,0.40
32003,1998-04-01,3.9,0.17
32003,1998-05-01,3.8,0.07
32003,1998-06-01,4.3,0.07
32003,1998-07-01,4.4,0.23
32003,1998-08-01,4.1,0.33
32003,1998-09-01,4.1,0.27
32003,1998-10-01,3.9,0.10
32003,1998-11-01,3.6,0.00
32003,1998-12-01,3.4,0.00
32003,1999-01-01,4,0.03
32003,1999-02-01,3.6,0.03
32003,1999-03-01,3.7,0.13
32003,1999-04-01,3.9,0.10
32003,1999-05-01,3.8,0.17
32003,1999-06-01,4.4,0.40
32003,1999-07-01,4.5,0.60
32003,1999-08-01,4.2,0.73
32003,1999-09-01,4.3,0.70
32003,1999-10-01,4.1,0.57
32003,1999-11-01,3.9,0.47
32003,1999-12-01,3.8,0.30
32003,2000-01-01,4.4,0.37
32003,2000-02-01,4.1,0.43
32003,2000-03-01,4.1,0.47
32003,2000-04-01,4,0.33
32003,2000-05-01,3.9,0.20
32003,2000-06-01,4.4,0.17
32003,2000-07-01,4.5,0.33
32003,2000-08-01,4.5,0.53
32003,2000-09-01,4.4,0.53
32003,2000-10-01,4.3,0.47
32003,2000-11-01,4.3,0.40
32003,2000-12-01,4.4,0.40
32003,2001-01-01,5.1,0.60
32003,2001-02-01,4.8,0.77
32003,2001-03-01,4.9,0.93
32003,2001-04-01,5,0.90
32003,2001-05-01,4.6,0.83
32003,2001-06-01,5.2,0.83
32003,2001-07-01,5.3,0.77
32003,2001-08-01,5.5,1.00
32003,2001-09-01,5.5,1.10
32003,2001-10-01,5.9,1.30
32003,2001-11-01,5.9,1.43
32003,2001-12-01,6,1.60
32003,2002-01-01,6.5,1.53
32003,2002-02-01,6,1.40
32003,2002-03-01,6,1.33
32003,2002-04-01,6,1.17
32003,2002-05-01,5.7,1.07
32003,2002-06-01,6.1,1.00
32003,2002-07-01,6.1,0.93
32003,2002-08-01,5.8,0.67
32003,2002-09-01,5.6,0.40
32003,2002-10-01,5.4,0.00
32003,2002-11-01,5.5,0.00
32003,2002-12-01,5.7,0.03
32003,2003-01-01,5.9,0.20
32003,2003-02-01,5.6,0.23
32003,2003-03-01,5.5,0.17
32003,2003-04-01,5.4,0.00
32003,2003-05-01,5.2,0.00
32003,2003-06-01,5.8,0.10
32003,2003-07-01,5.7,0.20
32003,2003-08-01,5.3,0.23
32003,2003-09-01,5.3,0.07
32003,2003-10-01,5,0.00
32003,2003-11-01,4.9,0.00
32003,2003-12-01,4.7,0.00
32003,2004-01-01,5.2,0.07
32003,2004-02-01,4.7,0.00
32003,2004-03-01,4.8,0.03
32003,2004-04-01,4.6,0.00
32003,2004-05-01,4.3,0.00
32003,2004-06-01,4.7,0.00
32003,2004-07-01,4.7,0.03
32003,2004-08-01,4.3,0.03
32003,2004-09-01,4.3,0.00
32003,2004-10-01,4.1,0.00
32003,2004-11-01,4.1,0.00
32003,2004-12-01,4.1,0.00
32003,2005-01-01,4.4,0.10
32003,2005-02-01,4.3,0.17
32003,2005-03-01,4.2,0.20
32003,2005-04-01,4.1,0.10
32003,2005-05-01,4,0.00
32003,2005-06-01,4.4,0.07
32003,2005-07-01,4.5,0.20
32003,2005-08-01,4.1,0.23
32003,2005-09-01,4.2,0.17
32003,2005-10-01,4,0.00
32003,2005-11-01,4,0.00
32003,2005-12-01,3.8,0.00
32003,2006-01-01,4.1,0.03
32003,2006-02-01,4.1,0.07
32003,2006-03-01,3.9,0.10
32003,2006-04-01,4.1,0.10
32003,2006-05-01,3.9,0.03
32003,2006-06-01,4.3,0.17
32003,2006-07-01,4.5,0.30
32003,2006-08-01,4.2,0.40
32003,2006-09-01,4.1,0.33
32003,2006-10-01,3.9,0.13
32003,2006-11-01,4.1,0.10
32003,2006-12-01,4.1,0.10
32003,2007-01-01,4.6,0.30
32003,2007-02-01,4.3,0.37
32003,2007-03-01,4.2,0.40
32003,2007-04-01,4.4,0.33
32003,2007-05-01,4.3,0.33
32003,2007-06-01,4.8,0.47
32003,2007-07-01,5.1,0.70
32003,2007-08-01,5,0.93
32003,2007-09-01,5.1,1.03
32003,2007-10-01,5,1.00
32003,2007-11-01,5,1.00
32003,2007-12-01,5.4,1.10
32003,2008-01-01,5.6,1.07
32003,2008-02-01,5.4,1.17
32003,2008-03-01,5.6,1.23
32003,2008-04-01,5.6,1.23
32003,2008-05-01,6.1,1.47
32003,2008-06-01,6.7,1.63
32003,2008-07-01,7.2,1.93
32003,2008-08-01,7.4,2.13
32003,2008-09-01,7.6,2.37
32003,2008-10-01,7.8,2.57
32003,2008-11-01,8.1,2.80
32003,2008-12-01,8.8,3.10
32003,2009-01-01,9.6,3.50
32003,2009-02-01,9.7,3.90
32003,2009-03-01,10,4.23
32003,2009-04-01,10,4.37
32003,2009-05-01,10.5,4.40
32003,2009-06-01,11.5,4.53
32003,2009-07-01,11.9,4.63
32003,2009-08-01,12,4.70
32003,2009-09-01,12.3,4.67
32003,2009-10-01,12.5,4.67
32003,2009-11-01,12.4,4.57
32003,2009-12-01,12.7,4.30
32003,2010-01-01,13.4,4.00
32003,2010-02-01,13.2,3.73
32003,2010-03-01,13.3,3.53
32003,2010-04-01,13.2,3.33
32003,2010-05-01,13.1,3.03
32003,2010-06-01,13.5,2.60
32003,2010-07-01,13.9,2.20
32003,2010-08-01,13.8,1.93
32003,2010-09-01,13.8,1.77
32003,2010-10-01,13.5,1.43
32003,2010-11-01,13.7,1.27
32003,2010-12-01,13.7,1.10
32003,2011-01-01,13.8,0.90
32003,2011-02-01,13.4,0.53
32003,2011-03-01,13.1,0.23
32003,2011-04-01,13,0.00
32003,2011-05-01,12.9,0.00
32003,2011-06-01,13.6,0.17
32003,2011-07-01,13.7,0.40
32003,2011-08-01,13.6,0.63
32003,2011-09-01,13.4,0.57
32003,2011-10-01,12.9,0.30
32003,2011-11-01,12.4,0.00
32003,2011-12-01,12.5,0.00
32003,2012-01-01,12.5,0.00
32003,2012-02-01,12.1,0.00
32003,2012-03-01,11.9,0.00
32003,2012-04-01,11.5,0.00
32003,2012-05-01,11.6,0.00
32003,2012-06-01,12.1,0.07
32003,2012-07-01,12.3,0.33
32003,2012-08-01,11.9,0.43
32003,2012-09-01,11.2,0.13
32003,2012-10-01,11,0.00
32003,2012-11-01,10.5,0.00
32003,2012-12-01,10.8,0.00
32003,2013-01-01,11.2,0.07
32003,2013-02-01,10.4,0.03
32003,2013-03-01,10.2,0.00
32003,2013-04-01,10,0.00
32003,2013-05-01,10,0.00
32003,2013-06-01,10.5,0.10
32003,2013-07-01,10.4,0.23
32003,2013-08-01,10,0.23
32003,2013-09-01,9.8,0.00
32003,2013-10-01,9.6,0.00
32003,2013-11-01,9.1,0.00
32003,2013-12-01,9.1,0.00
32003,2014-01-01,9.1,0.00
32003,2014-02-01,8.9,0.00
32003,2014-03-01,8.8,0.00
32003,2014-04-01,7.9,0.00
32003,2014-05-01,8.3,0.00
32003,2014-06-01,8.5,0.00
32003,2014-07-01,8.8,0.30
32003,2014-08-01,8.4,0.33
32003,2014-09-01,7.9,0.13
32003,2014-10-01,7.6,0.00
32003,2014-11-01,7.6,0.00
32003,2014-12-01,7.4,0.00
32003,2015-01-01,7.8,0.07
32003,2015-02-01,7.4,0.00
32003,2015-03-01,7.1,0.00
32003,2015-04-01,7,0.00
32003,2015-05-01,7,0.00
32003,2015-06-01,7.1,0.00
32003,2015-07-01,7.3,0.10
32003,2015-08-01,6.9,0.07
32003,2015-09-01,6.7,0.00
32003,2015-10-01,6.5,0.00
32003,2015-11-01,6.4,0.00
32003,2015-12-01,6.3,0.00
32003,2016-01-01,6.5,0.00
32003,2016-02-01,6.1,0.00
32003,2016-03-01,6.2,0.00
32003,2016-04-01,6.1,0.00
32003,2016-05-01,5.8,0.00
32003,2016-06-01,6.3,0.03
32003,2016-07-01,6.2,0.07
32003,2016-08-01,5.9,0.10
32003,2016-09-01,5.9,0.00
32003,2016-10-01,5.6,0.00
32003,2016-11-01,5.3,0.00
32003,2016-12-01,5.4,0.00
32003,2017-01-01,5.7,0.03
32003,2017-02-01,5.5,0.10
32003,2017-03-01,5.2,0.03
32003,2017-04-01,5.2,0.00
32003,2017-05-01,5.1,0.00
32003,2017-06-01,5.5,0.10
32003,2017-07-01,5.5,0.20
32003,2017-08-01,5.3,0.27
32003,2017-09-01,5.1,0.13
32003,2017-10-01,4.9,0.00
32003,2017-11-01,4.9,0.00
32003,2017-12-01,4.9,0.00
32003,2018-01-01,5.2,0.10
32003,2018-02-01,4.9,0.10
32003,2018-03-01,4.7,0.03
32003,2018-04-01,4.6,0.00
32003,2018-05-01,4.4,0.00
32003,2018-06-01,4.9,0.07
32003,2018-07-01,4.8,0.13
32003,2018-08-01,4.6,0.20
32003,2018-09-01,4.4,0.03
32003,2018-10-01,4.3,0.00
32003,2018-11-01,4.2,0.00
32003,2018-12-01,4.4,0.00
32003,2019-01-01,4.9,0.20
32003,2019-02-01,4.3,0.23
32003,2019-03-01,4.2,0.17
32003,2019-04-01,4.1,0.00
32003,2019-05-01,4.2,0.00
32003,2019-06-01,4.6,0.13
32003,2019-07-01,4.7,0.33
32003,2019-08-01,4.4,0.40
32003,2019-09-01,4.1,0.23
32003,2019-10-01,4.1,0.03
32003,2019-11-01,4,0.00
32003,2019-12-01,4.1,0.00
32003,2020-01-01,4.5,0.13
32003,2020-02-01,4.3,0.23
32003,2020-03-01,7.9,1.50
32003,2020-04-01,34,11.33
32003,2020-05-01,28.7,19.47
32003,2020-06-01,22.5,24.33
32003,2020-07-01,20.2,19.73
32003,2020-08-01,16.2,15.57
32003,2020-09-01,15.1,13.10
32003,2020-10-01,12.6,10.57
32003,2020-11-01,11.5,9.00
32003,2020-12-01,11.1,7.67
32003,2021-01-01,10.7,6.90
32003,2021-02-01,9.9,6.27
32003,2021-03-01,9.1,4.33
32003,2021-04-01,8.8,0.00
32003,2021-05-01,8.1,0.00
32003,2021-06-01,8.6,0.00
32003,2021-07-01,7.9,0.00
32003,2021-08-01,7.3,0.00
32003,2021-09-01,6.5,0.00
32003,2021-10-01,6,0.00
32003,2021-11-01,5.7,0.00
32003,2021-12-01,5.4,0.00
32003,2022-01-01,6.1,0.03
32003,2022-02-01,5.8,0.07
32003,2022-03-01,5.4,0.07
32003,2022-04-01,5.4,0.00
32003,2022-05-01,5.5,0.00
32003,2022-06-01,5.9,0.17
32003,2022-07-01,5.8,0.30
32003,2022-08-01,5.8,0.40
32003,2022-09-01,5.4,0.23
32003,2022-10-01,5.4,0.10
32003,2022-11-01,5.4,0.00
32003,2022-12-01,5.2,0.00
32003,2023-01-01,5.5,0.03
32003,2023-02-01,5.4,0.03
32003,2023-03-01,5.2,0.03
32003,2023-04-01,5,0.00
32003,2023-05-01,5.3,0.00
32003,2023-06-01,5.4,0.07
32003,2023-07-01,5.5,0.23
32003,2023-08-01,5.6,0.33
32003,2023-09-01,5.5,0.37
32003,2023-10-01,5.4,0.33
32003,2023-11-01,5.2,0.20
32003,2023-12-01,5.3,0.13
32003,2024-01-01,5.5,0.17
32003,2024-02-01,5.5,0.27
32003,2024-03-01,5.4,0.30
32003,2024-04-01,5.3,0.23
32003,2024-05-01,5.4,0.20
32003,2024-06-01,5.9,0.30
32003,2024-07-01,6.2,0.53
32003,2024-08-01,5.9,0.70
32003,2024-09-01,5.6,0.60
32003,2024-10-01,5.6,0.40
32003,2024-11-01,5.6,0.30
32003,2024-12-01,5.5,0.27
32003,2025-01-01,5.8,0.30
32003,2025-02-01,5.7,0.30
32003,2025-03-01,5.4,0.27
32003,2025-04-01,5.4,0.13
32003,2025-05-01,5.4,0.03
32003,2025-06-01,5.7,0.10
32003,2025-07-01,5.9,0.27
32003,2025-08-01,5.7,0.37
32003,2025-09-01,5.7,0.37
32003,2025-10-01,5.6,0.27
32003,2025-11-01,5.5,0.20
32003,2025-12-01,5.2,0.03
32003,2026-01-01,5.8,0.10
32003,2026-02-01,5.8,0.20
32003,2026-03-01,5.4,0.27
32003,2026-04-01,5.1,0.03
32003,2026-05-01,5.3,0.00
32003,2026-06-01,5.2,0.00
32003,2026-07-01,5.4,0.10
32003,2026-08-01,4.8,0.00
32005,1990-01-01,5.8,NaN
32005,1990-02-01,5.6,NaN
32005,1990-03-01,5.4,NaN
32005,1990-04-01,5,NaN
32005,1990-05-01,4.9,NaN
32005,1990-06-01,5.1,NaN
32005,1990-07-01,4.5,NaN
32005,1990-08-01,4,NaN
32005,1990-09-01,4.6,NaN
32005,1990-10-01,4.5,NaN
32005,1990-11-01,5.4,NaN
32005,1990-12-01,5.5,NaN
32005,1991-01-01,7.1,NaN
32005,1991-02-01,6.4,NaN
32005,1991-03-01,5.9,2.10
32005,1991-04-01,5.7,1.63
32005,1991-05-01,5.5,1.33
32005,1991-06-01,5.3,1.13
32005,1991-07-01,4.8,0.83
32005,1991-08-01,4.5,0.50
32005,1991-09-01,4.8,0.33
32005,1991-10-01,5.1,0.43
32005,1991-11-01,6.2,0.67
32005,1991-12-01,6.5,1.23
32005,1992-01-01,7.4,2.00
32005,1992-02-01,7.6,2.47
32005,1992-03-01,7.4,2.77
32005,1992-04-01,7.1,2.67
32005,1992-05-01,6.9,2.43
32005,1992-06-01,7.1,2.33
32005,1992-07-01,5.8,1.90
32005,1992-08-01,5.4,1.40
32005,1992-09-01,5.3,0.80
32005,1992-10-01,6.1,0.80
32005,1992-11-01,6.5,0.60
32005,1992-12-01,7.6,1.23
32005,1993-01-01,8.9,2.17
32005,1993-02-01,8.2,2.73
32005,1993-03-01,7.7,2.77
32005,1993-04-01,7.2,2.20
32005,1993-05-01,7,1.80
32005,1993-06-01,6.9,1.53
32005,1993-07-01,6.3,1.23
32005,1993-08-01,6.1,0.93
32005,1993-09-01,6.3,0.73
32005,1993-10-01,6.9,0.83
32005,1993-11-01,7.4,0.90
32005,1993-12-01,7.8,1.13
32005,1994-01-01,8.9,1.80
32005,1994-02-01,8.1,2.03
32005,1994-03-01,7.8,2.03
32005,1994-04-01,7.7,1.63
32005,1994-05-01,7.4,1.40
32005,1994-06-01,7.4,1.27
32005,1994-07-01,6.4,0.83
32005,1994-08-01,7,0.70
32005,1994-09-01,7.2,0.63
32005,1994-10-01,6.8,0.57
32005,1994-11-01,7.4,0.27
32005,1994-12-01,8,0.53
32005,1995-01-01,8.7,1.17
32005,1995-02-01,6.7,0.93
32005,1995-03-01,6.5,0.43
32005,1995-04-01,6.2,0.00
32005,1995-05-01,6.2,0.00
32005,1995-06-01,6.1,0.00
32005,1995-07-01,5.4,0.00
32005,1995-08-01,4.9,0.00
32005,1995-09-01,4.7,0.00
32005,1995-10-01,4.8,0.00
32005,1995-11-01,6.1,0.40
32005,1995-12-01,7.1,1.20
32005,1996-01-01,7.2,2.00
32005,1996-02-01,6.2,2.03
32005,1996-03-01,6.7,1.90
32005,1996-04-01,6.3,1.60
32005,1996-05-01,6.2,1.60
32005,1996-06-01,6.2,1.43
32005,1996-07-01,6.2,1.40
32005,1996-08-01,5.5,1.17
32005,1996-09-01,6.2,1.17
32005,1996-10-01,6.1,1.13
32005,1996-11-01,6.9,1.20
32005,1996-12-01,7.2,0.80
32005,1997-01-01,8.9,1.73
32005,1997-02-01,7.7,2.00
32005,1997-03-01,6.6,1.80
32005,1997-04-01,6,0.83
32005,1997-05-01,5.2,0.00
32005,1997-06-01,5.3,0.00
32005,1997-07-01,5.5,0.00
32005,1997-08-01,4.9,0.00
32005,1997-09-01,4.7,0.00
32005,1997-10-01,4.7,0.00
32005,1997-11-01,5.4,0.17
32005,1997-12-01,6.2,0.67
32005,1998-01-01,6.3,1.20
32005,1998-02-01,6.2,1.47
32005,1998-03-01,6,1.40
32005,1998-04-01,5.1,1.00
32005,1998-05-01,5.1,0.63
32005,1998-06-01,4.9,0.27
32005,1998-07-01,4.1,0.00
32005,1998-08-01,3.8,0.00
32005,1998-09-01,3.9,0.00
32005,1998-10-01,4.2,0.03
32005,1998-11-01,4.6,0.30
32005,1998-12-01,5.4,0.80
32005,1999-01-01,5.4,1.20
32005,1999-02-01,5.4,1.47
32005,1999-03-01,5.3,1.43
32005,1999-04-01,5,1.30
32005,1999-05-01,4.3,0.93
32005,1999-06-01,4.4,0.63
32005,1999-07-01,3.7,0.20
32005,1999-08-01,3.6,0.00
32005,1999-09-01,3.6,0.00
32005,1999-10-01,3.8,0.03
32005,1999-11-01,4.2,0.23
32005,1999-12-01,4.4,0.50
32005,2000-01-01,4.3,0.67
32005,2000-02-01,4,0.60
32005,2000-03-01,3.8,0.40
32005,2000-04-01,3.6,0.17
32005,2000-05-01,3.8,0.10
32005,2000-06-01,3.8,0.10
32005,2000-07-01,3.8,0.17
32005,2000-08-01,3.7,0.13
32005,2000-09-01,3.4,0.00
32005,2000-10-01,3.4,0.00
32005,2000-11-01,3.9,0.07
32005,2000-12-01,4.2,0.33
32005,2001-01-01,5,0.87
32005,2001-02-01,4.7,1.13
32005,2001-03-01,4.7,1.30
32005,2001-04-01,4.8,1.23
32005,2001-05-01,4.4,1.13
32005,2001-06-01,4.6,1.10
32005,2001-07-01,4.4,0.97
32005,2001-08-01,4.5,1.00
32005,2001-09-01,4.5,0.97
32005,2001-10-01,4.2,0.90
32005,2001-11-01,4.4,0.80
32005,2001-12-01,4.6,0.57
32005,2002-01-01,5.7,0.53
32005,2002-02-01,5.4,0.87
32005,2002-03-01,5.5,1.17
32005,2002-04-01,5.4,1.07
32005,2002-05-01,5.2,1.00
32005,2002-06-01,5.2,0.90
32005,2002-07-01,4.9,0.73
32005,2002-08-01,4.5,0.50
32005,2002-09-01,4.3,0.20
32005,2002-10-01,4.3,0.00
32005,2002-11-01,4.8,0.10
32005,2002-12-01,4.9,0.30
32005,2003-01-01,5.8,0.80
32005,2003-02-01,5.4,1.00
32005,2003-03-01,5.3,1.13
32005,2003-04-01,5.2,0.93
32005,2003-05-01,5,0.80
32005,2003-06-01,5.3,0.80
32005,2003-07-01,4.9,0.70
32005,2003-08-01,4.7,0.60
32005,2003-09-01,4.6,0.37
32005,2003-10-01,4.5,0.23
32005,2003-11-01,4.7,0.13
32005,2003-12-01,4.7,0.03
32005,2004-01-01,5.7,0.43
32005,2004-02-01,4.8,0.47
32005,2004-03-01,4.7,0.47
32005,2004-04-01,4.3,0.00
32005,2004-05-01,4.1,0.00
32005,2004-06-01,4.3,0.00
32005,2004-07-01,4.2,0.00
32005,2004-08-01,3.8,0.00
32005,2004-09-01,3.7,0.00
32005,2004-10-01,3.8,0.00
32005,2004-11-01,4.1,0.10
32005,2004-12-01,4.5,0.37
32005,2005-01-01,5.8,1.03
32005,2005-02-01,5.4,1.47
32005,2005-03-01,4.9,1.60
32005,2005-04-01,4.5,1.17
32005,2005-05-01,4.4,0.83
32005,2005-06-01,4.6,0.73
32005,2005-07-01,4.5,0.73
32005,2005-08-01,4.1,0.63
32005,2005-09-01,4.1,0.47
32005,2005-10-01,4,0.30
32005,2005-11-01,4.4,0.30
32005,2005-12-01,4.5,0.23
32005,2006-01-01,5.5,0.73
32005,2006-02-01,5,0.93
32005,2006-03-01,4.9,1.07
32005,2006-04-01,4.8,0.83
32005,2006-05-01,4.4,0.63
32005,2006-06-01,4.5,0.50
32005,2006-07-01,4.7,0.47
32005,2006-08-01,4.4,0.47
32005,2006-09-01,4.4,0.43
32005,2006-10-01,4.2,0.27
32005,2006-11-01,4.6,0.23
32005,2006-12-01,4.6,0.17
32005,2007-01-01,5.6,0.60
32005,2007-02-01,5.2,0.80
32005,2007-03-01,5,0.93
32005,2007-04-01,5,0.73
32005,2007-05-01,5,0.67
32005,2007-06-01,5.1,0.70
32005,2007-07-01,5.1,0.73
32005,2007-08-01,4.7,0.63
32005,2007-09-01,4.8,0.53
32005,2007-10-01,4.9,0.47
32005,2007-11-01,5.2,0.57
32005,2007-12-01,6.1,0.93
32005,2008-01-01,7.1,1.33
32005,2008-02-01,6.9,1.90
32005,2008-03-01,7.2,2.27
32005,2008-04-01,6.8,2.17
32005,2008-05-01,7.1,2.23
32005,2008-06-01,7.3,2.27
32005,2008-07-01,7.1,2.37
32005,2008-08-01,7.5,2.50
32005,2008-09-01,7.7,2.63
32005,2008-10-01,8,2.93
32005,2008-11-01,8.8,3.20
32005,2008-12-01,9.7,3.43
32005,2009-01-01,10.8,3.63
32005,2009-02-01,10.9,3.77
32005,2009-03-01,11,3.93
32005,2009-04-01,10.5,3.83
32005,2009-05-01,10.6,3.67
32005,2009-06-01,11.2,3.70
32005,2009-07-01,11,3.77
32005,2009-08-01,10.8,3.70
32005,2009-09-01,11.4,3.63
32005,2009-10-01,11.8,3.60
32005,2009-11-01,12.5,3.73
32005,2009-12-01,13.2,3.67
32005,2010-01-01,14,3.47
32005,2010-02-01,13.9,3.23
32005,2010-03-01,13.7,3.17
32005,2010-04-01,13.5,3.00
32005,2010-05-01,13.6,2.90
32005,2010-06-01,13,2.60
32005,2010-07-01,13.3,2.37
32005,2010-08-01,13,2.10
32005,2010-09-01,12.9,2.00
32005,2010-10-01,13.2,1.70
32005,2010-11-01,14,1.47
32005,2010-12-01,13.9,1.20
32005,2011-01-01,14.4,1.07
32005,2011-02-01,13.8,1.00
32005,2011-03-01,13.7,0.93
32005,2011-04-01,13.7,0.70
32005,2011-05-01,13.2,0.50
32005,2011-06-01,13.2,0.33
32005,2011-07-01,12.8,0.03
32005,2011-08-01,12.4,0.00
32005,2011-09-01,12.5,0.00
32005,2011-10-01,12.6,0.00
32005,2011-11-01,12.6,0.07
32005,2011-12-01,13,0.23
32005,2012-01-01,13.4,0.50
32005,2012-02-01,13.1,0.67
32005,2012-03-01,12.8,0.60
32005,2012-04-01,12.3,0.23
32005,2012-05-01,12.3,0.00
32005,2012-06-01,12.1,0.00
32005,2012-07-01,11.7,0.00
32005,2012-08-01,11,0.00
32005,2012-09-01,10.6,0.00
32005,2012-10-01,10.7,0.00
32005,2012-11-01,10.7,0.00
32005,2012-12-01,10.9,0.10
32005,2013-01-01,12.1,0.57
32005,2013-02-01,11.3,0.77
32005,2013-03-01,10.9,0.77
32005,2013-04-01,10.5,0.23
32005,2013-05-01,10.4,0.00
32005,2013-06-01,10.3,0.00
32005,2013-07-01,9.7,0.00
32005,2013-08-01,9.3,0.00
32005,2013-09-01,9.1,0.00
32005,2013-10-01,9.3,0.00
32005,2013-11-01,9.1,0.00
32005,2013-12-01,9.2,0.03
32005,2014-01-01,9.7,0.17
32005,2014-02-01,9.4,0.27
32005,2014-03-01,9.3,0.30
32005,2014-04-01,8.3,0.00
32005,2014-05-01,8.5,0.00
32005,2014-06-01,8.2,0.00
32005,2014-07-01,8.2,0.00
32005,2014-08-01,7.7,0.00
32005,2014-09-01,7.4,0.00
32005,2014-10-01,7.6,0.00
32005,2014-11-01,7.7,0.00
32005,2014-12-01,7.6,0.07
32005,2015-01-01,8.2,0.27
32005,2015-02-01,7.9,0.33
32005,2015-03-01,7.2,0.20
32005,2015-04-01,7.4,0.00
32005,2015-05-01,7.1,0.00
32005,2015-06-01,6.6,0.00
32005,2015-07-01,6.6,0.00
32005,2015-08-01,6.2,0.00
32005,2015-09-01,6,0.00
32005,2015-10-01,6.2,0.00
32005,2015-11-01,6.5,0.10
32005,2015-12-01,6.3,0.20
32005,2016-01-01,6.9,0.43
32005,2016-02-01,6.4,0.40
32005,2016-03-01,6.3,0.40
32005,2016-04-01,6.2,0.17
32005,2016-05-01,5.7,0.00
32005,2016-06-01,5.7,0.00
32005,2016-07-01,5.5,0.00
32005,2016-08-01,5.2,0.00
32005,2016-09-01,5.3,0.00
32005,2016-10-01,5.3,0.00
32005,2016-11-01,5.3,0.03
32005,2016-12-01,5.4,0.07
32005,2017-01-01,6.2,0.37
32005,2017-02-01,5.9,0.57
32005,2017-03-01,5.3,0.53
32005,2017-04-01,5.1,0.17
32005,2017-05-01,5,0.00
32005,2017-06-01,4.6,0.00
32005,2017-07-01,4.6,0.00
32005,2017-08-01,4.5,0.00
32005,2017-09-01,4.3,0.00
32005,2017-10-01,4.4,0.00
32005,2017-11-01,4.4,0.00
32005,2017-12-01,4.5,0.07
32005,2018-01-01,5.2,0.33
32005,2018-02-01,4.6,0.40
32005,2018-03-01,4.4,0.37
32005,2018-04-01,4.2,0.03
32005,2018-05-01,4,0.00
32005,2018-06-01,4.2,0.00
32005,2018-07-01,4,0.00
32005,2018-08-01,4,0.00
32005,2018-09-01,3.8,0.00
32005,2018-10-01,3.8,0.00
32005,2018-11-01,4,0.00
32005,2018-12-01,4.4,0.20
32005,2019-01-01,5.2,0.67
32005,2019-02-01,4.8,0.93
32005,2019-03-01,4.5,0.97
32005,2019-04-01,4.3,0.67
32005,2019-05-01,4.1,0.43
32005,2019-06-01,4,0.27
32005,2019-07-01,4,0.17
32005,2019-08-01,3.9,0.10
32005,2019-09-01,3.5,0.00
32005,2019-10-01,3.7,0.00
32005,2019-11-01,3.9,0.00
32005,2019-12-01,4.2,0.23
32005,2020-01-01,4.7,0.57
32005,2020-02-01,4.4,0.73
32005,2020-03-01,7.4,1.80
32005,2020-04-01,22.3,7.67
32005,2020-05-01,17.4,12.00
32005,2020-06-01,11.9,13.50
32005,2020-07-01,10.2,9.47
32005,2020-08-01,7.9,6.30
32005,2020-09-01,7.4,4.80
32005,2020-10-01,6.1,3.43
32005,2020-11-01,5.9,2.77
32005,2020-12-01,6,2.07
32005,2021-01-01,5.8,1.63
32005,2021-02-01,5.5,1.33
32005,2021-03-01,4.7,0.00
32005,2021-04-01,4.8,0.00
32005,2021-05-01,4.1,0.00
32005,2021-06-01,4.4,0.00
32005,2021-07-01,4.5,0.00
32005,2021-08-01,4.3,0.07
32005,2021-09-01,3.8,0.00
32005,2021-10-01,3.8,0.00
32005,2021-11-01,3.6,0.00
32005,2021-12-01,3.8,0.00
32005,2022-01-01,4.7,0.30
32005,2022-02-01,4.4,0.57
32005,2022-03-01,4.1,0.67
32005,2022-04-01,4.4,0.57
32005,2022-05-01,4.6,0.63
32005,2022-06-01,5.1,0.97
32005,2022-07-01,4.7,1.07
32005,2022-08-01,4.8,1.13
32005,2022-09-01,4.4,0.90
32005,2022-10-01,4.8,0.93
32005,2022-11-01,4.9,0.97
32005,2022-12-01,4.6,1.03
32005,2023-01-01,5.4,0.93
32005,2023-02-01,5.2,0.77
32005,2023-03-01,4.8,0.83
32005,2023-04-01,4.4,0.50
32005,2023-05-01,4.9,0.33
32005,2023-06-01,4.5,0.00
32005,2023-07-01,4.4,0.00
32005,2023-08-01,4.7,0.00
32005,2023-09-01,4.7,0.07
32005,2023-10-01,4.8,0.20
32005,2023-11-01,4.5,0.13
32005,2023-12-01,4.6,0.10
32005,2024-01-01,4.9,0.13
32005,2024-02-01,4.9,0.27
32005,2024-03-01,4.8,0.33
32005,2024-04-01,4.6,0.23
32005,2024-05-01,4.7,0.17
32005,2024-06-01,4.9,0.20
32005,2024-07-01,4.9,0.30
32005,2024-08-01,4.7,0.30
32005,2024-09-01,4.4,0.07
32005,2024-10-01,4.6,0.00
32005,2024-11-01,4.4,0.00
32005,2024-12-01,4.3,0.00
32005,2025-01-01,4.8,0.07
32005,2025-02-01,4.7,0.17
32005,2025-03-01,4.3,0.17
32005,2025-04-01,4.5,0.07
32005,2025-05-01,4.4,0.00
32005,2025-06-01,4.5,0.07
32005,2025-07-01,4.3,0.00
32005,2025-08-01,3.9,0.00
32005,2025-09-01,4.2,0.00
32005,2025-10-01,4.2,0.00
32005,2025-11-01,4.2,0.10
32005,2025-12-01,4,0.03
32005,2026-01-01,4.6,0.17
32005,2026-02-01,4.6,0.30
32005,2026-03-01,4.3,0.40
32005,2026-04-01,4,0.20
32005,2026-05-01,4.2,0.07
32005,2026-06-01,4,0.00
32005,2026-07-01,4,0.00
32005,2026-08-01,3.4,0.00
32007,1990-01-01,7.1,NaN
32007,1990-02-01,6,NaN
32007,1990-03-01,5.4,NaN
32007,1990-04-01,4.6,NaN
32007,1990-05-01,3.9,NaN
32007,1990-06-01,4.2,NaN
32007,1990-07-01,5.1,NaN
32007,1990-08-01,3.8,NaN
32007,1990-09-01,4.1,NaN
32007,1990-10-01,4.3,NaN
32007,1990-11-01,4.6,NaN
32007,1990-12-01,5.8,NaN
32007,1991-01-01,6.7,NaN
32007,1991-02-01,5.8,NaN
32007,1991-03-01,5.3,1.87
32007,1991-04-01,4.3,1.07
32007,1991-05-01,4.6,0.67
32007,1991-06-01,4.4,0.37
32007,1991-07-01,4.1,0.30
32007,1991-08-01,3.6,0.00
32007,1991-09-01,3.8,0.00
32007,1991-10-01,4.1,0.00
32007,1991-11-01,5.5,0.63
32007,1991-12-01,5.7,1.27
32007,1992-01-01,6.9,2.20
32007,1992-02-01,6.3,2.47
32007,1992-03-01,5.9,2.53
32007,1992-04-01,5.8,2.17
32007,1992-05-01,5.5,1.90
32007,1992-06-01,6.3,2.03
32007,1992-07-01,5.9,2.07
32007,1992-08-01,5.5,2.07
32007,1992-09-01,5.7,1.87
32007,1992-10-01,5,1.57
32007,1992-11-01,5.6,0.97
32007,1992-12-01,6.6,0.63
32007,1993-01-01,8.4,1.47
32007,1993-02-01,8.2,2.33
32007,1993-03-01,7.8,2.73
32007,1993-04-01,6.9,2.23
32007,1993-05-01,6.4,1.63
32007,1993-06-01,6.6,1.23
32007,1993-07-01,6.3,1.03
32007,1993-08-01,5.4,0.70
32007,1993-09-01,5.5,0.33
32007,1993-10-01,5.2,0.00
32007,1993-11-01,5.5,0.03
32007,1993-12-01,5.7,0.10
32007,1994-01-01,8,1.03
32007,1994-02-01,7.7,1.77
32007,1994-03-01,7.4,2.33
32007,1994-04-01,6.5,1.83
32007,1994-05-01,6,1.27
32007,1994-06-01,5.7,0.70
32007,1994-07-01,5.7,0.43
32007,1994-08-01,5.3,0.20
32007,1994-09-01,5.8,0.23
32007,1994-10-01,5.3,0.10
32007,1994-11-01,5.4,0.10
32007,1994-12-01,6.3,0.20
32007,1995-01-01,8.7,1.33
32007,1995-02-01,7.5,2.03
32007,1995-03-01,7.1,2.30
32007,1995-04-01,6.2,1.47
32007,1995-05-01,6,0.97
32007,1995-06-01,6,0.60
32007,1995-07-01,5.7,0.43
32007,1995-08-01,5.4,0.23
32007,1995-09-01,5,0.00
32007,1995-10-01,4.4,0.00
32007,1995-11-01,5.1,0.00
32007,1995-12-01,5.5,0.17
32007,1996-01-01,7.2,1.10
32007,1996-02-01,6.5,1.57
32007,1996-03-01,6.1,1.77
32007,1996-04-01,5.7,1.27
32007,1996-05-01,4.9,0.73
32007,1996-06-01,4.7,0.27
32007,1996-07-01,4.4,0.00
32007,1996-08-01,4.2,0.00
32007,1996-09-01,3.9,0.00
32007,1996-10-01,3.7,0.00
32007,1996-11-01,4.4,0.07
32007,1996-12-01,5,0.43
32007,1997-01-01,6.6,1.40
32007,1997-02-01,6.1,1.97
32007,1997-03-01,6,2.30
32007,1997-04-01,5,1.77
32007,1997-05-01,4.3,1.17
32007,1997-06-01,4.9,0.80
32007,1997-07-01,4.4,0.60
32007,1997-08-01,4,0.50
32007,1997-09-01,3.7,0.10
32007,1997-10-01,3.4,0.00
32007,1997-11-01,3.6,0.00
32007,1997-12-01,4.2,0.17
32007,1998-01-01,6.6,1.23
32007,1998-02-01,6.6,2.23
32007,1998-03-01,7.2,3.23
32007,1998-04-01,6.6,3.23
32007,1998-05-01,5.8,2.97
32007,1998-06-01,5.9,2.53
32007,1998-07-01,4.9,1.97
32007,1998-08-01,4.6,1.57
32007,1998-09-01,4.4,1.07
32007,1998-10-01,4.4,0.90
32007,1998-11-01,4.6,0.90
32007,1998-12-01,5.1,0.97
32007,1999-01-01,6.8,1.03
32007,1999-02-01,6.7,1.73
32007,1999-03-01,6.1,2.07
32007,1999-04-01,5.6,1.67
32007,1999-05-01,4.7,1.00
32007,1999-06-01,4.8,0.57
32007,1999-07-01,4.3,0.13
32007,1999-08-01,3.8,0.00
32007,1999-09-01,3.8,0.00
32007,1999-10-01,3.8,0.00
32007,1999-11-01,3.9,0.03
32007,1999-12-01,4,0.10
32007,2000-01-01,4.6,0.37
32007,2000-02-01,4.1,0.43
32007,2000-03-01,4,0.43
32007,2000-04-01,3.7,0.13
32007,2000-05-01,3.6,0.00
32007,2000-06-01,3.7,0.00
32007,2000-07-01,3.5,0.00
32007,2000-08-01,3.3,0.00
32007,2000-09-01,3.1,0.00
32007,2000-10-01,3.1,0.00
32007,2000-11-01,3.4,0.03
32007,2000-12-01,3.7,0.23
32007,2001-01-01,5.8,1.13
32007,2001-02-01,5.6,1.87
32007,2001-03-01,5.7,2.53
32007,2001-04-01,5.4,2.40
32007,2001-05-01,4.8,2.13
32007,2001-06-01,5.1,1.93
32007,2001-07-01,4.6,1.67
32007,2001-08-01,4.6,1.60
32007,2001-09-01,4.3,1.33
32007,2001-10-01,3.7,1.03
32007,2001-11-01,3.8,0.73
32007,2001-12-01,4.1,0.47
32007,2002-01-01,5,0.43
32007,2002-02-01,4.9,0.80
32007,2002-03-01,4.8,1.03
32007,2002-04-01,4.8,0.97
32007,2002-05-01,4.4,0.80
32007,2002-06-01,4.7,0.77
32007,2002-07-01,4.6,0.70
32007,2002-08-01,4.2,0.63
32007,2002-09-01,4.1,0.43
32007,2002-10-01,4.1,0.27
32007,2002-11-01,4.5,0.37
32007,2002-12-01,4.8,0.60
32007,2003-01-01,5.9,0.93
32007,2003-02-01,5.7,1.33
32007,2003-03-01,5.3,1.50
32007,2003-04-01,5,1.20
32007,2003-05-01,4.4,0.77
32007,2003-06-01,4.6,0.53
32007,2003-07-01,4.4,0.33
32007,2003-08-01,4.1,0.23
32007,2003-09-01,3.9,0.00
32007,2003-10-01,3.7,0.00
32007,2003-11-01,4,0.00
32007,2003-12-01,4.2,0.10
32007,2004-01-01,5.2,0.60
32007,2004-02-01,4.6,0.80
32007,2004-03-01,4.2,0.80
32007,2004-04-01,3.9,0.37
32007,2004-05-01,3.6,0.03
32007,2004-06-01,3.9,0.00
32007,2004-07-01,3.9,0.00
32007,2004-08-01,3.3,0.00
32007,2004-09-01,3.2,0.00
32007,2004-10-01,3.3,0.00
32007,2004-11-01,3.4,0.03
32007,2004-12-01,3.8,0.23
32007,2005-01-01,4.6,0.67
32007,2005-02-01,4.4,1.00
32007,2005-03-01,3.9,1.03
32007,2005-04-01,3.7,0.73
32007,2005-05-01,3.1,0.30
32007,2005-06-01,3.6,0.20
32007,2005-07-01,3.6,0.17
32007,2005-08-01,3.3,0.23
32007,2005-09-01,3.3,0.13
32007,2005-10-01,3.1,0.00
32007,2005-11-01,3.4,0.03
32007,2005-12-01,3.6,0.13
32007,2006-01-01,4.3,0.53
32007,2006-02-01,4.2,0.80
32007,2006-03-01,3.8,0.87
32007,2006-04-01,3.9,0.73
32007,2006-05-01,3.2,0.40
32007,2006-06-01,3.7,0.37
32007,2006-07-01,3.7,0.30
32007,2006-08-01,3.3,0.33
32007,2006-09-01,3,0.10
32007,2006-10-01,2.9,0.00
32007,2006-11-01,3.2,0.00
32007,2006-12-01,3.2,0.07
32007,2007-01-01,4,0.43
32007,2007-02-01,3.7,0.60
32007,2007-03-01,3.5,0.70
32007,2007-04-01,3.6,0.57
32007,2007-05-01,3,0.33
32007,2007-06-01,3.4,0.30
32007,2007-07-01,3.6,0.30
32007,2007-08-01,3.3,0.40
32007,2007-09-01,3.3,0.37
32007,2007-10-01,3.2,0.23
32007,2007-11-01,3.2,0.20
32007,2007-12-01,3.9,0.33
32007,2008-01-01,4.7,0.70
32007,2008-02-01,4.4,1.10
32007,2008-03-01,4.3,1.23
32007,2008-04-01,3.9,0.97
32007,2008-05-01,3.9,0.80
32007,2008-06-01,4.4,0.83
32007,2008-07-01,4.3,0.97
32007,2008-08-01,4.3,1.10
32007,2008-09-01,4.4,1.10
32007,2008-10-01,4.4,1.13
32007,2008-11-01,4.6,1.23
32007,2008-12-01,4.9,1.20
32007,2009-01-01,6.2,1.30
32007,2009-02-01,6.2,1.73
32007,2009-03-01,6.1,2.13
32007,2009-04-01,5.8,2.00
32007,2009-05-01,5.7,1.83
32007,2009-06-01,6.2,1.83
32007,2009-07-01,6.1,1.80
32007,2009-08-01,5.8,1.70
32007,2009-09-01,6,1.63
32007,2009-10-01,6.3,1.67
32007,2009-11-01,6.2,1.70
32007,2009-12-01,6.8,1.80
32007,2010-01-01,8.3,1.87
32007,2010-02-01,8.3,2.03
32007,2010-03-01,8.4,2.47
32007,2010-04-01,8.2,2.43
32007,2010-05-01,7.9,2.30
32007,2010-06-01,8,2.13
32007,2010-07-01,7.7,1.90
32007,2010-08-01,7.1,1.63
32007,2010-09-01,7.1,1.33
32007,2010-10-01,6.8,0.97
32007,2010-11-01,7,0.80
32007,2010-12-01,7,0.50
32007,2011-01-01,7.6,0.27
32007,2011-02-01,7.4,0.40
32007,2011-03-01,7.7,0.63
32007,2011-04-01,7.6,0.63
32007,2011-05-01,7.3,0.60
32007,2011-06-01,7.7,0.60
32007,2011-07-01,7.4,0.53
32007,2011-08-01,7,0.43
32007,2011-09-01,6.9,0.17
32007,2011-10-01,6.5,0.00
32007,2011-11-01,6.5,0.00
32007,2011-12-01,6.8,0.00
32007,2012-01-01,7.4,0.30
32007,2012-02-01,7,0.47
32007,2012-03-01,7,0.53
32007,2012-04-01,6.7,0.30
32007,2012-05-01,6.5,0.13
32007,2012-06-01,7,0.13
32007,2012-07-01,6.9,0.20
32007,2012-08-01,6.3,0.13
32007,2012-09-01,5.9,0.00
32007,2012-10-01,5.9,0.00
32007,2012-11-01,5.9,0.00
32007,2012-12-01,6.4,0.17
32007,2013-01-01,7.2,0.60
32007,2013-02-01,6.8,0.90
32007,2013-03-01,6.8,1.03
32007,2013-04-01,6.6,0.83
32007,2013-05-01,6.2,0.63
32007,2013-06-01,7,0.70
32007,2013-07-01,6.8,0.77
32007,2013-08-01,6.2,0.77
32007,2013-09-01,6.1,0.47
32007,2013-10-01,6.1,0.23
32007,2013-11-01,5.7,0.07
32007,2013-12-01,5.9,0.00
32007,2014-01-01,6.8,0.23
32007,2014-02-01,6.8,0.60
32007,2014-03-01,6.5,0.80
32007,2014-04-01,5.7,0.43
32007,2014-05-01,5.8,0.10
32007,2014-06-01,5.9,0.00
32007,2014-07-01,6.1,0.13
32007,2014-08-01,5.6,0.07
32007,2014-09-01,5.3,0.00
32007,2014-10-01,4.9,0.00
32007,2014-11-01,5.1,0.00
32007,2014-12-01,5.2,0.00
32007,2015-01-01,6.4,0.50
32007,2015-02-01,5.8,0.73
32007,2015-03-01,5.6,0.87
32007,2015-04-01,5.2,0.47
32007,2015-05-01,5.1,0.23
32007,2015-06-01,5.2,0.10
32007,2015-07-01,5.4,0.17
32007,2015-08-01,4.8,0.07
32007,2015-09-01,4.7,0.00
32007,2015-10-01,4.7,0.00
32007,2015-11-01,4.8,0.00
32007,2015-12-01,5.1,0.13
32007,2016-01-01,5.3,0.33
32007,2016-02-01,5.1,0.43
32007,2016-03-01,5,0.40
32007,2016-04-01,4.7,0.20
32007,2016-05-01,4.1,0.00
32007,2016-06-01,4.6,0.00
32007,2016-07-01,4.4,0.00
32007,2016-08-01,4.1,0.00
32007,2016-09-01,4.1,0.00
32007,2016-10-01,4,0.00
32007,2016-11-01,3.7,0.00
32007,2016-12-01,3.9,0.00
32007,2017-01-01,4.7,0.23
32007,2017-02-01,4.2,0.40
32007,2017-03-01,3.8,0.37
32007,2017-04-01,3.5,0.00
32007,2017-05-01,3.4,0.00
32007,2017-06-01,3.6,0.00
32007,2017-07-01,3.8,0.10
32007,2017-08-01,3.4,0.10
32007,2017-09-01,3.2,0.00
32007,2017-10-01,3.1,0.00
32007,2017-11-01,3.1,0.00
32007,2017-12-01,3.2,0.00
32007,2018-01-01,3.8,0.23
32007,2018-02-01,3.4,0.33
32007,2018-03-01,3.1,0.30
32007,2018-04-01,2.9,0.00
32007,2018-05-01,2.6,0.00
32007,2018-06-01,2.9,0.00
32007,2018-07-01,3,0.03
32007,2018-08-01,2.9,0.13
32007,2018-09-01,2.6,0.03
32007,2018-10-01,2.7,0.00
32007,2018-11-01,2.8,0.00
32007,2018-12-01,3.1,0.17
32007,2019-01-01,3.8,0.53
32007,2019-02-01,3.5,0.77
32007,2019-03-01,3.2,0.80
32007,2019-04-01,2.9,0.50
32007,2019-05-01,2.7,0.23
32007,2019-06-01,3,0.17
32007,2019-07-01,3.2,0.27
32007,2019-08-01,2.9,0.33
32007,2019-09-01,2.6,0.20
32007,2019-10-01,2.6,0.00
32007,2019-11-01,2.8,0.00
32007,2019-12-01,2.9,0.10
32007,2020-01-01,3.6,0.43
32007,2020-02-01,3.4,0.63
32007,2020-03-01,5.2,1.40
32007,2020-04-01,15.7,5.43
32007,2020-05-01,12.9,8.60
32007,2020-06-01,6.1,8.90
32007,2020-07-01,5.6,5.53
32007,2020-08-01,4.4,2.70
32007,2020-09-01,4.1,2.03
32007,2020-10-01,3.6,1.37
32007,2020-11-01,3.5,1.07
32007,2020-12-01,3.7,0.83
32007,2021-01-01,3.9,0.60
32007,2021-02-01,4.1,0.60
32007,2021-03-01,3.3,0.17
32007,2021-04-01,3.4,0.00
32007,2021-05-01,2.8,0.00
32007,2021-06-01,3,0.00
32007,2021-07-01,3.2,0.00
32007,2021-08-01,3.1,0.10
32007,2021-09-01,2.5,0.00
32007,2021-10-01,2.6,0.00
32007,2021-11-01,2.5,0.00
32007,2021-12-01,2.5,0.00
32007,2022-01-01,3.4,0.27
32007,2022-02-01,3.3,0.53
32007,2022-03-01,3.1,0.73
32007,2022-04-01,3.4,0.73
32007,2022-05-01,3.4,0.77
32007,2022-06-01,4.1,1.10
32007,2022-07-01,4,1.30
32007,2022-08-01,4,1.50
32007,2022-09-01,3.6,1.33
32007,2022-10-01,3.8,1.27
32007,2022-11-01,3.7,1.17
32007,2022-12-01,3.4,1.10
32007,2023-01-01,3.9,0.87
32007,2023-02-01,3.7,0.60
32007,2023-03-01,3.5,0.43
32007,2023-04-01,3.4,0.27
32007,2023-05-01,3.6,0.20
32007,2023-06-01,4.1,0.20
32007,2023-07-01,4.1,0.43
32007,2023-08-01,4.1,0.60
32007,2023-09-01,3.9,0.53
32007,2023-10-01,3.8,0.43
32007,2023-11-01,3.6,0.27
32007,2023-12-01,3.6,0.17
32007,2024-01-01,3.8,0.17
32007,2024-02-01,3.8,0.23
32007,2024-03-01,3.9,0.33
32007,2024-04-01,3.7,0.30
32007,2024-05-01,3.9,0.33
32007,2024-06-01,4.3,0.30
32007,2024-07-01,4.3,0.50
32007,2024-08-01,4.1,0.57
32007,2024-09-01,3.6,0.33
32007,2024-10-01,3.8,0.17
32007,2024-11-01,3.7,0.03
32007,2024-12-01,3.9,0.13
32007,2025-01-01,4.1,0.23
32007,2025-02-01,4,0.30
32007,2025-03-01,4.1,0.37
32007,2025-04-01,3.6,0.20
32007,2025-05-01,3.8,0.13
32007,2025-06-01,4,0.10
32007,2025-07-01,3.9,0.20
32007,2025-08-01,3.5,0.10
32007,2025-09-01,3.7,0.00
32007,2025-10-01,3.65,0.00
32007,2025-11-01,3.6,0.03
32007,2025-12-01,3.5,0.00
32007,2026-01-01,4,0.12
32007,2026-02-01,4,0.25
32007,2026-03-01,3.7,0.32
32007,2026-04-01,3.3,0.08
32007,2026-05-01,3.6,0.00
32007,2026-06-01,3.5,0.00
32007,2026-07-01,3.3,0.00
32007,2026-08-01,2.8,0.00
32009,1990-01-01,7.5,NaN
32009,1990-02-01,6.4,NaN
32009,1990-03-01,4.7,NaN
32009,1990-04-01,5.6,NaN
32009,1990-05-01,6.7,NaN
32009,1990-06-01,6.1,NaN
32009,1990-07-01,5.9,NaN
32009,1990-08-01,5.8,NaN
32009,1990-09-01,6,NaN
32009,1990-10-01,5.8,NaN
32009,1990-11-01,5.3,NaN
32009,1990-12-01,5,NaN
32009,1991-01-01,4.8,NaN
32009,1991-02-01,5.1,NaN
32009,1991-03-01,6.2,0.40
32009,1991-04-01,4.4,0.27
32009,1991-05-01,4.3,0.00
32009,1991-06-01,3.7,0.00
32009,1991-07-01,3.7,0.00
32009,1991-08-01,3.5,0.00
32009,1991-09-01,3,0.00
32009,1991-10-01,3.2,0.00
32009,1991-11-01,4.4,0.30
32009,1991-12-01,3.4,0.43
32009,1992-01-01,2.6,0.23
32009,1992-02-01,4.6,0.30
32009,1992-03-01,4,0.50
32009,1992-04-01,10.5,3.13
32009,1992-05-01,14.1,6.30
32009,1992-06-01,14.1,9.67
32009,1992-07-01,10.5,9.67
32009,1992-08-01,9.5,8.13
32009,1992-09-01,8.4,6.23
32009,1992-10-01,6.5,4.90
32009,1992-11-01,6,3.50
32009,1992-12-01,7.3,3.13
32009,1993-01-01,12.3,5.07
32009,1993-02-01,12.1,7.03
32009,1993-03-01,10.9,8.03
32009,1993-04-01,10.2,4.70
32009,1993-05-01,8,3.10
32009,1993-06-01,11.9,3.43
32009,1993-07-01,9.6,3.23
32009,1993-08-01,10.7,4.13
32009,1993-09-01,11.1,3.87
32009,1993-10-01,10.3,4.10
32009,1993-11-01,8.9,3.50
32009,1993-12-01,8,2.47
32009,1994-01-01,12.9,1.40
32009,1994-02-01,10.3,1.33
32009,1994-03-01,9.3,1.77
32009,1994-04-01,8.6,0.33
32009,1994-05-01,9.1,0.00
32009,1994-06-01,6.7,0.00
32009,1994-07-01,6.2,0.00
32009,1994-08-01,5.7,0.00
32009,1994-09-01,4.3,0.00
32009,1994-10-01,4.9,0.00
32009,1994-11-01,4.7,0.00
32009,1994-12-01,5.3,0.33
32009,1995-01-01,4.6,0.23
32009,1995-02-01,8.5,1.50
32009,1995-03-01,9.6,2.93
32009,1995-04-01,9.9,4.70
32009,1995-05-01,10.5,5.37
32009,1995-06-01,8.1,4.87
32009,1995-07-01,6.4,3.70
32009,1995-08-01,8,2.87
32009,1995-09-01,8.2,2.90
32009,1995-10-01,7.3,3.20
32009,1995-11-01,7.5,3.03
32009,1995-12-01,5.8,2.00
32009,1996-01-01,6.9,1.87
32009,1996-02-01,6.2,0.17
32009,1996-03-01,8.2,0.80
32009,1996-04-01,9,1.50
32009,1996-05-01,9.5,2.60
32009,1996-06-01,8.8,2.80
32009,1996-07-01,8.8,2.73
32009,1996-08-01,7.8,2.17
32009,1996-09-01,7.1,1.60
32009,1996-10-01,5.2,0.40
32009,1996-11-01,5,0.00
32009,1996-12-01,5.4,0.00
32009,1997-01-01,3.9,0.00
32009,1997-02-01,6.3,0.43
32009,1997-03-01,5.8,0.57
32009,1997-04-01,5.6,1.13
32009,1997-05-01,5.9,1.00
32009,1997-06-01,8.2,1.80
32009,1997-07-01,5.7,1.83
32009,1997-08-01,4.7,1.43
32009,1997-09-01,5,0.37
32009,1997-10-01,5.7,0.37
32009,1997-11-01,4,0.13
32009,1997-12-01,5.3,0.23
32009,1998-01-01,9.3,1.43
32009,1998-02-01,5.6,1.83
32009,1998-03-01,5.9,2.03
32009,1998-04-01,7.1,1.30
32009,1998-05-01,7.2,1.83
32009,1998-06-01,7.2,2.27
32009,1998-07-01,6.4,2.03
32009,1998-08-01,7.6,2.17
32009,1998-09-01,15.2,4.83
32009,1998-10-01,15.6,7.90
32009,1998-11-01,14,10.03
32009,1998-12-01,12.9,9.17
32009,1999-01-01,13.5,7.27
32009,1999-02-01,12.4,6.73
32009,1999-03-01,10.9,6.07
32009,1999-04-01,11.1,5.27
32009,1999-05-01,7.5,3.10
32009,1999-06-01,8.1,1.97
32009,1999-07-01,9.6,1.47
32009,1999-08-01,9.1,1.87
32009,1999-09-01,9.7,1.07
32009,1999-10-01,10.4,1.33
32009,1999-11-01,8.2,1.03
32009,1999-12-01,11,1.47
32009,2000-01-01,10.5,1.50
32009,2000-02-01,8.5,1.60
32009,2000-03-01,8.5,0.77
32009,2000-04-01,8,0.00
32009,2000-05-01,9.8,0.43
32009,2000-06-01,9.9,0.90
32009,2000-07-01,7.3,0.67
32009,2000-08-01,7.4,0.00
32009,2000-09-01,5.9,0.00
32009,2000-10-01,5.8,0.00
32009,2000-11-01,7.4,0.00
32009,2000-12-01,7.5,0.53
32009,2001-01-01,6.7,0.83
32009,2001-02-01,6.5,0.53
32009,2001-03-01,6.9,0.33
32009,2001-04-01,6.5,0.27
32009,2001-05-01,6.4,0.23
32009,2001-06-01,7.6,0.47
32009,2001-07-01,9.8,1.57
32009,2001-08-01,8.6,2.30
32009,2001-09-01,7.4,2.23
32009,2001-10-01,6.5,1.13
32009,2001-11-01,6.9,0.57
32009,2001-12-01,7.5,0.37
32009,2002-01-01,8,0.87
32009,2002-02-01,7.8,1.17
32009,2002-03-01,9.6,1.87
32009,2002-04-01,8.3,1.97
32009,2002-05-01,7.3,1.80
32009,2002-06-01,8.3,1.13
32009,2002-07-01,7.2,0.67
32009,2002-08-01,6,0.23
32009,2002-09-01,5,0.00
32009,2002-10-01,5.1,0.00
32009,2002-11-01,5.1,0.00
32009,2002-12-01,5.4,0.13
32009,2003-01-01,5.5,0.27
32009,2003-02-01,5.6,0.43
32009,2003-03-01,4.9,0.27
32009,2003-04-01,4.5,0.00
32009,2003-05-01,4.5,0.00
32009,2003-06-01,5.2,0.10
32009,2003-07-01,4.4,0.07
32009,2003-08-01,3.9,0.00
32009,2003-09-01,4.3,0.00
32009,2003-10-01,3.4,0.00
32009,2003-11-01,3.2,0.00
32009,2003-12-01,3,0.00
32009,2004-01-01,3.5,0.03
32009,2004-02-01,5.2,0.70
32009,2004-03-01,5.1,1.40
32009,2004-04-01,4.9,1.87
32009,2004-05-01,4.9,1.77
32009,2004-06-01,5.4,1.87
32009,2004-07-01,6.5,2.40
32009,2004-08-01,5.9,2.73
32009,2004-09-01,4.3,2.37
32009,2004-10-01,5.3,1.97
32009,2004-11-01,5.9,1.97
32009,2004-12-01,6.5,2.70
32009,2005-01-01,5.3,2.67
32009,2005-02-01,6.7,2.27
32009,2005-03-01,6.3,1.50
32009,2005-04-01,4.6,0.90
32009,2005-05-01,3.9,0.00
32009,2005-06-01,4.3,0.00
32009,2005-07-01,4.2,0.00
32009,2005-08-01,3.3,0.00
32009,2005-09-01,4.3,0.00
32009,2005-10-01,4.4,0.07
32009,2005-11-01,5.1,0.67
32009,2005-12-01,4.3,0.67
32009,2006-01-01,4.6,0.73
32009,2006-02-01,4.8,0.63
32009,2006-03-01,4.5,0.70
32009,2006-04-01,4.1,0.53
32009,2006-05-01,3.6,0.13
32009,2006-06-01,4.2,0.03
32009,2006-07-01,4.2,0.07
32009,2006-08-01,4.1,0.23
32009,2006-09-01,4.3,0.27
32009,2006-10-01,4.6,0.37
32009,2006-11-01,3.7,0.23
32009,2006-12-01,3.8,0.07
32009,2007-01-01,3.4,0.00
32009,2007-02-01,3.7,0.00
32009,2007-03-01,3.1,0.00
32009,2007-04-01,2.8,0.00
32009,2007-05-01,2.6,0.00
32009,2007-06-01,4.3,0.40
32009,2007-07-01,4.2,0.87
32009,2007-08-01,3.2,1.07
32009,2007-09-01,3.2,0.70
32009,2007-10-01,3.2,0.37
32009,2007-11-01,2.5,0.13
32009,2007-12-01,3.1,0.10
32009,2008-01-01,4.9,0.67
32009,2008-02-01,3.8,1.10
32009,2008-03-01,4.7,1.63
32009,2008-04-01,4.2,1.40
32009,2008-05-01,4.8,1.73
32009,2008-06-01,5.2,1.80
32009,2008-07-01,5,2.07
32009,2008-08-01,4.5,1.97
32009,2008-09-01,4.9,1.87
32009,2008-10-01,5.3,1.97
32009,2008-11-01,6.6,2.67
32009,2008-12-01,6.8,3.30
32009,2009-01-01,6.1,3.00
32009,2009-02-01,5.9,2.33
32009,2009-03-01,6.8,2.03
32009,2009-04-01,6.9,2.30
32009,2009-05-01,6.8,2.27
32009,2009-06-01,7.7,2.40
32009,2009-07-01,7.9,2.67
32009,2009-08-01,6.2,2.47
32009,2009-09-01,6.1,1.93
32009,2009-10-01,7,1.53
32009,2009-11-01,6.9,1.07
32009,2009-12-01,7.5,0.90
32009,2010-01-01,12,2.53
32009,2010-02-01,10.6,3.77
32009,2010-03-01,10.8,4.87
32009,2010-04-01,11.2,4.43
32009,2010-05-01,10.6,4.43
32009,2010-06-01,10.1,4.20
32009,2010-07-01,9.7,3.70
32009,2010-08-01,8.2,2.90
32009,2010-09-01,8.8,2.47
32009,2010-10-01,7.5,1.73
32009,2010-11-01,8.7,1.67
32009,2010-12-01,9,1.27
32009,2011-01-01,7.8,0.33
32009,2011-02-01,7.8,0.03
32009,2011-03-01,8.2,0.00
32009,2011-04-01,8,0.07
32009,2011-05-01,7.2,0.00
32009,2011-06-01,8.9,0.23
32009,2011-07-01,10.2,0.97
32009,2011-08-01,7.4,1.03
32009,2011-09-01,7.5,0.57
32009,2011-10-01,7.4,0.00
32009,2011-11-01,6.8,0.00
32009,2011-12-01,7.3,0.00
32009,2012-01-01,7.8,0.13
32009,2012-02-01,7.1,0.23
32009,2012-03-01,7.2,0.20
32009,2012-04-01,8.4,0.40
32009,2012-05-01,7,0.37
32009,2012-06-01,8.2,0.70
32009,2012-07-01,8.1,0.60
32009,2012-08-01,7,0.60
32009,2012-09-01,6.8,0.13
32009,2012-10-01,6.4,0.00
32009,2012-11-01,5.4,0.00
32009,2012-12-01,6.6,0.00
32009,2013-01-01,6.1,0.00
32009,2013-02-01,5.8,0.13
32009,2013-03-01,5.7,0.00
32009,2013-04-01,5,0.00
32009,2013-05-01,5.6,0.00
32009,2013-06-01,5.6,0.00
32009,2013-07-01,5.5,0.17
32009,2013-08-01,5,0.00
32009,2013-09-01,4.6,0.00
32009,2013-10-01,3.9,0.00
32009,2013-11-01,3.7,0.00
32009,2013-12-01,4.2,0.00
32009,2014-01-01,4.4,0.17
32009,2014-02-01,4.9,0.57
32009,2014-03-01,4.9,0.80
32009,2014-04-01,3.9,0.63
32009,2014-05-01,4,0.33
32009,2014-06-01,4.4,0.17
32009,2014-07-01,4.7,0.43
32009,2014-08-01,4.5,0.60
32009,2014-09-01,4.6,0.67
32009,2014-10-01,4.5,0.60
32009,2014-11-01,4.8,0.70
32009,2014-12-01,5,0.83
32009,2015-01-01,5,0.83
32009,2015-02-01,4.5,0.73
32009,2015-03-01,3.9,0.37
32009,2015-04-01,4.8,0.30
32009,2015-05-01,3.6,0.00
32009,2015-06-01,4,0.03
32009,2015-07-01,4.1,0.00
32009,2015-08-01,3.9,0.10
32009,2015-09-01,4.2,0.17
32009,2015-10-01,4.8,0.40
32009,2015-11-01,5.4,0.90
32009,2015-12-01,4.7,1.07
32009,2016-01-01,8.6,2.33
32009,2016-02-01,8.3,3.30
32009,2016-03-01,6.8,4.00
32009,2016-04-01,7.8,3.73
32009,2016-05-01,7.2,3.37
32009,2016-06-01,6.7,3.33
32009,2016-07-01,8.6,3.60
32009,2016-08-01,7.3,3.53
32009,2016-09-01,6.7,3.47
32009,2016-10-01,6.7,2.60
32009,2016-11-01,5.6,1.53
32009,2016-12-01,5.9,1.10
32009,2017-01-01,6.6,0.00
32009,2017-02-01,5.6,0.00
32009,2017-03-01,5.4,0.00
32009,2017-04-01,6.1,0.00
32009,2017-05-01,5.2,0.00
32009,2017-06-01,5,0.00
32009,2017-07-01,6.3,0.07
32009,2017-08-01,6.3,0.43
32009,2017-09-01,5.8,0.70
32009,2017-10-01,5.7,0.50
32009,2017-11-01,7.2,0.80
32009,2017-12-01,8.2,1.60
32009,2018-01-01,6.9,2.00
32009,2018-02-01,6.9,1.90
32009,2018-03-01,5.8,1.10
32009,2018-04-01,7.3,1.23
32009,2018-05-01,7.9,1.57
32009,2018-06-01,9.1,2.67
32009,2018-07-01,8.6,3.03
32009,2018-08-01,7.7,2.60
32009,2018-09-01,5.8,1.43
32009,2018-10-01,5.6,0.43
32009,2018-11-01,6.1,0.00
32009,2018-12-01,6.4,0.20
32009,2019-01-01,6,0.33
32009,2019-02-01,6.1,0.33
32009,2019-03-01,5.2,0.00
32009,2019-04-01,4.2,0.00
32009,2019-05-01,4,0.00
32009,2019-06-01,6,0.27
32009,2019-07-01,5.8,0.80
32009,2019-08-01,5.6,1.33
32009,2019-09-01,5.7,1.23
32009,2019-10-01,5.9,1.27
32009,2019-11-01,4.8,1.00
32009,2019-12-01,6.9,1.40
32009,2020-01-01,6.3,1.53
32009,2020-02-01,6.3,2.03
32009,2020-03-01,8.5,2.57
32009,2020-04-01,10.5,3.97
32009,2020-05-01,8.9,4.83
32009,2020-06-01,6.3,3.83
32009,2020-07-01,7.7,2.37
32009,2020-08-01,6.1,1.23
32009,2020-09-01,6.7,1.37
32009,2020-10-01,6.9,1.10
32009,2020-11-01,7.3,1.50
32009,2020-12-01,8.2,1.60
32009,2021-01-01,5.3,0.93
32009,2021-02-01,6.2,0.07
32009,2021-03-01,4.5,0.00
32009,2021-04-01,4.6,0.00
32009,2021-05-01,4.2,0.00
32009,2021-06-01,5,0.17
32009,2021-07-01,5.9,0.60
32009,2021-08-01,5.9,1.17
32009,2021-09-01,5,1.17
32009,2021-10-01,5.1,0.90
32009,2021-11-01,4.2,0.33
32009,2021-12-01,4.5,0.17
32009,2022-01-01,5.2,0.20
32009,2022-02-01,4.3,0.23
32009,2022-03-01,4.3,0.17
32009,2022-04-01,3.9,0.00
32009,2022-05-01,4.7,0.13
32009,2022-06-01,6,0.70
32009,2022-07-01,7.6,1.93
32009,2022-08-01,7.9,3.00
32009,2022-09-01,6.3,3.10
32009,2022-10-01,7.1,2.93
32009,2022-11-01,6.4,2.43
32009,2022-12-01,5.6,2.20
32009,2023-01-01,5.2,1.57
32009,2023-02-01,5,1.10
32009,2023-03-01,4.7,0.80
32009,2023-04-01,4.4,0.53
32009,2023-05-01,5,0.40
32009,2023-06-01,5.2,0.17
32009,2023-07-01,5.9,0.67
32009,2023-08-01,7.7,1.57
32009,2023-09-01,6.4,1.97
32009,2023-10-01,6.3,2.10
32009,2023-11-01,6.4,1.67
32009,2023-12-01,5.7,1.43
32009,2024-01-01,6.2,1.40
32009,2024-02-01,8,1.93
32009,2024-03-01,9.1,3.07
32009,2024-04-01,9,4.00
32009,2024-05-01,7.8,3.93
32009,2024-06-01,7.5,3.23
32009,2024-07-01,8.7,2.63
32009,2024-08-01,7.9,1.93
32009,2024-09-01,8,2.10
32009,2024-10-01,6.8,1.47
32009,2024-11-01,7.1,1.20
32009,2024-12-01,5.8,0.47
32009,2025-01-01,8.8,1.13
32009,2025-02-01,9,1.30
32009,2025-03-01,7.6,1.90
32009,2025-04-01,9.1,2.00
32009,2025-05-01,7,1.33
32009,2025-06-01,6.6,1.00
32009,2025-07-01,6.9,0.27
32009,2025-08-01,5.3,0.00
32009,2025-09-01,5.4,0.00
32009,2025-10-01,5.9,0.00
32009,2025-11-01,6.4,0.37
32009,2025-12-01,6.7,0.80
32009,2026-01-01,8.7,1.73
32009,2026-02-01,9,2.60
32009,2026-03-01,7.1,2.73
32009,2026-04-01,4.4,1.30
32009,2026-05-01,5.1,0.00
32009,2026-06-01,5.5,0.00
32009,2026-07-01,6.4,0.67
32009,2026-08-01,5.3,0.73
32011,1990-01-01,7.1,NaN
32011,1990-02-01,4.8,NaN
32011,1990-03-01,6.6,NaN
32011,1990-04-01,5.3,NaN
32011,1990-05-01,4.6,NaN
32011,1990-06-01,6.2,NaN
32011,1990-07-01,3.8,NaN
32011,1990-08-01,3.3,NaN
32011,1990-09-01,5.9,NaN
32011,1990-10-01,6.2,NaN
32011,1990-11-01,6.8,NaN
32011,1990-12-01,5.7,NaN
32011,1991-01-01,5.4,NaN
32011,1991-02-01,3.9,NaN
32011,1991-03-01,4,0.10
32011,1991-04-01,4.3,0.00
32011,1991-05-01,3,0.00
32011,1991-06-01,3.9,0.00
32011,1991-07-01,4.5,0.07
32011,1991-08-01,5.1,0.77
32011,1991-09-01,5.2,1.20
32011,1991-10-01,3.8,0.97
32011,1991-11-01,4.6,0.80
32011,1991-12-01,5.5,0.90
32011,1992-01-01,5,1.30
32011,1992-02-01,5,1.43
32011,1992-03-01,4.8,1.20
32011,1992-04-01,5.3,1.30
32011,1992-05-01,4.9,1.27
32011,1992-06-01,5.2,1.40
32011,1992-07-01,5.5,1.40
32011,1992-08-01,5.5,0.90
32011,1992-09-01,6.7,1.37
32011,1992-10-01,6.2,1.60
32011,1992-11-01,6.5,1.93
32011,1992-12-01,8.3,2.37
32011,1993-01-01,11.8,3.93
32011,1993-02-01,8.1,4.47
32011,1993-03-01,8.3,4.47
32011,1993-04-01,7.1,2.83
32011,1993-05-01,6.4,2.27
32011,1993-06-01,5.8,1.30
32011,1993-07-01,5.8,0.80
32011,1993-08-01,6.2,0.53
32011,1993-09-01,5.4,0.00
32011,1993-10-01,7.3,0.50
32011,1993-11-01,7.7,1.00
32011,1993-12-01,7.5,1.70
32011,1994-01-01,15,4.27
32011,1994-02-01,15.1,6.73
32011,1994-03-01,14.7,9.13
32011,1994-04-01,12.6,8.33
32011,1994-05-01,11.4,7.10
32011,1994-06-01,10,5.53
32011,1994-07-01,8,4.00
32011,1994-08-01,8.4,3.00
32011,1994-09-01,8.9,2.63
32011,1994-10-01,8.4,2.27
32011,1994-11-01,8.1,1.67
32011,1994-12-01,12.1,2.03
32011,1995-01-01,14.4,3.10
32011,1995-02-01,14.6,5.27
32011,1995-03-01,10.4,4.70
32011,1995-04-01,11.7,3.80
32011,1995-05-01,9.6,2.13
32011,1995-06-01,10.2,2.07
32011,1995-07-01,7.3,0.60
32011,1995-08-01,6.2,0.00
32011,1995-09-01,5.5,0.00
32011,1995-10-01,5.6,0.00
32011,1995-11-01,5.9,0.00
32011,1995-12-01,6.5,0.33
32011,1996-01-01,12.4,2.60
32011,1996-02-01,9.7,3.87
32011,1996-03-01,8.6,4.57
32011,1996-04-01,8.9,3.40
32011,1996-05-01,8.7,3.07
32011,1996-06-01,7.1,2.57
32011,1996-07-01,5.9,1.57
32011,1996-08-01,6,0.67
32011,1996-09-01,4.8,0.00
32011,1996-10-01,4.1,0.00
32011,1996-11-01,4.5,0.00
32011,1996-12-01,4.1,0.00
32011,1997-01-01,5.3,0.40
32011,1997-02-01,6.1,0.93
32011,1997-03-01,6.9,1.87
32011,1997-04-01,8,2.77
32011,1997-05-01,5.4,2.53
32011,1997-06-01,6.5,2.40
32011,1997-07-01,6.6,1.93
32011,1997-08-01,4.3,1.57
32011,1997-09-01,7.4,1.87
32011,1997-10-01,4.7,1.23
32011,1997-11-01,5.9,1.77
32011,1997-12-01,5,0.97
32011,1998-01-01,6.9,1.30
32011,1998-02-01,6.6,1.00
32011,1998-03-01,7.4,1.77
32011,1998-04-01,6.7,1.70
32011,1998-05-01,6.3,1.60
32011,1998-06-01,4.9,0.77
32011,1998-07-01,4.8,0.13
32011,1998-08-01,4.5,0.00
32011,1998-09-01,3.8,0.00
32011,1998-10-01,4.4,0.00
32011,1998-11-01,3.2,0.00
32011,1998-12-01,3.8,0.00
32011,1999-01-01,5.3,0.30
32011,1999-02-01,5.6,1.10
32011,1999-03-01,4.3,1.27
32011,1999-04-01,3.4,0.63
32011,1999-05-01,3.9,0.07
32011,1999-06-01,5.5,0.47
32011,1999-07-01,4.4,0.80
32011,1999-08-01,4,0.83
32011,1999-09-01,3.3,0.10
32011,1999-10-01,3.1,0.00
32011,1999-11-01,2.7,0.00
32011,1999-12-01,2.5,0.00
32011,2000-01-01,3.7,0.20
32011,2000-02-01,2.4,0.10
32011,2000-03-01,2.8,0.20
32011,2000-04-01,2.6,0.00
32011,2000-05-01,2.9,0.17
32011,2000-06-01,3.1,0.27
32011,2000-07-01,3.3,0.50
32011,2000-08-01,3.1,0.57
32011,2000-09-01,3,0.53
32011,2000-10-01,2.9,0.40
32011,2000-11-01,3.5,0.53
32011,2000-12-01,2.7,0.43
32011,2001-01-01,5,1.13
32011,2001-02-01,4.7,1.53
32011,2001-03-01,4,1.97
32011,2001-04-01,3.8,1.57
32011,2001-05-01,3.4,0.97
32011,2001-06-01,4.3,0.97
32011,2001-07-01,4.3,1.00
32011,2001-08-01,4,1.20
32011,2001-09-01,4.7,1.33
32011,2001-10-01,3.3,1.00
32011,2001-11-01,3.3,0.73
32011,2001-12-01,3.3,0.27
32011,2002-01-01,5.1,0.60
32011,2002-02-01,4.7,1.07
32011,2002-03-01,4.4,1.43
32011,2002-04-01,5.4,1.53
32011,2002-05-01,4.8,1.57
32011,2002-06-01,4.4,1.57
32011,2002-07-01,4.8,1.37
32011,2002-08-01,4.3,1.20
32011,2002-09-01,3,0.73
32011,2002-10-01,3.3,0.23
32011,2002-11-01,5.3,0.57
32011,2002-12-01,5.7,1.47
32011,2003-01-01,8.7,3.03
32011,2003-02-01,6.5,3.43
32011,2003-03-01,7.1,3.90
32011,2003-04-01,5.8,2.93
32011,2003-05-01,5.2,2.50
32011,2003-06-01,4.7,1.70
32011,2003-07-01,4.5,1.27
32011,2003-08-01,4.8,1.13
32011,2003-09-01,3.8,0.83
32011,2003-10-01,4.2,0.73
32011,2003-11-01,5.5,0.63
32011,2003-12-01,4.8,0.57
32011,2004-01-01,5.1,0.87
32011,2004-02-01,3.9,0.33
32011,2004-03-01,3.3,0.00
32011,2004-04-01,4.1,0.00
32011,2004-05-01,4.1,0.07
32011,2004-06-01,4.6,0.50
32011,2004-07-01,5,0.80
32011,2004-08-01,3.2,0.50
32011,2004-09-01,2.5,0.00
32011,2004-10-01,3.3,0.00
32011,2004-11-01,2.7,0.00
32011,2004-12-01,7.4,1.63
32011,2005-01-01,4.3,1.97
32011,2005-02-01,4.1,2.43
32011,2005-03-01,3.5,1.13
32011,2005-04-01,3.9,1.00
32011,2005-05-01,2.7,0.53
32011,2005-06-01,3,0.37
32011,2005-07-01,2.9,0.03
32011,2005-08-01,3,0.13
32011,2005-09-01,3.1,0.17
32011,2005-10-01,2,0.00
32011,2005-11-01,3.3,0.10
32011,2005-12-01,4.7,0.63
32011,2006-01-01,6,1.97
32011,2006-02-01,4.6,2.40
32011,2006-03-01,4.2,2.23
32011,2006-04-01,4.7,1.80
32011,2006-05-01,3.6,1.47
32011,2006-06-01,3.4,1.20
32011,2006-07-01,3.4,0.77
32011,2006-08-01,3.2,0.63
32011,2006-09-01,3.3,0.60
32011,2006-10-01,3.1,0.50
32011,2006-11-01,2.9,0.30
32011,2006-12-01,3.3,0.00
32011,2007-01-01,5.3,0.73
32011,2007-02-01,5.6,1.63
32011,2007-03-01,3.8,1.80
32011,2007-04-01,3.8,1.30
32011,2007-05-01,3.5,0.60
32011,2007-06-01,4.4,0.80
32011,2007-07-01,4.6,1.07
32011,2007-08-01,4.1,1.27
32011,2007-09-01,4.8,1.40
32011,2007-10-01,4.6,1.40
32011,2007-11-01,4.9,1.67
32011,2007-12-01,3.8,1.33
32011,2008-01-01,6.4,1.33
32011,2008-02-01,5.7,1.60
32011,2008-03-01,5.8,2.27
32011,2008-04-01,5.4,1.93
32011,2008-05-01,5.2,1.77
32011,2008-06-01,5.2,1.37
32011,2008-07-01,5.1,1.00
32011,2008-08-01,5.3,0.83
32011,2008-09-01,4.7,0.60
32011,2008-10-01,4.1,0.27
32011,2008-11-01,4.7,0.07
32011,2008-12-01,5.8,0.43
32011,2009-01-01,6.5,1.17
32011,2009-02-01,5.6,1.47
32011,2009-03-01,6.1,1.57
32011,2009-04-01,6.1,1.43
32011,2009-05-01,5.3,1.33
32011,2009-06-01,5.2,1.03
32011,2009-07-01,6.3,1.10
32011,2009-08-01,7,1.67
32011,2009-09-01,7.9,2.57
32011,2009-10-01,6.8,2.73
32011,2009-11-01,6.8,2.67
32011,2009-12-01,7.9,2.30
32011,2010-01-01,9.6,2.57
32011,2010-02-01,8.7,3.20
32011,2010-03-01,8.9,3.53
32011,2010-04-01,9.2,3.40
32011,2010-05-01,8.9,3.47
32011,2010-06-01,8,3.17
32011,2010-07-01,7.4,2.50
32011,2010-08-01,6.7,1.20
32011,2010-09-01,6.3,0.00
32011,2010-10-01,5.8,0.00
32011,2010-11-01,6.8,0.03
32011,2010-12-01,7.5,0.43
32011,2011-01-01,7.8,1.10
32011,2011-02-01,7.5,1.33
32011,2011-03-01,8,1.50
32011,2011-04-01,8.5,1.73
32011,2011-05-01,8.1,1.93
32011,2011-06-01,8.4,2.07
32011,2011-07-01,7.4,1.70
32011,2011-08-01,5.6,0.87
32011,2011-09-01,5.6,0.00
32011,2011-10-01,5.4,0.00
32011,2011-11-01,5.7,0.03
32011,2011-12-01,6.3,0.27
32011,2012-01-01,7.6,1.00
32011,2012-02-01,7.3,1.53
32011,2012-03-01,6.8,1.70
32011,2012-04-01,7.3,1.60
32011,2012-05-01,6.8,1.43
32011,2012-06-01,7,1.50
32011,2012-07-01,6.9,1.37
32011,2012-08-01,5.2,0.83
32011,2012-09-01,5,0.17
32011,2012-10-01,5.4,0.00
32011,2012-11-01,5.2,0.00
32011,2012-12-01,6.3,0.43
32011,2013-01-01,7.2,1.03
32011,2013-02-01,7.8,1.90
32011,2013-03-01,7.3,2.23
32011,2013-04-01,7.1,2.20
32011,2013-05-01,6.2,1.67
32011,2013-06-01,7,1.57
32011,2013-07-01,6.6,1.40
32011,2013-08-01,5.7,1.23
32011,2013-09-01,5.3,0.67
32011,2013-10-01,5.4,0.27
32011,2013-11-01,5.1,0.07
32011,2013-12-01,6,0.23
32011,2014-01-01,6.9,0.73
32011,2014-02-01,7.3,1.47
32011,2014-03-01,7.1,1.83
32011,2014-04-01,6.2,1.60
32011,2014-05-01,5.7,1.07
32011,2014-06-01,6.6,0.90
32011,2014-07-01,6.8,1.10
32011,2014-08-01,5.3,0.97
32011,2014-09-01,5.5,0.60
32011,2014-10-01,5.4,0.13
32011,2014-11-01,6,0.37
32011,2014-12-01,5.8,0.33
32011,2015-01-01,7.9,1.17
32011,2015-02-01,6.1,1.20
32011,2015-03-01,5.5,1.10
32011,2015-04-01,6.6,0.67
32011,2015-05-01,5.9,0.60
32011,2015-06-01,5.7,0.67
32011,2015-07-01,6.5,0.63
32011,2015-08-01,6.1,0.70
32011,2015-09-01,5.4,0.60
32011,2015-10-01,5.6,0.30
32011,2015-11-01,5.2,0.00
32011,2015-12-01,5.3,0.00
32011,2016-01-01,7.9,0.77
32011,2016-02-01,6.9,1.33
32011,2016-03-01,6.4,1.70
32011,2016-04-01,6.7,1.30
32011,2016-05-01,6.2,1.07
32011,2016-06-01,6.9,1.23
32011,2016-07-01,6.4,1.13
32011,2016-08-01,6.3,1.17
32011,2016-09-01,5.7,0.77
32011,2016-10-01,5.5,0.47
32011,2016-11-01,4.9,0.00
32011,2016-12-01,4.8,0.00
32011,2017-01-01,5.8,0.10
32011,2017-02-01,5.9,0.43
32011,2017-03-01,4.1,0.20
32011,2017-04-01,4.6,0.00
32011,2017-05-01,3.9,0.00
32011,2017-06-01,3.8,0.00
32011,2017-07-01,4.2,0.00
32011,2017-08-01,3.9,0.00
32011,2017-09-01,3.8,0.00
32011,2017-10-01,3.6,0.00
32011,2017-11-01,3.5,0.00
32011,2017-12-01,3.4,0.00
32011,2018-01-01,4.9,0.43
32011,2018-02-01,4.6,0.80
32011,2018-03-01,3.4,0.80
32011,2018-04-01,3.7,0.40
32011,2018-05-01,3.4,0.00
32011,2018-06-01,3.4,0.00
32011,2018-07-01,3.8,0.03
32011,2018-08-01,3.9,0.20
32011,2018-09-01,2.9,0.03
32011,2018-10-01,3,0.00
32011,2018-11-01,3.2,0.00
32011,2018-12-01,3,0.03
32011,2019-01-01,4,0.37
32011,2019-02-01,3.2,0.37
32011,2019-03-01,3.3,0.47
32011,2019-04-01,3.7,0.37
32011,2019-05-01,3.3,0.40
32011,2019-06-01,3.6,0.50
32011,2019-07-01,4.2,0.67
32011,2019-08-01,4.2,0.97
32011,2019-09-01,3.7,1.00
32011,2019-10-01,3.4,0.73
32011,2019-11-01,3.4,0.47
32011,2019-12-01,3.6,0.40
32011,2020-01-01,3.8,0.20
32011,2020-02-01,3.5,0.23
32011,2020-03-01,6.5,1.20
32011,2020-04-01,9.6,3.13
32011,2020-05-01,5.7,3.83
32011,2020-06-01,6.1,3.67
32011,2020-07-01,6.6,2.67
32011,2020-08-01,5.1,2.47
32011,2020-09-01,4.1,1.80
32011,2020-10-01,3.7,0.83
32011,2020-11-01,3.7,0.37
32011,2020-12-01,4,0.33
32011,2021-01-01,4.6,0.50
32011,2021-02-01,4.2,0.63
32011,2021-03-01,3.6,0.33
32011,2021-04-01,3.6,0.00
32011,2021-05-01,3.1,0.00
32011,2021-06-01,3.6,0.00
32011,2021-07-01,4.2,0.20
32011,2021-08-01,4.2,0.57
32011,2021-09-01,3.5,0.53
32011,2021-10-01,3.3,0.23
32011,2021-11-01,3.2,0.00
32011,2021-12-01,3.4,0.00
32011,2022-01-01,4,0.23
32011,2022-02-01,3.8,0.43
32011,2022-03-01,3.4,0.43
32011,2022-04-01,4.1,0.47
32011,2022-05-01,5,0.87
32011,2022-06-01,5.8,1.67
32011,2022-07-01,5.2,2.03
32011,2022-08-01,6.3,2.47
32011,2022-09-01,5.2,2.27
32011,2022-10-01,5.5,2.37
32011,2022-11-01,6.4,2.40
32011,2022-12-01,6.2,2.73
32011,2023-01-01,7.3,3.10
32011,2023-02-01,6.8,3.03
32011,2023-03-01,5.2,2.70
32011,2023-04-01,5.3,2.00
32011,2023-05-01,5.6,1.20
32011,2023-06-01,6,0.67
32011,2023-07-01,5.4,0.33
32011,2023-08-01,6.1,0.47
32011,2023-09-01,5.7,0.37
32011,2023-10-01,5.5,0.40
32011,2023-11-01,5.1,0.07
32011,2023-12-01,4.9,0.00
32011,2024-01-01,6.2,0.23
32011,2024-02-01,6.6,0.73
32011,2024-03-01,6.3,1.20
32011,2024-04-01,6.7,1.37
32011,2024-05-01,7,1.50
32011,2024-06-01,8.3,2.17
32011,2024-07-01,7.6,2.47
32011,2024-08-01,7.3,2.57
32011,2024-09-01,6.5,1.97
32011,2024-10-01,6.1,1.47
32011,2024-11-01,5.6,0.90
32011,2024-12-01,5.3,0.50
32011,2025-01-01,6.3,0.33
32011,2025-02-01,6.5,0.37
32011,2025-03-01,6.1,0.63
32011,2025-04-01,5.6,0.40
32011,2025-05-01,5.7,0.13
32011,2025-06-01,6.7,0.33
32011,2025-07-01,5.9,0.43
32011,2025-08-01,5,0.20
32011,2025-09-01,5.3,0.00
32011,2025-10-01,5.05,0.00
32011,2025-11-01,4.8,0.00
32011,2025-12-01,4.6,0.00
32011,2026-01-01,5.7,0.22
32011,2026-02-01,5.9,0.58
32011,2026-03-01,5.3,0.82
32011,2026-04-01,4.5,0.42
32011,2026-05-01,5.4,0.25
32011,2026-06-01,5.3,0.25
32011,2026-07-01,4.9,0.38
32011,2026-08-01,4.5,0.08
32013,1990-01-01,7.3,NaN
32013,1990-02-01,7.1,NaN
32013,1990-03-01,5.9,NaN
32013,1990-04-01,5.2,NaN
32013,1990-05-01,4.8,NaN
32013,1990-06-01,4.5,NaN
32013,1990-07-01,4.8,NaN
32013,1990-08-01,4.6,NaN
32013,1990-09-01,4.7,NaN
32013,1990-10-01,5.2,NaN
32013,1990-11-01,4.8,NaN
32013,1990-12-01,5,NaN
32013,1991-01-01,6.3,NaN
32013,1991-02-01,5.1,NaN
32013,1991-03-01,5,0.83
32013,1991-04-01,4.6,0.27
32013,1991-05-01,3.8,0.00
32013,1991-06-01,4.3,0.00
32013,1991-07-01,4.8,0.07
32013,1991-08-01,5.2,0.53
32013,1991-09-01,4.3,0.53
32013,1991-10-01,4.6,0.47
32013,1991-11-01,4.6,0.27
32013,1991-12-01,5.1,0.53
32013,1992-01-01,7.4,1.47
32013,1992-02-01,6.7,2.17
32013,1992-03-01,5.7,2.37
32013,1992-04-01,5,1.57
32013,1992-05-01,4.7,0.90
32013,1992-06-01,5.7,0.90
32013,1992-07-01,5.9,1.13
32013,1992-08-01,5.9,1.33
32013,1992-09-01,5.7,1.33
32013,1992-10-01,4.9,1.00
32013,1992-11-01,5.4,0.83
32013,1992-12-01,6.4,0.80
32013,1993-01-01,7.8,1.40
32013,1993-02-01,7.3,2.03
32013,1993-03-01,6.8,2.17
32013,1993-04-01,5.4,1.37
32013,1993-05-01,5.2,0.67
32013,1993-06-01,5.6,0.27
32013,1993-07-01,4.7,0.00
32013,1993-08-01,4.6,0.00
32013,1993-09-01,4.3,0.00
32013,1993-10-01,4.3,0.00
32013,1993-11-01,5,0.13
32013,1993-12-01,4.7,0.27
32013,1994-01-01,6.6,1.03
32013,1994-02-01,7.2,1.77
32013,1994-03-01,6.4,2.33
32013,1994-04-01,6,2.13
32013,1994-05-01,5.2,1.47
32013,1994-06-01,5.8,1.27
32013,1994-07-01,5,0.93
32013,1994-08-01,4.7,0.77
32013,1994-09-01,4.4,0.30
32013,1994-10-01,4.3,0.07
32013,1994-11-01,4.7,0.00
32013,1994-12-01,5.5,0.37
32013,1995-01-01,6.9,1.23
32013,1995-02-01,6.4,1.80
32013,1995-03-01,6,1.97
32013,1995-04-01,5,1.33
32013,1995-05-01,4,0.53
32013,1995-06-01,4.1,0.00
32013,1995-07-01,3.6,0.00
32013,1995-08-01,3.7,0.00
32013,1995-09-01,3.8,0.00
32013,1995-10-01,3.4,0.00
32013,1995-11-01,3.6,0.00
32013,1995-12-01,3.7,0.00
32013,1996-01-01,5.5,0.70
32013,1996-02-01,4.3,0.93
32013,1996-03-01,4.3,1.13
32013,1996-04-01,3.8,0.57
32013,1996-05-01,3.3,0.23
32013,1996-06-01,3.9,0.10
32013,1996-07-01,4.2,0.23
32013,1996-08-01,3.3,0.23
32013,1996-09-01,3.3,0.03
32013,1996-10-01,3.4,0.00
32013,1996-11-01,3.5,0.07
32013,1996-12-01,3.6,0.17
32013,1997-01-01,4.9,0.67
32013,1997-02-01,4.7,1.07
32013,1997-03-01,4.6,1.40
32013,1997-04-01,4.2,1.17
32013,1997-05-01,4,0.93
32013,1997-06-01,4.5,0.90
32013,1997-07-01,4.5,1.00
32013,1997-08-01,4.5,1.17
32013,1997-09-01,3.9,0.97
32013,1997-10-01,3.7,0.70
32013,1997-11-01,4,0.47
32013,1997-12-01,4.5,0.57
32013,1998-01-01,6.8,1.23
32013,1998-02-01,7.2,2.30
32013,1998-03-01,7.1,3.17
32013,1998-04-01,6.9,3.20
32013,1998-05-01,6.7,3.03
32013,1998-06-01,6.8,2.93
32013,1998-07-01,6.2,2.70
32013,1998-08-01,6.3,2.57
32013,1998-09-01,5.9,2.27
32013,1998-10-01,5.2,1.93
32013,1998-11-01,5.7,1.73
32013,1998-12-01,5.5,1.40
32013,1999-01-01,7.1,1.00
32013,1999-02-01,7.9,1.37
32013,1999-03-01,7.1,1.90
32013,1999-04-01,6.9,1.83
32013,1999-05-01,6.3,1.30
32013,1999-06-01,6.5,1.10
32013,1999-07-01,5.5,0.63
32013,1999-08-01,5.4,0.33
32013,1999-09-01,4.8,0.00
32013,1999-10-01,4.7,0.00
32013,1999-11-01,4.6,0.00
32013,1999-12-01,4.3,0.00
32013,2000-01-01,5.1,0.13
32013,2000-02-01,4.7,0.17
32013,2000-03-01,4.8,0.33
32013,2000-04-01,4.4,0.10
32013,2000-05-01,4.5,0.03
32013,2000-06-01,4.7,0.00
32013,2000-07-01,4.6,0.07
32013,2000-08-01,4.5,0.07
32013,2000-09-01,4.2,0.00
32013,2000-10-01,4.1,0.00
32013,2000-11-01,4.4,0.00
32013,2000-12-01,4.7,0.17
32013,2001-01-01,6.8,1.07
32013,2001-02-01,6.6,1.80
32013,2001-03-01,6.4,2.37
32013,2001-04-01,6.1,2.13
32013,2001-05-01,5.3,1.70
32013,2001-06-01,6.1,1.60
32013,2001-07-01,5.6,1.43
32013,2001-08-01,5.4,1.47
32013,2001-09-01,4.7,1.00
32013,2001-10-01,4.1,0.50
32013,2001-11-01,4.5,0.20
32013,2001-12-01,4.4,0.00
32013,2002-01-01,6,0.63
32013,2002-02-01,5.7,1.03
32013,2002-03-01,6.1,1.60
32013,2002-04-01,6.3,1.70
32013,2002-05-01,5.6,1.67
32013,2002-06-01,5.6,1.50
32013,2002-07-01,5.4,1.20
32013,2002-08-01,5,1.00
32013,2002-09-01,4.7,0.70
32013,2002-10-01,4.9,0.53
32013,2002-11-01,5.4,0.67
32013,2002-12-01,5.2,0.83
32013,2003-01-01,6.4,0.80
32013,2003-02-01,5.7,0.90
32013,2003-03-01,5.5,1.00
32013,2003-04-01,5.2,0.60
32013,2003-05-01,4.7,0.27
32013,2003-06-01,5.1,0.13
32013,2003-07-01,4.9,0.03
32013,2003-08-01,4.6,0.00
32013,2003-09-01,4.5,0.00
32013,2003-10-01,4.4,0.00
32013,2003-11-01,4.4,0.00
32013,2003-12-01,4.3,0.00
32013,2004-01-01,5,0.20
32013,2004-02-01,4.5,0.23
32013,2004-03-01,4.2,0.20
32013,2004-04-01,3.8,0.00
32013,2004-05-01,3.2,0.00
32013,2004-06-01,3.9,0.00
32013,2004-07-01,4.2,0.13
32013,2004-08-01,3.4,0.20
32013,2004-09-01,3.4,0.03
32013,2004-10-01,3.5,0.00
32013,2004-11-01,3.9,0.17
32013,2004-12-01,4.2,0.43
32013,2005-01-01,4.7,0.83
32013,2005-02-01,4.6,1.07
32013,2005-03-01,4.4,1.13
32013,2005-04-01,4.2,0.97
32013,2005-05-01,3.2,0.50
32013,2005-06-01,3.6,0.23
32013,2005-07-01,3.5,0.00
32013,2005-08-01,3.2,0.00
32013,2005-09-01,3.3,0.00
32013,2005-10-01,3.1,0.00
32013,2005-11-01,3.2,0.00
32013,2005-12-01,3.6,0.10
32013,2006-01-01,4.2,0.47
32013,2006-02-01,4.2,0.80
32013,2006-03-01,3.8,0.87
32013,2006-04-01,4,0.80
32013,2006-05-01,3.5,0.57
32013,2006-06-01,3.9,0.60
32013,2006-07-01,4.1,0.63
32013,2006-08-01,3.5,0.63
32013,2006-09-01,3.6,0.53
32013,2006-10-01,3.2,0.23
32013,2006-11-01,3.3,0.17
32013,2006-12-01,3.3,0.00
32013,2007-01-01,4.2,0.33
32013,2007-02-01,3.9,0.53
32013,2007-03-01,3.5,0.60
32013,2007-04-01,3.6,0.40
32013,2007-05-01,3.1,0.13
32013,2007-06-01,3.8,0.23
32013,2007-07-01,4.1,0.40
32013,2007-08-01,3.8,0.63
32013,2007-09-01,3.9,0.67
32013,2007-10-01,3.7,0.53
32013,2007-11-01,3.6,0.47
32013,2007-12-01,4.2,0.57
32013,2008-01-01,4.7,0.77
32013,2008-02-01,4.6,1.10
32013,2008-03-01,4.6,1.23
32013,2008-04-01,4.5,1.17
32013,2008-05-01,4.6,1.17
32013,2008-06-01,5.2,1.27
32013,2008-07-01,5.2,1.33
32013,2008-08-01,4.9,1.37
32013,2008-09-01,5.4,1.43
32013,2008-10-01,5.2,1.43
32013,2008-11-01,5.6,1.67
32013,2008-12-01,6.1,1.80
32013,2009-01-01,7,2.07
32013,2009-02-01,7.2,2.27
32013,2009-03-01,7.2,2.57
32013,2009-04-01,7.3,2.67
32013,2009-05-01,7.2,2.67
32013,2009-06-01,7.4,2.53
32013,2009-07-01,7.1,2.23
32013,2009-08-01,6.6,1.93
32013,2009-09-01,7,1.73
32013,2009-10-01,6.9,1.67
32013,2009-11-01,7,1.57
32013,2009-12-01,7.7,1.57
32013,2010-01-01,9.2,1.73
32013,2010-02-01,8.9,1.83
32013,2010-03-01,8.6,2.07
32013,2010-04-01,8.9,1.97
32013,2010-05-01,8.7,1.90
32013,2010-06-01,9.3,2.13
32013,2010-07-01,8.8,2.10
32013,2010-08-01,8.1,1.90
32013,2010-09-01,7.9,1.43
32013,2010-10-01,7.5,1.00
32013,2010-11-01,7.9,0.80
32013,2010-12-01,7.9,0.57
32013,2011-01-01,8.2,0.23
32013,2011-02-01,8.1,0.30
32013,2011-03-01,8.5,0.50
32013,2011-04-01,8.2,0.50
32013,2011-05-01,7.8,0.40
32013,2011-06-01,8.3,0.33
32013,2011-07-01,8,0.27
32013,2011-08-01,7.3,0.10
32013,2011-09-01,7.4,0.00
32013,2011-10-01,7.1,0.00
32013,2011-11-01,7.2,0.00
32013,2011-12-01,7.4,0.00
32013,2012-01-01,7.8,0.23
32013,2012-02-01,7.4,0.30
32013,2012-03-01,7.3,0.27
32013,2012-04-01,6.9,0.00
32013,2012-05-01,6.8,0.00
32013,2012-06-01,7.1,0.00
32013,2012-07-01,7.2,0.10
32013,2012-08-01,6.3,0.00
32013,2012-09-01,6,0.00
32013,2012-10-01,6,0.00
32013,2012-11-01,6.2,0.00
32013,2012-12-01,6.8,0.27
32013,2013-01-01,7.1,0.63
32013,2013-02-01,6.7,0.80
32013,2013-03-01,6.6,0.73
32013,2013-04-01,6.3,0.47
32013,2013-05-01,6.2,0.30
32013,2013-06-01,7.3,0.53
32013,2013-07-01,7,0.77
32013,2013-08-01,6.3,0.80
32013,2013-09-01,6.4,0.50
32013,2013-10-01,6.6,0.37
32013,2013-11-01,6.5,0.43
32013,2013-12-01,6.7,0.27
32013,2014-01-01,7.4,0.50
32013,2014-02-01,7.9,0.97
32013,2014-03-01,7.7,1.30
32013,2014-04-01,7.1,1.20
32013,2014-05-01,7.1,0.93
32013,2014-06-01,7,0.63
32013,2014-07-01,7,0.60
32013,2014-08-01,6.2,0.30
32013,2014-09-01,6.1,0.00
32013,2014-10-01,5.8,0.00
32013,2014-11-01,5.9,0.00
32013,2014-12-01,5.7,0.00
32013,2015-01-01,7,0.40
32013,2015-02-01,6.2,0.50
32013,2015-03-01,6,0.60
32013,2015-04-01,5.8,0.20
32013,2015-05-01,5.7,0.03
32013,2015-06-01,5.8,0.00
32013,2015-07-01,6.1,0.10
32013,2015-08-01,5.6,0.07
32013,2015-09-01,6,0.13
32013,2015-10-01,6.5,0.27
32013,2015-11-01,6.4,0.53
32013,2015-12-01,6.3,0.63
32013,2016-01-01,6.6,0.67
32013,2016-02-01,6.6,0.73
32013,2016-03-01,6.1,0.67
32013,2016-04-01,5.9,0.43
32013,2016-05-01,5.1,0.00
32013,2016-06-01,5.5,0.00
32013,2016-07-01,5.5,0.00
32013,2016-08-01,5,0.00
32013,2016-09-01,5.1,0.00
32013,2016-10-01,4.9,0.00
32013,2016-11-01,4.4,0.00
32013,2016-12-01,4.5,0.00
32013,2017-01-01,5.2,0.10
32013,2017-02-01,5,0.30
32013,2017-03-01,4.3,0.23
32013,2017-04-01,3.9,0.00
32013,2017-05-01,3.8,0.00
32013,2017-06-01,4.1,0.00
32013,2017-07-01,4.5,0.20
32013,2017-08-01,4.1,0.30
32013,2017-09-01,3.8,0.20
32013,2017-10-01,3.8,0.00
32013,2017-11-01,3.6,0.00
32013,2017-12-01,3.6,0.00
32013,2018-01-01,4.1,0.10
32013,2018-02-01,3.7,0.13
32013,2018-03-01,3.5,0.10
32013,2018-04-01,3.2,0.00
32013,2018-05-01,2.9,0.00
32013,2018-06-01,3.3,0.00
32013,2018-07-01,3.4,0.07
32013,2018-08-01,3.5,0.27
32013,2018-09-01,3,0.17
32013,2018-10-01,2.9,0.00
32013,2018-11-01,2.7,0.00
32013,2018-12-01,2.9,0.00
32013,2019-01-01,3.6,0.23
32013,2019-02-01,3.1,0.37
32013,2019-03-01,2.7,0.30
32013,2019-04-01,2.7,0.00
32013,2019-05-01,2.7,0.00
32013,2019-06-01,3,0.10
32013,2019-07-01,3.5,0.37
32013,2019-08-01,3.1,0.50
32013,2019-09-01,2.6,0.37
32013,2019-10-01,2.8,0.13
32013,2019-11-01,3,0.10
32013,2019-12-01,2.9,0.20
32013,2020-01-01,3.4,0.40
32013,2020-02-01,3.4,0.53
32013,2020-03-01,5.2,1.30
32013,2020-04-01,9.1,3.20
32013,2020-05-01,8,4.73
32013,2020-06-01,5.9,4.87
32013,2020-07-01,5.7,3.73
32013,2020-08-01,4.6,2.60
32013,2020-09-01,4.1,2.00
32013,2020-10-01,3.4,1.23
32013,2020-11-01,3.5,0.87
32013,2020-12-01,3.6,0.60
32013,2021-01-01,3.8,0.53
32013,2021-02-01,3.8,0.50
32013,2021-03-01,3.4,0.17
32013,2021-04-01,3.5,0.07
32013,2021-05-01,2.9,0.00
32013,2021-06-01,3.3,0.00
32013,2021-07-01,3.5,0.00
32013,2021-08-01,3.4,0.17
32013,2021-09-01,2.8,0.00
32013,2021-10-01,2.9,0.00
32013,2021-11-01,2.8,0.00
32013,2021-12-01,2.7,0.00
32013,2022-01-01,3.4,0.17
32013,2022-02-01,3.2,0.30
32013,2022-03-01,3.1,0.43
32013,2022-04-01,3.5,0.47
32013,2022-05-01,3.7,0.63
32013,2022-06-01,4.2,1.00
32013,2022-07-01,4.1,1.20
32013,2022-08-01,4.4,1.43
32013,2022-09-01,3.9,1.33
32013,2022-10-01,4.1,1.33
32013,2022-11-01,4,1.20
32013,2022-12-01,3.5,1.07
32013,2023-01-01,4.2,0.93
32013,2023-02-01,4.1,0.83
32013,2023-03-01,3.7,0.77
32013,2023-04-01,3.4,0.47
32013,2023-05-01,3.8,0.20
32013,2023-06-01,4.2,0.17
32013,2023-07-01,4.4,0.50
32013,2023-08-01,4.5,0.73
32013,2023-09-01,4.1,0.70
32013,2023-10-01,4,0.57
32013,2023-11-01,3.6,0.27
32013,2023-12-01,3.5,0.07
32013,2024-01-01,3.9,0.03
32013,2024-02-01,3.9,0.13
32013,2024-03-01,4,0.30
32013,2024-04-01,4.1,0.37
32013,2024-05-01,4.2,0.47
32013,2024-06-01,4.7,0.67
32013,2024-07-01,4.8,0.90
32013,2024-08-01,4.4,0.97
32013,2024-09-01,3.7,0.63
32013,2024-10-01,4,0.37
32013,2024-11-01,3.8,0.17
32013,2024-12-01,3.7,0.17
32013,2025-01-01,4,0.17
32013,2025-02-01,4,0.13
32013,2025-03-01,4,0.17
32013,2025-04-01,3.7,0.07
32013,2025-05-01,4,0.07
32013,2025-06-01,4.2,0.13
32013,2025-07-01,3.9,0.20
32013,2025-08-01,3.4,0.00
32013,2025-09-01,3.6,0.00
32013,2025-10-01,3.6,0.00
32013,2025-11-01,3.6,0.07
32013,2025-12-01,3.5,0.03
32013,2026-01-01,3.9,0.13
32013,2026-02-01,3.8,0.20
32013,2026-03-01,3.5,0.20
32013,2026-04-01,3.1,0.00
32013,2026-05-01,3.5,0.00
32013,2026-06-01,3.5,0.00
32013,2026-07-01,3.4,0.10
32013,2026-08-01,2.8,0.00
32015,1990-01-01,9.2,NaN
32015,1990-02-01,8.8,NaN
32015,1990-03-01,8.7,NaN
32015,1990-04-01,7.2,NaN
32015,1990-05-01,4.6,NaN
32015,1990-06-01,5.7,NaN
32015,1990-07-01,5.7,NaN
32015,1990-08-01,6,NaN
32015,1990-09-01,5.2,NaN
32015,1990-10-01,6.2,NaN
32015,1990-11-01,5.3,NaN
32015,1990-12-01,5.4,NaN
32015,1991-01-01,7.2,NaN
32015,1991-02-01,6.9,NaN
32015,1991-03-01,6.6,1.57
32015,1991-04-01,6.2,1.23
32015,1991-05-01,5.6,0.80
32015,1991-06-01,5.9,0.57
32015,1991-07-01,5.6,0.37
32015,1991-08-01,5.4,0.07
32015,1991-09-01,4.4,0.00
32015,1991-10-01,5.2,0.00
32015,1991-11-01,5.2,0.00
32015,1991-12-01,5.6,0.40
32015,1992-01-01,7.3,1.10
32015,1992-02-01,6.6,1.57
32015,1992-03-01,7,2.03
32015,1992-04-01,6.6,1.80
32015,1992-05-01,7.2,2.00
32015,1992-06-01,9.5,2.83
32015,1992-07-01,9.2,3.70
32015,1992-08-01,8.5,4.13
32015,1992-09-01,8.4,3.77
32015,1992-10-01,8,3.37
32015,1992-11-01,8.9,3.50
32015,1992-12-01,9.1,3.33
32015,1993-01-01,11.8,3.90
32015,1993-02-01,11.8,4.40
32015,1993-03-01,11.3,4.90
32015,1993-04-01,12.2,5.03
32015,1993-05-01,11.2,4.63
32015,1993-06-01,12.7,4.27
32015,1993-07-01,11.6,3.53
32015,1993-08-01,10.3,3.23
32015,1993-09-01,10.7,2.57
32015,1993-10-01,10.7,2.27
32015,1993-11-01,11.1,2.40
32015,1993-12-01,11.2,2.33
32015,1994-01-01,15.5,2.67
32015,1994-02-01,14.1,3.03
32015,1994-03-01,13.1,3.67
32015,1994-04-01,11.3,2.27
32015,1994-05-01,9.8,0.83
32015,1994-06-01,10.9,0.10
32015,1994-07-01,12.1,0.37
32015,1994-08-01,10.3,0.53
32015,1994-09-01,9.8,0.17
32015,1994-10-01,9.8,0.00
32015,1994-11-01,10.8,0.17
32015,1994-12-01,10.2,0.30
32015,1995-01-01,14,1.70
32015,1995-02-01,11.2,1.83
32015,1995-03-01,11.1,2.13
32015,1995-04-01,9.8,0.73
32015,1995-05-01,8.1,0.00
32015,1995-06-01,8.5,0.00
32015,1995-07-01,7.5,0.00
32015,1995-08-01,8.4,0.10
32015,1995-09-01,8.5,0.10
32015,1995-10-01,7.6,0.13
32015,1995-11-01,8.7,0.23
32015,1995-12-01,9.5,0.57
32015,1996-01-01,11.7,1.93
32015,1996-02-01,10.4,2.50
32015,1996-03-01,9.4,2.47
32015,1996-04-01,8.9,1.53
32015,1996-05-01,7.8,0.67
32015,1996-06-01,7.3,0.00
32015,1996-07-01,6.9,0.00
32015,1996-08-01,6.6,0.00
32015,1996-09-01,7.4,0.03
32015,1996-10-01,7.2,0.13
32015,1996-11-01,7.6,0.47
32015,1996-12-01,7.4,0.47
32015,1997-01-01,9.8,1.33
32015,1997-02-01,8.8,1.73
32015,1997-03-01,7.9,1.90
32015,1997-04-01,7.4,1.10
32015,1997-05-01,6.9,0.47
32015,1997-06-01,7,0.17
32015,1997-07-01,7.7,0.27
32015,1997-08-01,7.1,0.33
32015,1997-09-01,6.7,0.20
32015,1997-10-01,6.1,0.00
32015,1997-11-01,6.7,0.00
32015,1997-12-01,6.7,0.00
32015,1998-01-01,8.9,0.93
32015,1998-02-01,10.5,2.20
32015,1998-03-01,12.1,4.00
32015,1998-04-01,11.5,4.87
32015,1998-05-01,12.5,5.53
32015,1998-06-01,11.4,5.30
32015,1998-07-01,10,4.80
32015,1998-08-01,9.5,3.80
32015,1998-09-01,8.4,2.80
32015,1998-10-01,7.6,2.00
32015,1998-11-01,7.6,1.37
32015,1998-12-01,9.7,1.80
32015,1999-01-01,12.1,2.37
32015,1999-02-01,11.4,3.20
32015,1999-03-01,10.6,3.50
32015,1999-04-01,8.7,2.37
32015,1999-05-01,7.1,0.93
32015,1999-06-01,6.9,0.00
32015,1999-07-01,7.5,0.00
32015,1999-08-01,7.4,0.10
32015,1999-09-01,7.8,0.40
32015,1999-10-01,8.1,0.60
32015,1999-11-01,8.4,0.93
32015,1999-12-01,7.4,0.80
32015,2000-01-01,6.4,0.23
32015,2000-02-01,6.3,0.00
32015,2000-03-01,6,0.00
32015,2000-04-01,5.4,0.00
32015,2000-05-01,4.9,0.00
32015,2000-06-01,5.1,0.00
32015,2000-07-01,4.9,0.00
32015,2000-08-01,4.6,0.00
32015,2000-09-01,4.4,0.00
32015,2000-10-01,4.8,0.00
32015,2000-11-01,5.8,0.40
32015,2000-12-01,6,0.93
32015,2001-01-01,8.1,2.03
32015,2001-02-01,8.3,2.87
32015,2001-03-01,8.2,3.60
32015,2001-04-01,7.6,3.43
32015,2001-05-01,7,3.00
32015,2001-06-01,7.4,2.73
32015,2001-07-01,6.8,2.47
32015,2001-08-01,6.2,2.20
32015,2001-09-01,5.9,1.70
32015,2001-10-01,5,1.10
32015,2001-11-01,5,0.30
32015,2001-12-01,5.5,0.00
32015,2002-01-01,6.1,0.37
32015,2002-02-01,6.1,0.73
32015,2002-03-01,6.2,0.97
32015,2002-04-01,6.5,1.10
32015,2002-05-01,5.8,1.00
32015,2002-06-01,5.9,0.90
32015,2002-07-01,6.1,0.77
32015,2002-08-01,5.9,0.80
32015,2002-09-01,5.8,0.77
32015,2002-10-01,6.1,0.77
32015,2002-11-01,6.7,1.03
32015,2002-12-01,6.7,1.33
32015,2003-01-01,7,1.27
32015,2003-02-01,6.8,0.93
32015,2003-03-01,6.1,0.70
32015,2003-04-01,5.4,0.17
32015,2003-05-01,5,0.00
32015,2003-06-01,5.2,0.00
32015,2003-07-01,4.7,0.00
32015,2003-08-01,4.3,0.00
32015,2003-09-01,4.4,0.00
32015,2003-10-01,4.6,0.00
32015,2003-11-01,4.7,0.13
32015,2003-12-01,4.6,0.20
32015,2004-01-01,5.4,0.47
32015,2004-02-01,5.3,0.67
32015,2004-03-01,4.4,0.60
32015,2004-04-01,4.1,0.17
32015,2004-05-01,3.8,0.00
32015,2004-06-01,4,0.00
32015,2004-07-01,4.2,0.03
32015,2004-08-01,3.6,0.00
32015,2004-09-01,3.7,0.00
32015,2004-10-01,3.9,0.00
32015,2004-11-01,4.1,0.17
32015,2004-12-01,4.2,0.33
32015,2005-01-01,5,0.70
32015,2005-02-01,5,1.00
32015,2005-03-01,4.6,1.13
32015,2005-04-01,3.8,0.73
32015,2005-05-01,3.4,0.20
32015,2005-06-01,3.6,0.00
32015,2005-07-01,3.3,0.00
32015,2005-08-01,2.9,0.00
32015,2005-09-01,3,0.00
32015,2005-10-01,2.8,0.00
32015,2005-11-01,3.6,0.23
32015,2005-12-01,3.8,0.50
32015,2006-01-01,4.2,0.97
32015,2006-02-01,4.4,1.23
32015,2006-03-01,4.2,1.37
32015,2006-04-01,4.6,1.50
32015,2006-05-01,4,1.37
32015,2006-06-01,3.8,1.23
32015,2006-07-01,4,1.03
32015,2006-08-01,3.5,0.87
32015,2006-09-01,3.7,0.83
32015,2006-10-01,3.5,0.67
32015,2006-11-01,3.8,0.53
32015,2006-12-01,3.9,0.33
32015,2007-01-01,4.2,0.40
32015,2007-02-01,3.9,0.43
32015,2007-03-01,3.7,0.37
32015,2007-04-01,3.5,0.13
32015,2007-05-01,3,0.00
32015,2007-06-01,3.1,0.00
32015,2007-07-01,3.4,0.00
32015,2007-08-01,3.1,0.03
32015,2007-09-01,3.2,0.07
32015,2007-10-01,3.2,0.00
32015,2007-11-01,3.3,0.07
32015,2007-12-01,3.7,0.23
32015,2008-01-01,5,0.83
32015,2008-02-01,4.9,1.37
32015,2008-03-01,4.8,1.73
32015,2008-04-01,4.7,1.63
32015,2008-05-01,4.5,1.50
32015,2008-06-01,4.1,1.27
32015,2008-07-01,4.1,1.07
32015,2008-08-01,4.1,0.93
32015,2008-09-01,4.1,0.93
32015,2008-10-01,4,0.90
32015,2008-11-01,4.6,1.00
32015,2008-12-01,5.1,1.17
32015,2009-01-01,5.7,1.13
32015,2009-02-01,5.9,1.50
32015,2009-03-01,5.8,1.73
32015,2009-04-01,5.8,1.77
32015,2009-05-01,5.5,1.63
32015,2009-06-01,5.5,1.53
32015,2009-07-01,5.6,1.47
32015,2009-08-01,5.1,1.33
32015,2009-09-01,5.6,1.37
32015,2009-10-01,5.4,1.30
32015,2009-11-01,5.9,1.40
32015,2009-12-01,6.5,1.37
32015,2010-01-01,10.7,2.57
32015,2010-02-01,10.2,3.77
32015,2010-03-01,10,4.93
32015,2010-04-01,10.1,4.73
32015,2010-05-01,9.5,4.50
32015,2010-06-01,9.5,4.33
32015,2010-07-01,8.9,3.93
32015,2010-08-01,8.2,3.50
32015,2010-09-01,8.2,3.07
32015,2010-10-01,8.5,2.93
32015,2010-11-01,10,3.27
32015,2010-12-01,10.2,3.63
32015,2011-01-01,10.4,2.50
32015,2011-02-01,9.8,1.83
32015,2011-03-01,10.1,1.80
32015,2011-04-01,9.3,1.43
32015,2011-05-01,9.1,1.20
32015,2011-06-01,9.3,0.93
32015,2011-07-01,9.1,0.87
32015,2011-08-01,8.3,0.60
32015,2011-09-01,8.3,0.27
32015,2011-10-01,7.9,0.00
32015,2011-11-01,7.6,0.00
32015,2011-12-01,8,0.00
32015,2012-01-01,9,0.37
32015,2012-02-01,8.2,0.57
32015,2012-03-01,8.2,0.63
32015,2012-04-01,7.9,0.27
32015,2012-05-01,7.5,0.03
32015,2012-06-01,7.9,0.00
32015,2012-07-01,7.7,0.00
32015,2012-08-01,7.1,0.00
32015,2012-09-01,7.1,0.00
32015,2012-10-01,7.2,0.00
32015,2012-11-01,7.6,0.17
32015,2012-12-01,8.1,0.50
32015,2013-01-01,9,1.10
32015,2013-02-01,8.3,1.33
32015,2013-03-01,8.1,1.33
32015,2013-04-01,8,1.00
32015,2013-05-01,7.3,0.67
32015,2013-06-01,7.6,0.50
32015,2013-07-01,7.3,0.27
32015,2013-08-01,6.9,0.13
32015,2013-09-01,6.9,0.00
32015,2013-10-01,7.7,0.13
32015,2013-11-01,7.4,0.30
32015,2013-12-01,7.5,0.50
32015,2014-01-01,8.3,0.70
32015,2014-02-01,8.3,1.00
32015,2014-03-01,8.1,1.20
32015,2014-04-01,7.3,0.87
32015,2014-05-01,6.9,0.40
32015,2014-06-01,6.7,0.00
32015,2014-07-01,6.7,0.00
32015,2014-08-01,6.1,0.00
32015,2014-09-01,6.1,0.00
32015,2014-10-01,5.7,0.00
32015,2014-11-01,6.6,0.17
32015,2014-12-01,6.5,0.30
32015,2015-01-01,7.7,0.97
32015,2015-02-01,7.8,1.37
32015,2015-03-01,7,1.53
32015,2015-04-01,7.3,1.40
32015,2015-05-01,7,1.13
32015,2015-06-01,6.6,1.00
32015,2015-07-01,6.9,0.87
32015,2015-08-01,6.3,0.63
32015,2015-09-01,5.9,0.40
32015,2015-10-01,6.4,0.23
32015,2015-11-01,6.7,0.20
32015,2015-12-01,6.8,0.43
32015,2016-01-01,9.7,1.53
32015,2016-02-01,9.9,2.60
32015,2016-03-01,8.9,3.30
32015,2016-04-01,8.5,2.90
32015,2016-05-01,7.8,2.20
32015,2016-06-01,8.1,1.93
32015,2016-07-01,8.1,1.80
32015,2016-08-01,7.2,1.60
32015,2016-09-01,7.7,1.47
32015,2016-10-01,7.7,1.33
32015,2016-11-01,7.6,1.33
32015,2016-12-01,7.7,1.03
32015,2017-01-01,8.6,0.43
32015,2017-02-01,7.7,0.47
32015,2017-03-01,6.8,0.17
32015,2017-04-01,6.1,0.00
32015,2017-05-01,5.7,0.00
32015,2017-06-01,5.6,0.00
32015,2017-07-01,5.7,0.00
32015,2017-08-01,5.4,0.00
32015,2017-09-01,4.9,0.00
32015,2017-10-01,4.9,0.00
32015,2017-11-01,4.9,0.00
32015,2017-12-01,5.4,0.17
32015,2018-01-01,6.6,0.73
32015,2018-02-01,6,1.10
32015,2018-03-01,5.4,1.10
32015,2018-04-01,5,0.57
32015,2018-05-01,4.3,0.00
32015,2018-06-01,4.4,0.00
32015,2018-07-01,4.3,0.00
32015,2018-08-01,3.9,0.00
32015,2018-09-01,3.7,0.00
32015,2018-10-01,3.9,0.00
32015,2018-11-01,4.2,0.10
32015,2018-12-01,4.3,0.30
32015,2019-01-01,5.4,0.80
32015,2019-02-01,4.6,0.93
32015,2019-03-01,4.7,1.07
32015,2019-04-01,4.1,0.63
32015,2019-05-01,3.8,0.37
32015,2019-06-01,4.2,0.20
32015,2019-07-01,4.3,0.27
32015,2019-08-01,4.1,0.37
32015,2019-09-01,4,0.30
32015,2019-10-01,4.2,0.27
32015,2019-11-01,4.4,0.27
32015,2019-12-01,4.7,0.40
32015,2020-01-01,5.9,0.97
32015,2020-02-01,5.3,1.27
32015,2020-03-01,8.1,2.40
32015,2020-04-01,11.1,4.13
32015,2020-05-01,8,5.03
32015,2020-06-01,7,4.67
32015,2020-07-01,7.1,3.27
32015,2020-08-01,5.6,2.47
32015,2020-09-01,5.4,1.93
32015,2020-10-01,5.1,1.27
32015,2020-11-01,4.8,0.90
32015,2020-12-01,4.9,0.50
32015,2021-01-01,5.4,0.10
32015,2021-02-01,5.3,0.27
32015,2021-03-01,5.4,0.43
32015,2021-04-01,4.9,0.27
32015,2021-05-01,4.2,0.00
32015,2021-06-01,4.5,0.00
32015,2021-07-01,5.1,0.07
32015,2021-08-01,4.7,0.23
32015,2021-09-01,3.7,0.00
32015,2021-10-01,4,0.00
32015,2021-11-01,4.1,0.00
32015,2021-12-01,3.8,0.03
32015,2022-01-01,5.6,0.57
32015,2022-02-01,5.5,1.03
32015,2022-03-01,5.3,1.53
32015,2022-04-01,5.3,1.43
32015,2022-05-01,5.5,1.43
32015,2022-06-01,5.6,1.53
32015,2022-07-01,5.5,1.60
32015,2022-08-01,5.2,1.50
32015,2022-09-01,4.5,1.13
32015,2022-10-01,4.7,0.87
32015,2022-11-01,4.6,0.67
32015,2022-12-01,4.4,0.60
32015,2023-01-01,5.3,0.27
32015,2023-02-01,5.2,0.40
32015,2023-03-01,4.9,0.57
32015,2023-04-01,4.6,0.33
32015,2023-05-01,5,0.27
32015,2023-06-01,5.2,0.37
32015,2023-07-01,5.3,0.60
32015,2023-08-01,5,0.60
32015,2023-09-01,4.9,0.50
32015,2023-10-01,4.7,0.30
32015,2023-11-01,4.6,0.17
32015,2023-12-01,5,0.20
32015,2024-01-01,5.2,0.20
32015,2024-02-01,5.2,0.40
32015,2024-03-01,5.2,0.47
32015,2024-04-01,5,0.40
32015,2024-05-01,4.9,0.30
32015,2024-06-01,5.6,0.43
32015,2024-07-01,5.6,0.63
32015,2024-08-01,5.6,0.87
32015,2024-09-01,5,0.67
32015,2024-10-01,5.2,0.53
32015,2024-11-01,5,0.33
32015,2024-12-01,4.8,0.23
32015,2025-01-01,5.3,0.10
32015,2025-02-01,5.4,0.17
32015,2025-03-01,4.9,0.20
32015,2025-04-01,4.6,0.00
32015,2025-05-01,4.7,0.00
32015,2025-06-01,5,0.03
32015,2025-07-01,5.1,0.20
32015,2025-08-01,4.7,0.20
32015,2025-09-01,4.7,0.10
32015,2025-10-01,4.55,0.00
32015,2025-11-01,4.4,0.00
32015,2025-12-01,4.1,0.00
32015,2026-01-01,4.8,0.08
32015,2026-02-01,4.8,0.22
32015,2026-03-01,4.6,0.38
32015,2026-04-01,3.9,0.08
32015,2026-05-01,4.4,0.00
32015,2026-06-01,4.2,0.00
32015,2026-07-01,4.1,0.07
32015,2026-08-01,3.5,0.00
32017,1990-01-01,8.5,NaN
32017,1990-02-01,7.3,NaN
32017,1990-03-01,7.2,NaN
32017,1990-04-01,7.8,NaN
32017,1990-05-01,5.2,NaN
32017,1990-06-01,6.6,NaN
32017,1990-07-01,6,NaN
32017,1990-08-01,6.3,NaN
32017,1990-09-01,6.4,NaN
32017,1990-10-01,6.5,NaN
32017,1990-11-01,6.7,NaN
32017,1990-12-01,6.8,NaN
32017,1991-01-01,9.9,NaN
32017,1991-02-01,7.5,NaN
32017,1991-03-01,7.7,2.43
32017,1991-04-01,8,1.80
32017,1991-05-01,8.4,2.10
32017,1991-06-01,8.2,2.27
32017,1991-07-01,8.9,2.57
32017,1991-08-01,7.6,2.00
32017,1991-09-01,7.5,1.77
32017,1991-10-01,7,0.97
32017,1991-11-01,7.6,0.83
32017,1991-12-01,8.1,0.90
32017,1992-01-01,10,1.20
32017,1992-02-01,10.1,2.03
32017,1992-03-01,9.3,2.43
32017,1992-04-01,8.5,1.93
32017,1992-05-01,8.4,1.37
32017,1992-06-01,9.1,1.30
32017,1992-07-01,9.4,1.60
32017,1992-08-01,7.9,1.43
32017,1992-09-01,10.8,2.00
32017,1992-10-01,10,2.20
32017,1992-11-01,12,3.57
32017,1992-12-01,11,3.43
32017,1993-01-01,15.3,4.20
32017,1993-02-01,14.3,4.87
32017,1993-03-01,14,5.87
32017,1993-04-01,11.8,4.70
32017,1993-05-01,12.2,4.00
32017,1993-06-01,11,3.00
32017,1993-07-01,10.3,2.37
32017,1993-08-01,10.4,1.77
32017,1993-09-01,10.9,1.17
32017,1993-10-01,10.6,1.07
32017,1993-11-01,10,0.00
32017,1993-12-01,9.4,0.00
32017,1994-01-01,12.3,0.57
32017,1994-02-01,9.8,0.50
32017,1994-03-01,8.9,0.33
32017,1994-04-01,11,0.00
32017,1994-05-01,10.4,0.20
32017,1994-06-01,12.7,1.47
32017,1994-07-01,12.5,1.97
32017,1994-08-01,12,2.50
32017,1994-09-01,12.6,2.47
32017,1994-10-01,12,2.30
32017,1994-11-01,13.1,2.67
32017,1994-12-01,13.1,2.83
32017,1995-01-01,15.4,3.97
32017,1995-02-01,11.9,3.57
32017,1995-03-01,12.2,3.27
32017,1995-04-01,10.7,1.70
32017,1995-05-01,10.2,0.93
32017,1995-06-01,11.4,0.00
32017,1995-07-01,12.2,0.50
32017,1995-08-01,13.2,1.50
32017,1995-09-01,11.4,1.50
32017,1995-10-01,11.3,1.20
32017,1995-11-01,12.7,1.03
32017,1995-12-01,13.9,1.87
32017,1996-01-01,15,3.10
32017,1996-02-01,12.9,3.17
32017,1996-03-01,12.4,2.67
32017,1996-04-01,11.8,1.60
32017,1996-05-01,9.6,0.50
32017,1996-06-01,10.5,0.00
32017,1996-07-01,13.1,0.43
32017,1996-08-01,10.2,0.63
32017,1996-09-01,10.9,0.77
32017,1996-10-01,12,0.40
32017,1996-11-01,13.7,1.57
32017,1996-12-01,11.2,1.67
32017,1997-01-01,12.6,1.87
32017,1997-02-01,9.6,0.50
32017,1997-03-01,6.5,0.00
32017,1997-04-01,8.6,0.00
32017,1997-05-01,7.1,0.00
32017,1997-06-01,8.8,0.77
32017,1997-07-01,9.4,1.03
32017,1997-08-01,6.4,0.80
32017,1997-09-01,7.9,0.50
32017,1997-10-01,7.5,0.00
32017,1997-11-01,7.1,0.23
32017,1997-12-01,8.5,0.43
32017,1998-01-01,6.9,0.23
32017,1998-02-01,5,0.00
32017,1998-03-01,6.1,0.00
32017,1998-04-01,6.2,0.00
32017,1998-05-01,5.7,0.23
32017,1998-06-01,5.6,0.07
32017,1998-07-01,6.5,0.17
32017,1998-08-01,6,0.27
32017,1998-09-01,6,0.40
32017,1998-10-01,5.9,0.20
32017,1998-11-01,5.7,0.10
32017,1998-12-01,5.8,0.03
32017,1999-01-01,6.7,0.30
32017,1999-02-01,5.7,0.30
32017,1999-03-01,5.7,0.27
32017,1999-04-01,5.9,0.00
32017,1999-05-01,4.7,0.00
32017,1999-06-01,4.2,0.00
32017,1999-07-01,4.9,0.00
32017,1999-08-01,4.7,0.00
32017,1999-09-01,5.7,0.50
32017,1999-10-01,5.3,0.63
32017,1999-11-01,6.7,1.30
32017,1999-12-01,7.6,1.93
32017,2000-01-01,5.4,1.97
32017,2000-02-01,5.1,1.43
32017,2000-03-01,4.4,0.37
32017,2000-04-01,4,0.00
32017,2000-05-01,4.1,0.00
32017,2000-06-01,4.9,0.17
32017,2000-07-01,5.1,0.53
32017,2000-08-01,4.6,0.70
32017,2000-09-01,4.1,0.43
32017,2000-10-01,4.3,0.17
32017,2000-11-01,4.5,0.13
32017,2000-12-01,4.8,0.37
32017,2001-01-01,5.8,0.87
32017,2001-02-01,5,1.03
32017,2001-03-01,5.4,1.23
32017,2001-04-01,6,1.30
32017,2001-05-01,5.5,1.47
32017,2001-06-01,6.4,1.67
32017,2001-07-01,6.3,1.77
32017,2001-08-01,5.7,1.83
32017,2001-09-01,4.9,1.33
32017,2001-10-01,4.6,0.77
32017,2001-11-01,4.3,0.30
32017,2001-12-01,4.2,0.00
32017,2002-01-01,5.5,0.30
32017,2002-02-01,4.9,0.50
32017,2002-03-01,5.2,0.83
32017,2002-04-01,5.2,0.73
32017,2002-05-01,5.4,0.90
32017,2002-06-01,5.1,0.87
32017,2002-07-01,5.2,0.87
32017,2002-08-01,4.6,0.60
32017,2002-09-01,4.1,0.27
32017,2002-10-01,4,0.00
32017,2002-11-01,4.4,0.00
32017,2002-12-01,4.5,0.13
32017,2003-01-01,6.5,0.97
32017,2003-02-01,5.7,1.40
32017,2003-03-01,5.7,1.80
32017,2003-04-01,5.5,1.47
32017,2003-05-01,5.4,1.37
32017,2003-06-01,5.7,1.37
32017,2003-07-01,5.7,1.43
32017,2003-08-01,4.7,1.20
32017,2003-09-01,5,0.97
32017,2003-10-01,4.5,0.57
32017,2003-11-01,4.8,0.60
32017,2003-12-01,5,0.47
32017,2004-01-01,5.6,0.40
32017,2004-02-01,5.1,0.50
32017,2004-03-01,5.3,0.60
32017,2004-04-01,5.5,0.57
32017,2004-05-01,4.8,0.47
32017,2004-06-01,6,0.70
32017,2004-07-01,6.2,0.93
32017,2004-08-01,5.1,1.03
32017,2004-09-01,5.3,0.80
32017,2004-10-01,4.9,0.37
32017,2004-11-01,4.8,0.23
32017,2004-12-01,5.5,0.30
32017,2005-01-01,6,0.43
32017,2005-02-01,6,0.83
32017,2005-03-01,5.5,0.83
32017,2005-04-01,5.1,0.53
32017,2005-05-01,4.6,0.07
32017,2005-06-01,5.3,0.00
32017,2005-07-01,5.6,0.17
32017,2005-08-01,4.8,0.23
32017,2005-09-01,4.8,0.07
32017,2005-10-01,4.3,0.00
32017,2005-11-01,4.5,0.00
32017,2005-12-01,4.7,0.00
32017,2006-01-01,5.4,0.37
32017,2006-02-01,5.5,0.70
32017,2006-03-01,4.8,0.73
32017,2006-04-01,5.1,0.63
32017,2006-05-01,4.4,0.27
32017,2006-06-01,5.2,0.40
32017,2006-07-01,5,0.37
32017,2006-08-01,4.2,0.30
32017,2006-09-01,4.4,0.03
32017,2006-10-01,4.1,0.00
32017,2006-11-01,4.1,0.00
32017,2006-12-01,3.9,0.00
32017,2007-01-01,4.8,0.23
32017,2007-02-01,4.3,0.30
32017,2007-03-01,4.1,0.37
32017,2007-04-01,4.2,0.17
32017,2007-05-01,3.9,0.03
32017,2007-06-01,4.5,0.17
32017,2007-07-01,4.7,0.33
32017,2007-08-01,4.2,0.43
32017,2007-09-01,4.4,0.40
32017,2007-10-01,4.9,0.47
32017,2007-11-01,4.3,0.50
32017,2007-12-01,5.2,0.77
32017,2008-01-01,5.9,1.07
32017,2008-02-01,5.6,1.50
32017,2008-03-01,5.9,1.73
32017,2008-04-01,4.8,1.37
32017,2008-05-01,5,1.17
32017,2008-06-01,6,1.07
32017,2008-07-01,6,1.30
32017,2008-08-01,5.8,1.50
32017,2008-09-01,6.1,1.53
32017,2008-10-01,6.2,1.53
32017,2008-11-01,5.5,1.40
32017,2008-12-01,6,1.10
32017,2009-01-01,7.7,1.27
32017,2009-02-01,7.9,1.97
32017,2009-03-01,7.8,2.57
32017,2009-04-01,7.9,2.63
32017,2009-05-01,8.2,2.73
32017,2009-06-01,9.1,3.13
32017,2009-07-01,8.7,3.00
32017,2009-08-01,9.1,3.07
32017,2009-09-01,9,3.03
32017,2009-10-01,9.3,3.23
32017,2009-11-01,9.5,3.37
32017,2009-12-01,10.2,3.77
32017,2010-01-01,10.7,3.73
32017,2010-02-01,10.8,3.37
32017,2010-03-01,10.6,2.90
32017,2010-04-01,11.5,3.10
32017,2010-05-01,11.3,3.17
32017,2010-06-01,11.3,2.97
32017,2010-07-01,10.5,2.37
32017,2010-08-01,9.4,1.47
32017,2010-09-01,9.2,0.77
32017,2010-10-01,9.2,0.13
32017,2010-11-01,10.4,0.33
32017,2010-12-01,10.8,0.87
32017,2011-01-01,11.1,1.50
32017,2011-02-01,10.7,1.60
32017,2011-03-01,11.9,1.97
32017,2011-04-01,11.8,2.20
32017,2011-05-01,11.9,2.60
32017,2011-06-01,12.2,2.70
32017,2011-07-01,11.6,2.63
32017,2011-08-01,10.1,2.03
32017,2011-09-01,10.2,1.37
32017,2011-10-01,10.3,0.93
32017,2011-11-01,10.3,0.67
32017,2011-12-01,10.9,0.37
32017,2012-01-01,12.3,0.97
32017,2012-02-01,11.9,1.50
32017,2012-03-01,11.9,1.83
32017,2012-04-01,11.9,1.70
32017,2012-05-01,11.1,1.43
32017,2012-06-01,11.1,1.17
32017,2012-07-01,11.3,0.97
32017,2012-08-01,9.5,0.43
32017,2012-09-01,8.9,0.00
32017,2012-10-01,9.2,0.00
32017,2012-11-01,9.6,0.03
32017,2012-12-01,11,0.73
32017,2013-01-01,11.2,1.40
32017,2013-02-01,10.8,1.80
32017,2013-03-01,10.8,1.73
32017,2013-04-01,10.3,1.43
32017,2013-05-01,9.7,1.07
32017,2013-06-01,10.1,0.83
32017,2013-07-01,10.1,0.77
32017,2013-08-01,9.3,0.63
32017,2013-09-01,9.2,0.33
32017,2013-10-01,9.8,0.23
32017,2013-11-01,9.1,0.13
32017,2013-12-01,9.5,0.10
32017,2014-01-01,9.4,0.00
32017,2014-02-01,9.6,0.17
32017,2014-03-01,9.3,0.10
32017,2014-04-01,7.9,0.00
32017,2014-05-01,7.6,0.00
32017,2014-06-01,7.5,0.00
32017,2014-07-01,7.8,0.00
32017,2014-08-01,6.8,0.00
32017,2014-09-01,6.6,0.00
32017,2014-10-01,6.4,0.00
32017,2014-11-01,6.2,0.00
32017,2014-12-01,6.6,0.00
32017,2015-01-01,7.7,0.43
32017,2015-02-01,6.6,0.57
32017,2015-03-01,6.5,0.53
32017,2015-04-01,6.4,0.10
32017,2015-05-01,6.1,0.00
32017,2015-06-01,6.1,0.00
32017,2015-07-01,6.5,0.03
32017,2015-08-01,5.7,0.00
32017,2015-09-01,6,0.00
32017,2015-10-01,5.6,0.00
32017,2015-11-01,5.7,0.00
32017,2015-12-01,5.6,0.00
32017,2016-01-01,7.3,0.57
32017,2016-02-01,6.3,0.77
32017,2016-03-01,6.2,0.97
32017,2016-04-01,5.9,0.50
32017,2016-05-01,5.8,0.33
32017,2016-06-01,6.5,0.43
32017,2016-07-01,6.5,0.63
32017,2016-08-01,5.9,0.67
32017,2016-09-01,6.1,0.53
32017,2016-10-01,6.4,0.50
32017,2016-11-01,6,0.53
32017,2016-12-01,6,0.50
32017,2017-01-01,6.9,0.33
32017,2017-02-01,6.5,0.50
32017,2017-03-01,5.2,0.23
32017,2017-04-01,5.1,0.00
32017,2017-05-01,4.8,0.00
32017,2017-06-01,5.1,0.00
32017,2017-07-01,5.6,0.17
32017,2017-08-01,5.3,0.33
32017,2017-09-01,5,0.30
32017,2017-10-01,5.3,0.20
32017,2017-11-01,5.7,0.33
32017,2017-12-01,5.5,0.50
32017,2018-01-01,6,0.73
32017,2018-02-01,5.5,0.67
32017,2018-03-01,4.7,0.40
32017,2018-04-01,5,0.07
32017,2018-05-01,4.7,0.00
32017,2018-06-01,5.3,0.20
32017,2018-07-01,4.9,0.17
32017,2018-08-01,5.2,0.33
32017,2018-09-01,4.4,0.03
32017,2018-10-01,4.3,0.00
32017,2018-11-01,4.4,0.00
32017,2018-12-01,5,0.20
32017,2019-01-01,6.1,0.80
32017,2019-02-01,5.5,1.17
32017,2019-03-01,5.1,1.20
32017,2019-04-01,4.8,0.77
32017,2019-05-01,4.3,0.37
32017,2019-06-01,4.4,0.13
32017,2019-07-01,4.6,0.07
32017,2019-08-01,4.3,0.07
32017,2019-09-01,3.8,0.00
32017,2019-10-01,3.8,0.00
32017,2019-11-01,3.8,0.00
32017,2019-12-01,4.2,0.13
32017,2020-01-01,4.6,0.40
32017,2020-02-01,4.6,0.67
32017,2020-03-01,7.1,1.63
32017,2020-04-01,10.2,3.50
32017,2020-05-01,7.1,4.33
32017,2020-06-01,6.4,4.10
32017,2020-07-01,6.4,2.83
32017,2020-08-01,5.3,2.23
32017,2020-09-01,4.8,1.70
32017,2020-10-01,4.4,1.03
32017,2020-11-01,4.7,0.83
32017,2020-12-01,5,0.77
32017,2021-01-01,4.8,0.63
32017,2021-02-01,4.5,0.30
32017,2021-03-01,3.5,0.00
32017,2021-04-01,4,0.00
32017,2021-05-01,2.9,0.00
32017,2021-06-01,3.4,0.00
32017,2021-07-01,3.9,0.00
32017,2021-08-01,3.8,0.30
32017,2021-09-01,3.3,0.27
32017,2021-10-01,3.5,0.13
32017,2021-11-01,3.2,0.00
32017,2021-12-01,3.1,0.00
32017,2022-01-01,4.4,0.30
32017,2022-02-01,4.1,0.60
32017,2022-03-01,3.7,0.80
32017,2022-04-01,4.6,0.87
32017,2022-05-01,4.8,1.10
32017,2022-06-01,5.9,1.83
32017,2022-07-01,6.1,2.33
32017,2022-08-01,5.6,2.60
32017,2022-09-01,5.4,2.43
32017,2022-10-01,6,2.40
32017,2022-11-01,5.8,2.47
32017,2022-12-01,5.5,2.50
32017,2023-01-01,5.4,2.00
32017,2023-02-01,6,1.77
32017,2023-03-01,5.1,1.43
32017,2023-04-01,4.9,1.20
32017,2023-05-01,5.2,0.70
32017,2023-06-01,5.4,0.10
32017,2023-07-01,5.5,0.30
32017,2023-08-01,5.8,0.50
32017,2023-09-01,5.2,0.43
32017,2023-10-01,5.1,0.30
32017,2023-11-01,5,0.03
32017,2023-12-01,5.3,0.07
32017,2024-01-01,5.3,0.13
32017,2024-02-01,5.2,0.20
32017,2024-03-01,5.3,0.20
32017,2024-04-01,5.2,0.17
32017,2024-05-01,5.1,0.13
32017,2024-06-01,5.6,0.20
32017,2024-07-01,5.5,0.30
32017,2024-08-01,5.4,0.40
32017,2024-09-01,4.5,0.03
32017,2024-10-01,4.8,0.00
32017,2024-11-01,4.4,0.00
32017,2024-12-01,4.9,0.13
32017,2025-01-01,5.5,0.37
32017,2025-02-01,5.3,0.67
32017,2025-03-01,5.1,0.73
32017,2025-04-01,4.9,0.53
32017,2025-05-01,4.7,0.33
32017,2025-06-01,4.9,0.27
32017,2025-07-01,5,0.30
32017,2025-08-01,4.7,0.30
32017,2025-09-01,4.8,0.27
32017,2025-10-01,4.9,0.23
32017,2025-11-01,5,0.33
32017,2025-12-01,4.8,0.20
32017,2026-01-01,5.6,0.33
32017,2026-02-01,5.6,0.53
32017,2026-03-01,5,0.60
32017,2026-04-01,4.4,0.20
32017,2026-05-01,4.7,0.00
32017,2026-06-01,4.5,0.00
32017,2026-07-01,4.7,0.10
32017,2026-08-01,4,0.00
32019,1990-01-01,9.3,NaN
32019,1990-02-01,8.1,NaN
32019,1990-03-01,6.8,NaN
32019,1990-04-01,6.2,NaN
32019,1990-05-01,4.3,NaN
32019,1990-06-01,4.7,NaN
32019,1990-07-01,5.2,NaN
32019,1990-08-01,5.1,NaN
32019,1990-09-01,5.3,NaN
32019,1990-10-01,6,NaN
32019,1990-11-01,6,NaN
32019,1990-12-01,7.1,NaN
32019,1991-01-01,9.8,NaN
32019,1991-02-01,8.8,NaN
32019,1991-03-01,8.3,4.23
32019,1991-04-01,7.2,3.37
32019,1991-05-01,7.2,2.83
32019,1991-06-01,6.5,2.23
32019,1991-07-01,6.6,2.03
32019,1991-08-01,6.4,1.50
32019,1991-09-01,6.2,1.20
32019,1991-10-01,6,0.73
32019,1991-11-01,6.5,0.47
32019,1991-12-01,8,0.63
32019,1992-01-01,11.3,2.40
32019,1992-02-01,10.8,3.83
32019,1992-03-01,10,4.50
32019,1992-04-01,10,4.07
32019,1992-05-01,9.5,3.63
32019,1992-06-01,9.2,3.37
32019,1992-07-01,9,3.03
32019,1992-08-01,8.8,2.80
32019,1992-09-01,9.1,2.77
32019,1992-10-01,8.7,2.67
32019,1992-11-01,9.7,2.93
32019,1992-12-01,10.4,2.77
32019,1993-01-01,15,3.10
32019,1993-02-01,12.7,3.83
32019,1993-03-01,10.8,3.97
32019,1993-04-01,9.6,2.17
32019,1993-05-01,9.8,1.20
32019,1993-06-01,10,0.93
32019,1993-07-01,10.1,1.10
32019,1993-08-01,8.7,0.73
32019,1993-09-01,8.4,0.20
32019,1993-10-01,8.6,0.00
32019,1993-11-01,8.3,0.00
32019,1993-12-01,9.6,0.40
32019,1994-01-01,13.7,2.10
32019,1994-02-01,12.4,3.47
32019,1994-03-01,11.1,3.97
32019,1994-04-01,10.5,2.90
32019,1994-05-01,8.4,1.57
32019,1994-06-01,8.3,0.63
32019,1994-07-01,8.7,0.03
32019,1994-08-01,8.4,0.03
32019,1994-09-01,8.4,0.07
32019,1994-10-01,7.9,0.00
32019,1994-11-01,9.1,0.23
32019,1994-12-01,9.8,0.70
32019,1995-01-01,12.3,2.17
32019,1995-02-01,10.4,2.60
32019,1995-03-01,10,2.67
32019,1995-04-01,9.5,1.73
32019,1995-05-01,8.1,0.97
32019,1995-06-01,8.2,0.37
32019,1995-07-01,7,0.00
32019,1995-08-01,6.9,0.00
32019,1995-09-01,6.3,0.00
32019,1995-10-01,5.8,0.00
32019,1995-11-01,7.5,0.20
32019,1995-12-01,7.3,0.53
32019,1996-01-01,10.2,2.00
32019,1996-02-01,9.6,2.70
32019,1996-03-01,9.2,3.33
32019,1996-04-01,8.2,2.67
32019,1996-05-01,7.3,1.90
32019,1996-06-01,7.4,1.30
32019,1996-07-01,7.9,1.20
32019,1996-08-01,7.4,1.23
32019,1996-09-01,7.5,1.27
32019,1996-10-01,6.9,0.93
32019,1996-11-01,7.3,0.70
32019,1996-12-01,8.3,0.63
32019,1997-01-01,11.6,1.83
32019,1997-02-01,9.5,2.57
32019,1997-03-01,8.4,2.60
32019,1997-04-01,7.6,1.27
32019,1997-05-01,6.3,0.20
32019,1997-06-01,7.2,0.00
32019,1997-07-01,6.4,0.00
32019,1997-08-01,6.7,0.13
32019,1997-09-01,5.5,0.00
32019,1997-10-01,5.8,0.00
32019,1997-11-01,5.7,0.00
32019,1997-12-01,6.6,0.37
32019,1998-01-01,9,1.43
32019,1998-02-01,8.8,2.47
32019,1998-03-01,8,2.93
32019,1998-04-01,7.2,2.33
32019,1998-05-01,6.5,1.57
32019,1998-06-01,6.6,1.10
32019,1998-07-01,6.1,0.73
32019,1998-08-01,5.9,0.53
32019,1998-09-01,6.9,0.63
32019,1998-10-01,7.1,0.97
32019,1998-11-01,7.5,1.50
32019,1998-12-01,8,1.50
32019,1999-01-01,10,2.30
32019,1999-02-01,10.6,3.33
32019,1999-03-01,9.2,3.73
32019,1999-04-01,8.7,3.30
32019,1999-05-01,7.3,2.20
32019,1999-06-01,7.1,1.50
32019,1999-07-01,6.1,0.63
32019,1999-08-01,6,0.20
32019,1999-09-01,6.1,0.00
32019,1999-10-01,5.8,0.00
32019,1999-11-01,6.5,0.17
32019,1999-12-01,6.5,0.30
32019,2000-01-01,6.8,0.63
32019,2000-02-01,6.8,0.73
32019,2000-03-01,6.1,0.60
32019,2000-04-01,5.2,0.07
32019,2000-05-01,5.1,0.00
32019,2000-06-01,5.1,0.00
32019,2000-07-01,5,0.00
32019,2000-08-01,5.1,0.00
32019,2000-09-01,4.6,0.00
32019,2000-10-01,4.2,0.00
32019,2000-11-01,5.3,0.07
32019,2000-12-01,5.6,0.40
32019,2001-01-01,6.9,1.30
32019,2001-02-01,6.7,1.77
32019,2001-03-01,6.5,2.07
32019,2001-04-01,6,1.77
32019,2001-05-01,5.2,1.27
32019,2001-06-01,5.7,1.00
32019,2001-07-01,5.3,0.77
32019,2001-08-01,5.4,0.83
32019,2001-09-01,5,0.60
32019,2001-10-01,4.6,0.37
32019,2001-11-01,5.2,0.23
32019,2001-12-01,5.7,0.23
32019,2002-01-01,7,1.03
32019,2002-02-01,6.5,1.47
32019,2002-03-01,6.4,1.70
32019,2002-04-01,6.2,1.43
32019,2002-05-01,5.5,1.10
32019,2002-06-01,5.8,0.90
32019,2002-07-01,5.5,0.67
32019,2002-08-01,5.3,0.60
32019,2002-09-01,5.1,0.37
32019,2002-10-01,4.9,0.17
32019,2002-11-01,5.3,0.17
32019,2002-12-01,5.5,0.13
32019,2003-01-01,6.7,0.73
32019,2003-02-01,6.2,1.03
32019,2003-03-01,6.2,1.27
32019,2003-04-01,6.1,1.07
32019,2003-05-01,5.5,0.83
32019,2003-06-01,5.9,0.73
32019,2003-07-01,5.6,0.57
32019,2003-08-01,5.1,0.43
32019,2003-09-01,5,0.13
32019,2003-10-01,5,0.00
32019,2003-11-01,5,0.00
32019,2003-12-01,5.3,0.10
32019,2004-01-01,7.1,0.80
32019,2004-02-01,6.2,1.20
32019,2004-03-01,5.9,1.40
32019,2004-04-01,5.7,0.93
32019,2004-05-01,5.3,0.63
32019,2004-06-01,5.6,0.53
32019,2004-07-01,5.4,0.43
32019,2004-08-01,4.9,0.30
32019,2004-09-01,4.8,0.03
32019,2004-10-01,4.8,0.00
32019,2004-11-01,5,0.03
32019,2004-12-01,5.8,0.37
32019,2005-01-01,7.7,1.33
32019,2005-02-01,7,2.00
32019,2005-03-01,6.2,2.13
32019,2005-04-01,5.7,1.47
32019,2005-05-01,5.5,0.97
32019,2005-06-01,5.5,0.73
32019,2005-07-01,5.5,0.67
32019,2005-08-01,5.2,0.57
32019,2005-09-01,5.2,0.47
32019,2005-10-01,4.9,0.27
32019,2005-11-01,5.3,0.27
32019,2005-12-01,5.8,0.23
32019,2006-01-01,7.3,1.03
32019,2006-02-01,7,1.60
32019,2006-03-01,6.6,1.87
32019,2006-04-01,6.2,1.50
32019,2006-05-01,5.8,1.10
32019,2006-06-01,5.8,0.83
32019,2006-07-01,5.9,0.73
32019,2006-08-01,5.5,0.63
32019,2006-09-01,5.5,0.53
32019,2006-10-01,5.3,0.33
32019,2006-11-01,6,0.47
32019,2006-12-01,6.3,0.53
32019,2007-01-01,7.8,1.27
32019,2007-02-01,7.3,1.70
32019,2007-03-01,7,1.93
32019,2007-04-01,6.8,1.60
32019,2007-05-01,6.3,1.27
32019,2007-06-01,6.3,1.03
32019,2007-07-01,6.5,0.93
32019,2007-08-01,6.2,0.90
32019,2007-09-01,6.3,0.90
32019,2007-10-01,6.2,0.80
32019,2007-11-01,6.7,0.80
32019,2007-12-01,7.9,1.07
32019,2008-01-01,10.2,2.03
32019,2008-02-01,9.4,2.93
32019,2008-03-01,9.5,3.47
32019,2008-04-01,9.1,3.10
32019,2008-05-01,8.9,2.93
32019,2008-06-01,9.3,2.87
32019,2008-07-01,9.5,3.00
32019,2008-08-01,9.7,3.27
32019,2008-09-01,10.1,3.53
32019,2008-10-01,10.5,3.87
32019,2008-11-01,11.7,4.37
32019,2008-12-01,12.7,4.70
32019,2009-01-01,14.7,4.77
32019,2009-02-01,15.4,5.17
32019,2009-03-01,15.1,5.97
32019,2009-04-01,15,6.07
32019,2009-05-01,14.3,5.70
32019,2009-06-01,14.6,5.53
32019,2009-07-01,14.5,5.23
32019,2009-08-01,14.6,5.07
32019,2009-09-01,15,4.93
32019,2009-10-01,15.3,4.87
32019,2009-11-01,15.7,4.57
32019,2009-12-01,17.2,4.43
32019,2010-01-01,19,4.27
32019,2010-02-01,18.7,4.03
32019,2010-03-01,18.1,4.13
32019,2010-04-01,17.8,3.73
32019,2010-05-01,16.9,3.13
32019,2010-06-01,16.7,2.67
32019,2010-07-01,17.1,2.43
32019,2010-08-01,16.6,2.23
32019,2010-09-01,16.2,1.93
32019,2010-10-01,16,1.30
32019,2010-11-01,16.7,0.97
32019,2010-12-01,17.1,0.53
32019,2011-01-01,19,1.33
32019,2011-02-01,18.2,1.83
32019,2011-03-01,17.9,2.10
32019,2011-04-01,17.5,1.60
32019,2011-05-01,16.5,1.03
32019,2011-06-01,16.8,0.67
32019,2011-07-01,16.6,0.37
32019,2011-08-01,16.1,0.23
32019,2011-09-01,15.8,0.00
32019,2011-10-01,15.4,0.00
32019,2011-11-01,15.1,0.00
32019,2011-12-01,15.8,0.00
32019,2012-01-01,17.2,0.60
32019,2012-02-01,17,1.23
32019,2012-03-01,16.2,1.37
32019,2012-04-01,15.8,0.90
32019,2012-05-01,15.3,0.33
32019,2012-06-01,15.5,0.10
32019,2012-07-01,15.2,0.00
32019,2012-08-01,14.6,0.00
32019,2012-09-01,13.7,0.00
32019,2012-10-01,13.7,0.00
32019,2012-11-01,13.6,0.00
32019,2012-12-01,14.4,0.23
32019,2013-01-01,16.2,1.07
32019,2013-02-01,15.1,1.57
32019,2013-03-01,14.1,1.47
32019,2013-04-01,13.8,0.67
32019,2013-05-01,13.3,0.07
32019,2013-06-01,13.5,0.00
32019,2013-07-01,13.1,0.00
32019,2013-08-01,12.5,0.00
32019,2013-09-01,12,0.00
32019,2013-10-01,12,0.00
32019,2013-11-01,11.5,0.00
32019,2013-12-01,11.7,0.00
32019,2014-01-01,12.6,0.20
32019,2014-02-01,12.3,0.47
32019,2014-03-01,11.9,0.53
32019,2014-04-01,10.9,0.00
32019,2014-05-01,10.8,0.00
32019,2014-06-01,10.7,0.00
32019,2014-07-01,10.7,0.00
32019,2014-08-01,10.5,0.00
32019,2014-09-01,9.8,0.00
32019,2014-10-01,9.5,0.00
32019,2014-11-01,9.6,0.00
32019,2014-12-01,9.5,0.00
32019,2015-01-01,10.9,0.47
32019,2015-02-01,10.8,0.87
32019,2015-03-01,10.4,1.17
32019,2015-04-01,10.5,1.03
32019,2015-05-01,9.9,0.73
32019,2015-06-01,9.7,0.50
32019,2015-07-01,9.6,0.20
32019,2015-08-01,9,0.00
32019,2015-09-01,8.5,0.00
32019,2015-10-01,8.7,0.00
32019,2015-11-01,8.7,0.00
32019,2015-12-01,8.9,0.13
32019,2016-01-01,8.5,0.07
32019,2016-02-01,8,0.00
32019,2016-03-01,7.6,0.00
32019,2016-04-01,7.3,0.00
32019,2016-05-01,6.5,0.00
32019,2016-06-01,6.8,0.00
32019,2016-07-01,6.5,0.00
32019,2016-08-01,6.1,0.00
32019,2016-09-01,6.1,0.00
32019,2016-10-01,5.9,0.00
32019,2016-11-01,5.6,0.00
32019,2016-12-01,5.8,0.00
32019,2017-01-01,6.9,0.33
32019,2017-02-01,6.4,0.60
32019,2017-03-01,5.6,0.53
32019,2017-04-01,5.2,0.00
32019,2017-05-01,4.8,0.00
32019,2017-06-01,5.1,0.00
32019,2017-07-01,5.2,0.00
32019,2017-08-01,4.9,0.03
32019,2017-09-01,4.7,0.00
32019,2017-10-01,4.6,0.00
32019,2017-11-01,4.5,0.00
32019,2017-12-01,4.7,0.00
32019,2018-01-01,5.6,0.33
32019,2018-02-01,5.1,0.53
32019,2018-03-01,4.9,0.60
32019,2018-04-01,4.6,0.27
32019,2018-05-01,4.1,0.00
32019,2018-06-01,4.4,0.00
32019,2018-07-01,4.4,0.00
32019,2018-08-01,4.2,0.03
32019,2018-09-01,3.9,0.00
32019,2018-10-01,4,0.00
32019,2018-11-01,4,0.00
32019,2018-12-01,4.5,0.20
32019,2019-01-01,5.5,0.70
32019,2019-02-01,5,1.03
32019,2019-03-01,4.7,1.10
32019,2019-04-01,4.2,0.67
32019,2019-05-01,3.9,0.30
32019,2019-06-01,4.2,0.13
32019,2019-07-01,4.3,0.17
32019,2019-08-01,4.1,0.23
32019,2019-09-01,3.8,0.10
32019,2019-10-01,3.7,0.00
32019,2019-11-01,3.8,0.00
32019,2019-12-01,4.1,0.10
32019,2020-01-01,5,0.53
32019,2020-02-01,4.6,0.80
32019,2020-03-01,7.5,1.93
32019,2020-04-01,17.5,6.10
32019,2020-05-01,12.6,8.77
32019,2020-06-01,9.1,9.30
32019,2020-07-01,8.7,6.37
32019,2020-08-01,6.9,4.47
32019,2020-09-01,6.3,3.53
32019,2020-10-01,5.4,2.43
32019,2020-11-01,5.3,1.90
32019,2020-12-01,5.3,1.47
32019,2021-01-01,5.3,1.00
32019,2021-02-01,5.3,0.73
32019,2021-03-01,4.7,0.00
32019,2021-04-01,4.6,0.00
32019,2021-05-01,4.1,0.00
32019,2021-06-01,4.3,0.00
32019,2021-07-01,4.4,0.00
32019,2021-08-01,4.3,0.07
32019,2021-09-01,3.5,0.00
32019,2021-10-01,3.6,0.00
32019,2021-11-01,3.5,0.00
32019,2021-12-01,3.6,0.03
32019,2022-01-01,4.7,0.40
32019,2022-02-01,4.4,0.70
32019,2022-03-01,4.2,0.90
32019,2022-04-01,4.3,0.77
32019,2022-05-01,4.5,0.80
32019,2022-06-01,5,1.07
32019,2022-07-01,4.9,1.27
32019,2022-08-01,5.1,1.47
32019,2022-09-01,4.6,1.33
32019,2022-10-01,5,1.37
32019,2022-11-01,4.8,1.27
32019,2022-12-01,5,1.37
32019,2023-01-01,6.1,1.37
32019,2023-02-01,5.6,1.33
32019,2023-03-01,5.4,1.40
32019,2023-04-01,4.7,0.93
32019,2023-05-01,4.9,0.67
32019,2023-06-01,5,0.27
32019,2023-07-01,4.9,0.13
32019,2023-08-01,4.9,0.13
32019,2023-09-01,4.8,0.07
32019,2023-10-01,4.7,0.00
32019,2023-11-01,4.5,0.00
32019,2023-12-01,4.7,0.00
32019,2024-01-01,5.6,0.30
32019,2024-02-01,5.7,0.70
32019,2024-03-01,5.4,0.93
32019,2024-04-01,5.1,0.77
32019,2024-05-01,5.1,0.57
32019,2024-06-01,5.4,0.57
32019,2024-07-01,5.5,0.70
32019,2024-08-01,5.4,0.80
32019,2024-09-01,4.9,0.63
32019,2024-10-01,5,0.47
32019,2024-11-01,4.8,0.27
32019,2024-12-01,4.9,0.27
32019,2025-01-01,5.4,0.13
32019,2025-02-01,5.4,0.33
32019,2025-03-01,5,0.37
32019,2025-04-01,4.9,0.20
32019,2025-05-01,4.6,0.00
32019,2025-06-01,4.8,0.00
32019,2025-07-01,4.8,0.00
32019,2025-08-01,4.6,0.00
32019,2025-09-01,4.7,0.00
32019,2025-10-01,4.6,0.00
32019,2025-11-01,4.5,0.00
32019,2025-12-01,4.4,0.00
32019,2026-01-01,5.2,0.20
32019,2026-02-01,5.1,0.40
32019,2026-03-01,4.6,0.47
32019,2026-04-01,4.3,0.17
32019,2026-05-01,4.5,0.00
32019,2026-06-01,4.4,0.00
32019,2026-07-01,4.5,0.07
32019,2026-08-01,3.9,0.00
32021,1990-01-01,6.8,NaN
32021,1990-02-01,6.1,NaN
32021,1990-03-01,6.7,NaN
32021,1990-04-01,5.4,NaN
32021,1990-05-01,5.4,NaN
32021,1990-06-01,5.9,NaN
32021,1990-07-01,5,NaN
32021,1990-08-01,5.3,NaN
32021,1990-09-01,5,NaN
32021,1990-10-01,5.9,NaN
32021,1990-11-01,7.5,NaN
32021,1990-12-01,6.2,NaN
32021,1991-01-01,6.7,NaN
32021,1991-02-01,5.7,NaN
32021,1991-03-01,6.5,1.20
32021,1991-04-01,6.2,1.03
32021,1991-05-01,5.9,1.10
32021,1991-06-01,5.7,0.83
32021,1991-07-01,5.6,0.63
32021,1991-08-01,5,0.33
32021,1991-09-01,4.6,0.00
32021,1991-10-01,4.5,0.00
32021,1991-11-01,5.1,0.03
32021,1991-12-01,4,0.00
32021,1992-01-01,4.8,0.10
32021,1992-02-01,4.5,0.00
32021,1992-03-01,4,0.00
32021,1992-04-01,5.1,0.10
32021,1992-05-01,3.9,0.00
32021,1992-06-01,6,0.67
32021,1992-07-01,6.4,1.10
32021,1992-08-01,5.8,1.73
32021,1992-09-01,5.9,1.70
32021,1992-10-01,5.9,1.53
32021,1992-11-01,5.8,1.53
32021,1992-12-01,6.4,1.70
32021,1993-01-01,7.1,2.10
32021,1993-02-01,6.5,2.33
32021,1993-03-01,7.1,2.57
32021,1993-04-01,6.7,2.43
32021,1993-05-01,7.2,2.67
32021,1993-06-01,8.6,2.50
32021,1993-07-01,8.8,2.77
32021,1993-08-01,9.5,3.10
32021,1993-09-01,9.8,3.50
32021,1993-10-01,10.5,4.07
32021,1993-11-01,12.2,4.97
32021,1993-12-01,11,5.20
32021,1994-01-01,13.3,5.73
32021,1994-02-01,11.9,5.40
32021,1994-03-01,12.2,5.70
32021,1994-04-01,11.1,4.97
32021,1994-05-01,10.3,4.20
32021,1994-06-01,11.5,3.47
32021,1994-07-01,11,2.73
32021,1994-08-01,9.8,1.80
32021,1994-09-01,9.1,0.60
32021,1994-10-01,9.3,0.00
32021,1994-11-01,8.5,0.00
32021,1994-12-01,8.6,0.00
32021,1995-01-01,10.3,0.33
32021,1995-02-01,8.1,0.20
32021,1995-03-01,7.8,0.00
32021,1995-04-01,7.4,0.00
32021,1995-05-01,7.2,0.00
32021,1995-06-01,6.8,0.00
32021,1995-07-01,7.3,0.00
32021,1995-08-01,8.1,0.30
32021,1995-09-01,7.1,0.40
32021,1995-10-01,6.7,0.20
32021,1995-11-01,7.9,0.13
32021,1995-12-01,7,0.10
32021,1996-01-01,9.6,1.07
32021,1996-02-01,8,1.10
32021,1996-03-01,7.6,1.30
32021,1996-04-01,7.4,0.57
32021,1996-05-01,6.9,0.20
32021,1996-06-01,6.9,0.00
32021,1996-07-01,6.2,0.00
32021,1996-08-01,6.5,0.00
32021,1996-09-01,6.5,0.00
32021,1996-10-01,6.3,0.03
32021,1996-11-01,6.2,0.00
32021,1996-12-01,6,0.00
32021,1997-01-01,6.9,0.20
32021,1997-02-01,6.7,0.37
32021,1997-03-01,7,0.70
32021,1997-04-01,6.8,0.67
32021,1997-05-01,6.7,0.67
32021,1997-06-01,6.9,0.63
32021,1997-07-01,6.6,0.57
32021,1997-08-01,6.1,0.37
32021,1997-09-01,5.6,0.00
32021,1997-10-01,5.6,0.00
32021,1997-11-01,5.6,0.00
32021,1997-12-01,6,0.13
32021,1998-01-01,7.7,0.83
32021,1998-02-01,7.6,1.50
32021,1998-03-01,7.5,2.00
32021,1998-04-01,6.6,1.63
32021,1998-05-01,6.5,1.27
32021,1998-06-01,7.5,1.27
32021,1998-07-01,6.3,1.17
32021,1998-08-01,6,1.00
32021,1998-09-01,6.3,0.60
32021,1998-10-01,6.2,0.57
32021,1998-11-01,6.2,0.63
32021,1998-12-01,5.1,0.10
32021,1999-01-01,8.2,0.67
32021,1999-02-01,8.1,1.30
32021,1999-03-01,9.3,2.70
32021,1999-04-01,9.1,3.00
32021,1999-05-01,8.2,3.03
32021,1999-06-01,8.1,2.63
32021,1999-07-01,6.1,1.63
32021,1999-08-01,6.5,1.07
32021,1999-09-01,6.9,0.67
32021,1999-10-01,6.6,0.83
32021,1999-11-01,8,1.33
32021,1999-12-01,7.5,1.53
32021,2000-01-01,9.8,1.93
32021,2000-02-01,9.7,2.50
32021,2000-03-01,8.4,2.80
32021,2000-04-01,7.3,1.97
32021,2000-05-01,7,1.07
32021,2000-06-01,6.8,0.53
32021,2000-07-01,7.5,0.60
32021,2000-08-01,7.4,0.73
32021,2000-09-01,6.7,0.70
32021,2000-10-01,6.4,0.17
32021,2000-11-01,7.1,0.00
32021,2000-12-01,7.6,0.30
32021,2001-01-01,9.3,1.27
32021,2001-02-01,8.5,1.73
32021,2001-03-01,8.6,2.07
32021,2001-04-01,7.5,1.47
32021,2001-05-01,6.7,0.87
32021,2001-06-01,7.4,0.47
32021,2001-07-01,7.2,0.37
32021,2001-08-01,7.4,0.60
32021,2001-09-01,7,0.47
32021,2001-10-01,6,0.07
32021,2001-11-01,6,0.00
32021,2001-12-01,6,0.00
32021,2002-01-01,6.6,0.20
32021,2002-02-01,6.4,0.33
32021,2002-03-01,5.9,0.30
32021,2002-04-01,5.9,0.07
32021,2002-05-01,6.1,0.00
32021,2002-06-01,6.3,0.13
32021,2002-07-01,6.1,0.20
32021,2002-08-01,5.3,0.00
32021,2002-09-01,5.7,0.00
32021,2002-10-01,5.1,0.00
32021,2002-11-01,5.9,0.20
32021,2002-12-01,5.6,0.17
32021,2003-01-01,6.6,0.67
32021,2003-02-01,6.6,0.90
32021,2003-03-01,6,1.03
32021,2003-04-01,6.1,0.87
32021,2003-05-01,5.2,0.40
32021,2003-06-01,6.2,0.47
32021,2003-07-01,5.8,0.37
32021,2003-08-01,5.8,0.57
32021,2003-09-01,5.8,0.43
32021,2003-10-01,5.5,0.33
32021,2003-11-01,5.4,0.03
32021,2003-12-01,5.2,0.00
32021,2004-01-01,5.7,0.07
32021,2004-02-01,5.3,0.03
32021,2004-03-01,5.1,0.00
32021,2004-04-01,4.8,0.00
32021,2004-05-01,5.1,0.00
32021,2004-06-01,5.3,0.07
32021,2004-07-01,5.5,0.30
32021,2004-08-01,5.1,0.30
32021,2004-09-01,4.8,0.13
32021,2004-10-01,5.9,0.27
32021,2004-11-01,6.1,0.60
32021,2004-12-01,6.1,1.03
32021,2005-01-01,7,1.40
32021,2005-02-01,7.2,1.77
32021,2005-03-01,6.5,1.90
32021,2005-04-01,6,1.57
32021,2005-05-01,5.3,0.93
32021,2005-06-01,5.8,0.63
32021,2005-07-01,5.5,0.40
32021,2005-08-01,5.2,0.37
32021,2005-09-01,5.2,0.17
32021,2005-10-01,4.9,0.00
32021,2005-11-01,5.3,0.03
32021,2005-12-01,5.9,0.27
32021,2006-01-01,8.4,1.43
32021,2006-02-01,7.6,2.20
32021,2006-03-01,7.4,2.70
32021,2006-04-01,7.1,2.27
32021,2006-05-01,6.9,2.03
32021,2006-06-01,7.1,1.93
32021,2006-07-01,6.8,1.83
32021,2006-08-01,6.1,1.57
32021,2006-09-01,6.4,1.33
32021,2006-10-01,6.1,1.10
32021,2006-11-01,6.6,1.23
32021,2006-12-01,6.3,0.97
32021,2007-01-01,7.4,0.57
32021,2007-02-01,6.5,0.53
32021,2007-03-01,5.7,0.33
32021,2007-04-01,6,0.00
32021,2007-05-01,5.6,0.00
32021,2007-06-01,5.7,0.00
32021,2007-07-01,5.5,0.00
32021,2007-08-01,6,0.13
32021,2007-09-01,6.1,0.27
32021,2007-10-01,7.6,0.97
32021,2007-11-01,8.6,1.83
32021,2007-12-01,8.4,2.60
32021,2008-01-01,9.1,3.10
32021,2008-02-01,8.4,3.03
32021,2008-03-01,7.7,2.80
32021,2008-04-01,7.4,2.23
32021,2008-05-01,7.3,1.87
32021,2008-06-01,7.3,1.73
32021,2008-07-01,7.7,1.83
32021,2008-08-01,7.5,1.77
32021,2008-09-01,7.4,1.67
32021,2008-10-01,7.6,0.93
32021,2008-11-01,7.8,0.27
32021,2008-12-01,7.2,0.20
32021,2009-01-01,7.9,0.30
32021,2009-02-01,7.7,0.27
32021,2009-03-01,7.9,0.50
32021,2009-04-01,7.8,0.47
32021,2009-05-01,7.6,0.43
32021,2009-06-01,8.4,0.60
32021,2009-07-01,9,0.90
32021,2009-08-01,8.4,1.10
32021,2009-09-01,9,1.30
32021,2009-10-01,9.4,1.43
32021,2009-11-01,8.8,1.53
32021,2009-12-01,9.3,1.63
32021,2010-01-01,14.5,3.27
32021,2010-02-01,15.1,5.37
32021,2010-03-01,15.4,7.23
32021,2010-04-01,16.3,7.83
32021,2010-05-01,15.9,8.10
32021,2010-06-01,14.3,7.57
32021,2010-07-01,14.9,6.70
32021,2010-08-01,14.3,5.90
32021,2010-09-01,14.3,5.70
32021,2010-10-01,14,5.27
32021,2010-11-01,14.8,5.30
32021,2010-12-01,14.8,5.37
32021,2011-01-01,15.6,4.20
32021,2011-02-01,15,2.17
32021,2011-03-01,14.6,0.87
32021,2011-04-01,14.2,0.40
32021,2011-05-01,13.8,0.00
32021,2011-06-01,14.3,0.00
32021,2011-07-01,14.6,0.13
32021,2011-08-01,13.9,0.17
32021,2011-09-01,13.2,0.00
32021,2011-10-01,13.2,0.00
32021,2011-11-01,13,0.00
32021,2011-12-01,13.6,0.13
32021,2012-01-01,14.5,0.57
32021,2012-02-01,14.3,1.00
32021,2012-03-01,13.8,1.07
32021,2012-04-01,14.2,0.97
32021,2012-05-01,14,0.87
32021,2012-06-01,15,1.27
32021,2012-07-01,14.5,1.37
32021,2012-08-01,13.9,1.33
32021,2012-09-01,13.5,0.83
32021,2012-10-01,13.9,0.63
32021,2012-11-01,13.2,0.40
32021,2012-12-01,12.5,0.00
32021,2013-01-01,14,0.03
32021,2013-02-01,13.7,0.20
32021,2013-03-01,13.4,0.50
32021,2013-04-01,12.9,0.13
32021,2013-05-01,12.2,0.00
32021,2013-06-01,13.8,0.13
32021,2013-07-01,13.3,0.27
32021,2013-08-01,12.8,0.47
32021,2013-09-01,12.5,0.03
32021,2013-10-01,12.5,0.00
32021,2013-11-01,12.4,0.00
32021,2013-12-01,11.8,0.00
32021,2014-01-01,12.1,0.00
32021,2014-02-01,11.7,0.00
32021,2014-03-01,11.5,0.00
32021,2014-04-01,10.6,0.00
32021,2014-05-01,11,0.00
32021,2014-06-01,11.6,0.03
32021,2014-07-01,11.5,0.33
32021,2014-08-01,11.2,0.40
32021,2014-09-01,10.8,0.13
32021,2014-10-01,11.1,0.00
32021,2014-11-01,10.9,0.00
32021,2014-12-01,10.6,0.00
32021,2015-01-01,11.4,0.10
32021,2015-02-01,11.3,0.23
32021,2015-03-01,11.1,0.40
32021,2015-04-01,10.7,0.17
32021,2015-05-01,10.9,0.03
32021,2015-06-01,10.3,0.00
32021,2015-07-01,9.8,0.00
32021,2015-08-01,10,0.00
32021,2015-09-01,9.6,0.00
32021,2015-10-01,9.4,0.00
32021,2015-11-01,9.4,0.00
32021,2015-12-01,9.6,0.00
32021,2016-01-01,9.4,0.00
32021,2016-02-01,9.2,0.00
32021,2016-03-01,9,0.00
32021,2016-04-01,8.7,0.00
32021,2016-05-01,8,0.00
32021,2016-06-01,8.6,0.00
32021,2016-07-01,8.6,0.00
32021,2016-08-01,8,0.00
32021,2016-09-01,8.1,0.00
32021,2016-10-01,8,0.00
32021,2016-11-01,7.1,0.00
32021,2016-12-01,6.9,0.00
32021,2017-01-01,8,0.00
32021,2017-02-01,7.9,0.27
32021,2017-03-01,7.4,0.43
32021,2017-04-01,7.4,0.23
32021,2017-05-01,6.8,0.00
32021,2017-06-01,7.3,0.00
32021,2017-07-01,6.9,0.00
32021,2017-08-01,6.6,0.00
32021,2017-09-01,6,0.00
32021,2017-10-01,6.8,0.00
32021,2017-11-01,6.9,0.10
32021,2017-12-01,6.5,0.27
32021,2018-01-01,7.8,0.60
32021,2018-02-01,6.8,0.57
32021,2018-03-01,6.2,0.47
32021,2018-04-01,6.6,0.07
32021,2018-05-01,6.1,0.00
32021,2018-06-01,7.7,0.50
32021,2018-07-01,6.8,0.57
32021,2018-08-01,6.7,0.77
32021,2018-09-01,6.4,0.33
32021,2018-10-01,6.2,0.13
32021,2018-11-01,6,0.00
32021,2018-12-01,6.4,0.00
32021,2019-01-01,6.6,0.13
32021,2019-02-01,6.2,0.20
32021,2019-03-01,5.8,0.00
32021,2019-04-01,5.2,0.00
32021,2019-05-01,5.5,0.00
32021,2019-06-01,5.5,0.00
32021,2019-07-01,5.6,0.13
32021,2019-08-01,4.9,0.00
32021,2019-09-01,4.6,0.00
32021,2019-10-01,4.5,0.00
32021,2019-11-01,4.4,0.00
32021,2019-12-01,4.9,0.10
32021,2020-01-01,5.4,0.40
32021,2020-02-01,4.9,0.57
32021,2020-03-01,7.8,1.53
32021,2020-04-01,14.2,4.47
32021,2020-05-01,10.7,6.40
32021,2020-06-01,8.6,6.67
32021,2020-07-01,8.7,4.83
32021,2020-08-01,7.3,3.70
32021,2020-09-01,6.6,3.03
32021,2020-10-01,5.7,2.03
32021,2020-11-01,5.3,1.37
32021,2020-12-01,5.7,0.97
32021,2021-01-01,5.9,0.73
32021,2021-02-01,6.3,0.90
32021,2021-03-01,5.5,0.33
32021,2021-04-01,5.8,0.30
32021,2021-05-01,4.4,0.00
32021,2021-06-01,4.4,0.00
32021,2021-07-01,4.8,0.00
32021,2021-08-01,4.4,0.00
32021,2021-09-01,4.2,0.00
32021,2021-10-01,4.3,0.00
32021,2021-11-01,3.9,0.00
32021,2021-12-01,4.6,0.13
32021,2022-01-01,5.3,0.47
32021,2022-02-01,5,0.83
32021,2022-03-01,5.2,1.03
32021,2022-04-01,6,1.27
32021,2022-05-01,6.6,1.80
32021,2022-06-01,6.8,2.33
32021,2022-07-01,7.3,2.77
32021,2022-08-01,7.5,3.07
32021,2022-09-01,6.8,3.07
32021,2022-10-01,6.9,2.93
32021,2022-11-01,6.7,2.67
32021,2022-12-01,6.9,2.57
32021,2023-01-01,8.3,2.70
32021,2023-02-01,8.5,2.93
32021,2023-03-01,7.5,2.93
32021,2023-04-01,6.8,2.20
32021,2023-05-01,8.3,1.60
32021,2023-06-01,8.1,1.27
32021,2023-07-01,9.4,1.80
32021,2023-08-01,9.4,2.17
32021,2023-09-01,9.1,2.50
32021,2023-10-01,9.4,2.50
32021,2023-11-01,8.9,2.33
32021,2023-12-01,8.6,2.13
32021,2024-01-01,8.4,1.33
32021,2024-02-01,9.5,1.30
32021,2024-03-01,8.6,1.30
32021,2024-04-01,8.5,1.33
32021,2024-05-01,8.5,1.00
32021,2024-06-01,8.9,0.90
32021,2024-07-01,8.7,0.17
32021,2024-08-01,8.4,0.13
32021,2024-09-01,8.5,0.00
32021,2024-10-01,8.8,0.03
32021,2024-11-01,8.5,0.07
32021,2024-12-01,9.2,0.30
32021,2025-01-01,10.5,0.87
32021,2025-02-01,9.2,1.10
32021,2025-03-01,9.4,1.17
32021,2025-04-01,9.6,0.87
32021,2025-05-01,12.1,1.83
32021,2025-06-01,11.8,2.63
32021,2025-07-01,11,3.10
32021,2025-08-01,10.6,2.60
32021,2025-09-01,10.9,2.30
32021,2025-10-01,10.8,2.20
32021,2025-11-01,10.7,2.20
32021,2025-12-01,9.5,1.50
32021,2026-01-01,10.6,0.87
32021,2026-02-01,10.3,0.73
32021,2026-03-01,9.2,0.63
32021,2026-04-01,8.6,0.00
32021,2026-05-01,9,0.00
32021,2026-06-01,8.5,0.00
32021,2026-07-01,8.2,0.00
32021,2026-08-01,7,0.00
32023,1990-01-01,4.5,NaN
32023,1990-02-01,3.7,NaN
32023,1990-03-01,3.8,NaN
32023,1990-04-01,3.3,NaN
32023,1990-05-01,3.6,NaN
32023,1990-06-01,3.4,NaN
32023,1990-07-01,3.2,NaN
32023,1990-08-01,3,NaN
32023,1990-09-01,3.3,NaN
32023,1990-10-01,3,NaN
32023,1990-11-01,3.2,NaN
32023,1990-12-01,3.5,NaN
32023,1991-01-01,4.1,NaN
32023,1991-02-01,3.6,NaN
32023,1991-03-01,3.8,0.73
32023,1991-04-01,4.3,0.80
32023,1991-05-01,4,0.93
32023,1991-06-01,4.6,1.20
32023,1991-07-01,4.6,1.30
32023,1991-08-01,4.2,1.37
32023,1991-09-01,4,1.17
32023,1991-10-01,4,0.97
32023,1991-11-01,3.9,0.80
32023,1991-12-01,4.6,0.93
32023,1992-01-01,5.5,1.07
32023,1992-02-01,5.3,1.40
32023,1992-03-01,4.5,1.27
32023,1992-04-01,4.4,0.83
32023,1992-05-01,4.4,0.47
32023,1992-06-01,4.7,0.53
32023,1992-07-01,4.8,0.67
32023,1992-08-01,5.7,1.10
32023,1992-09-01,5.7,1.43
32023,1992-10-01,7.8,2.43
32023,1992-11-01,8.6,3.40
32023,1992-12-01,8.5,4.13
32023,1993-01-01,9,4.27
32023,1993-02-01,8.5,4.23
32023,1993-03-01,8,4.07
32023,1993-04-01,7.5,3.57
32023,1993-05-01,6.8,3.00
32023,1993-06-01,7.5,2.77
32023,1993-07-01,6.7,2.37
32023,1993-08-01,6.3,1.77
32023,1993-09-01,6.6,1.13
32023,1993-10-01,6.1,0.00
32023,1993-11-01,5.9,0.00
32023,1993-12-01,5.7,0.00
32023,1994-01-01,6.3,0.07
32023,1994-02-01,6.3,0.20
32023,1994-03-01,6.5,0.47
32023,1994-04-01,6.5,0.53
32023,1994-05-01,5.9,0.40
32023,1994-06-01,6.5,0.40
32023,1994-07-01,5.6,0.10
32023,1994-08-01,5.1,0.00
32023,1994-09-01,5.2,0.00
32023,1994-10-01,5,0.00
32023,1994-11-01,5.2,0.03
32023,1994-12-01,4.6,0.00
32023,1995-01-01,5.8,0.27
32023,1995-02-01,4.8,0.13
32023,1995-03-01,5.1,0.30
32023,1995-04-01,4.7,0.00
32023,1995-05-01,4.2,0.00
32023,1995-06-01,4.2,0.00
32023,1995-07-01,4.5,0.00
32023,1995-08-01,4.1,0.00
32023,1995-09-01,4.1,0.00
32023,1995-10-01,3.8,0.00
32023,1995-11-01,4.1,0.00
32023,1995-12-01,5,0.30
32023,1996-01-01,7.1,1.40
32023,1996-02-01,5.9,2.00
32023,1996-03-01,5.7,2.23
32023,1996-04-01,5.2,1.60
32023,1996-05-01,5,1.30
32023,1996-06-01,4.6,0.93
32023,1996-07-01,4.6,0.73
32023,1996-08-01,4.4,0.53
32023,1996-09-01,4.6,0.53
32023,1996-10-01,4.3,0.43
32023,1996-11-01,4.3,0.40
32023,1996-12-01,4,0.00
32023,1997-01-01,4.1,0.00
32023,1997-02-01,3.9,0.00
32023,1997-03-01,4.4,0.13
32023,1997-04-01,4.2,0.17
32023,1997-05-01,4.2,0.27
32023,1997-06-01,4.9,0.43
32023,1997-07-01,5.3,0.80
32023,1997-08-01,4.3,0.83
32023,1997-09-01,4.4,0.67
32023,1997-10-01,4.1,0.27
32023,1997-11-01,3.7,0.07
32023,1997-12-01,3.6,0.00
32023,1998-01-01,4.4,0.10
32023,1998-02-01,4.1,0.23
32023,1998-03-01,4.3,0.47
32023,1998-04-01,3.8,0.27
32023,1998-05-01,4.1,0.27
32023,1998-06-01,4.1,0.20
32023,1998-07-01,3.7,0.17
32023,1998-08-01,3.4,0.00
32023,1998-09-01,4,0.00
32023,1998-10-01,3.8,0.03
32023,1998-11-01,4,0.23
32023,1998-12-01,4,0.23
32023,1999-01-01,4.9,0.60
32023,1999-02-01,4.6,0.80
32023,1999-03-01,4.4,0.93
32023,1999-04-01,4.6,0.83
32023,1999-05-01,4.2,0.70
32023,1999-06-01,4.7,0.80
32023,1999-07-01,4.6,0.80
32023,1999-08-01,4.3,0.83
32023,1999-09-01,4.6,0.80
32023,1999-10-01,4.4,0.70
32023,1999-11-01,4.5,0.57
32023,1999-12-01,5.2,0.77
32023,2000-01-01,6.2,1.00
32023,2000-02-01,6.2,1.47
32023,2000-03-01,6,1.73
32023,2000-04-01,5.8,1.60
32023,2000-05-01,5.8,1.47
32023,2000-06-01,6,1.43
32023,2000-07-01,6.4,1.63
32023,2000-08-01,6.4,1.83
32023,2000-09-01,6.6,2.03
32023,2000-10-01,6.3,2.00
32023,2000-11-01,6.8,2.07
32023,2000-12-01,7.3,2.10
32023,2001-01-01,8.6,2.27
32023,2001-02-01,7.9,2.07
32023,2001-03-01,8,2.30
32023,2001-04-01,7.8,2.03
32023,2001-05-01,7.3,1.83
32023,2001-06-01,7.8,1.77
32023,2001-07-01,7.7,1.53
32023,2001-08-01,7.9,1.53
32023,2001-09-01,7.6,1.30
32023,2001-10-01,6.9,1.03
32023,2001-11-01,7.2,0.67
32023,2001-12-01,7.2,0.30
32023,2002-01-01,8.2,0.43
32023,2002-02-01,7.7,0.60
32023,2002-03-01,7.7,0.77
32023,2002-04-01,7.7,0.60
32023,2002-05-01,7.2,0.43
32023,2002-06-01,7.6,0.40
32023,2002-07-01,7.3,0.27
32023,2002-08-01,7,0.20
32023,2002-09-01,6.8,0.00
32023,2002-10-01,6.7,0.00
32023,2002-11-01,6.9,0.00
32023,2002-12-01,7,0.07
32023,2003-01-01,7.8,0.43
32023,2003-02-01,7.6,0.67
32023,2003-03-01,7.5,0.83
32023,2003-04-01,7.2,0.63
32023,2003-05-01,7.2,0.50
32023,2003-06-01,8,0.67
32023,2003-07-01,7.9,0.90
32023,2003-08-01,7.8,1.10
32023,2003-09-01,7.6,0.97
32023,2003-10-01,7.1,0.70
32023,2003-11-01,7,0.43
32023,2003-12-01,6.9,0.13
32023,2004-01-01,7.3,0.07
32023,2004-02-01,6.4,0.00
32023,2004-03-01,6.5,0.00
32023,2004-04-01,6.1,0.00
32023,2004-05-01,5.7,0.00
32023,2004-06-01,6.1,0.00
32023,2004-07-01,6.1,0.00
32023,2004-08-01,5.6,0.00
32023,2004-09-01,5.7,0.00
32023,2004-10-01,5.5,0.00
32023,2004-11-01,5.6,0.00
32023,2004-12-01,5.5,0.00
32023,2005-01-01,6.1,0.20
32023,2005-02-01,5.8,0.27
32023,2005-03-01,5.7,0.33
32023,2005-04-01,5.6,0.17
32023,2005-05-01,5.3,0.00
32023,2005-06-01,6,0.10
32023,2005-07-01,6.1,0.27
32023,2005-08-01,5.6,0.37
32023,2005-09-01,5.7,0.27
32023,2005-10-01,5.3,0.00
32023,2005-11-01,5.5,0.00
32023,2005-12-01,5.1,0.00
32023,2006-01-01,5.6,0.10
32023,2006-02-01,5.7,0.17
32023,2006-03-01,5.4,0.27
32023,2006-04-01,5.6,0.27
32023,2006-05-01,5.2,0.10
32023,2006-06-01,5.8,0.23
32023,2006-07-01,6,0.37
32023,2006-08-01,5.7,0.53
32023,2006-09-01,5.5,0.43
32023,2006-10-01,5.6,0.30
32023,2006-11-01,5.9,0.37
32023,2006-12-01,5.8,0.47
32023,2007-01-01,6.7,0.73
32023,2007-02-01,6.2,0.83
32023,2007-03-01,6.2,0.97
32023,2007-04-01,6.4,0.87
32023,2007-05-01,6.2,0.87
32023,2007-06-01,7,1.00
32023,2007-07-01,7.3,1.23
32023,2007-08-01,7.1,1.53
32023,2007-09-01,7.1,1.57
32023,2007-10-01,6.8,1.40
32023,2007-11-01,7.5,1.47
32023,2007-12-01,8.1,1.70
32023,2008-01-01,8.5,1.90
32023,2008-02-01,8.4,2.10
32023,2008-03-01,8.7,2.27
32023,2008-04-01,8.7,2.33
32023,2008-05-01,9,2.53
32023,2008-06-01,9.8,2.63
32023,2008-07-01,10.6,2.97
32023,2008-08-01,11.1,3.50
32023,2008-09-01,11.1,3.93
32023,2008-10-01,11,4.07
32023,2008-11-01,11.5,4.07
32023,2008-12-01,11.7,3.93
32023,2009-01-01,12.5,3.87
32023,2009-02-01,12.3,3.83
32023,2009-03-01,12.6,3.93
32023,2009-04-01,12.4,3.83
32023,2009-05-01,12.6,3.73
32023,2009-06-01,13.6,3.70
32023,2009-07-01,14.1,3.63
32023,2009-08-01,14.2,3.47
32023,2009-09-01,14.2,3.23
32023,2009-10-01,14.6,3.27
32023,2009-11-01,14.5,3.23
32023,2009-12-01,15.2,3.37
32023,2010-01-01,17.2,3.73
32023,2010-02-01,16.9,4.27
32023,2010-03-01,16.7,4.50
32023,2010-04-01,16.5,4.27
32023,2010-05-01,16.4,4.00
32023,2010-06-01,17.2,3.83
32023,2010-07-01,17.8,3.70
32023,2010-08-01,17.4,3.50
32023,2010-09-01,16.9,3.20
32023,2010-10-01,16.6,2.63
32023,2010-11-01,17,2.40
32023,2010-12-01,17,2.10
32023,2011-01-01,17.3,1.47
32023,2011-02-01,16.8,0.60
32023,2011-03-01,16.6,0.37
32023,2011-04-01,16.4,0.07
32023,2011-05-01,16.3,0.00
32023,2011-06-01,17.1,0.17
32023,2011-07-01,17.6,0.57
32023,2011-08-01,17,0.80
32023,2011-09-01,16.7,0.67
32023,2011-10-01,16.3,0.23
32023,2011-11-01,15.8,0.00
32023,2011-12-01,16.1,0.00
32023,2012-01-01,16.3,0.00
32023,2012-02-01,15.9,0.03
32023,2012-03-01,15.3,0.00
32023,2012-04-01,14.9,0.00
32023,2012-05-01,14.8,0.00
32023,2012-06-01,15.1,0.00
32023,2012-07-01,15.6,0.23
32023,2012-08-01,14.8,0.23
32023,2012-09-01,14,0.00
32023,2012-10-01,13.8,0.00
32023,2012-11-01,13.6,0.00
32023,2012-12-01,13.7,0.00
32023,2013-01-01,14.5,0.23
32023,2013-02-01,13.6,0.23
32023,2013-03-01,13.2,0.07
32023,2013-04-01,13,0.00
32023,2013-05-01,12.8,0.00
32023,2013-06-01,13.1,0.00
32023,2013-07-01,13,0.00
32023,2013-08-01,12.3,0.00
32023,2013-09-01,11.9,0.00
32023,2013-10-01,11.8,0.00
32023,2013-11-01,10.8,0.00
32023,2013-12-01,10.9,0.00
32023,2014-01-01,10.9,0.00
32023,2014-02-01,10.8,0.00
32023,2014-03-01,10.7,0.00
32023,2014-04-01,9.5,0.00
32023,2014-05-01,10,0.00
32023,2014-06-01,10.1,0.00
32023,2014-07-01,10.6,0.37
32023,2014-08-01,10.1,0.40
32023,2014-09-01,9.6,0.23
32023,2014-10-01,9.4,0.00
32023,2014-11-01,9.3,0.00
32023,2014-12-01,9.2,0.00
32023,2015-01-01,9.9,0.17
32023,2015-02-01,9.5,0.23
32023,2015-03-01,8.9,0.13
32023,2015-04-01,9,0.00
32023,2015-05-01,8.9,0.00
32023,2015-06-01,8.8,0.00
32023,2015-07-01,9.1,0.03
32023,2015-08-01,8.7,0.00
32023,2015-09-01,8.7,0.00
32023,2015-10-01,8.8,0.00
32023,2015-11-01,8.6,0.00
32023,2015-12-01,8.2,0.00
32023,2016-01-01,8.4,0.00
32023,2016-02-01,8,0.00
32023,2016-03-01,7.9,0.00
32023,2016-04-01,7.6,0.00
32023,2016-05-01,7.1,0.00
32023,2016-06-01,7.5,0.00
32023,2016-07-01,7.6,0.00
32023,2016-08-01,7.2,0.03
32023,2016-09-01,7.4,0.00
32023,2016-10-01,7.2,0.00
32023,2016-11-01,6.8,0.00
32023,2016-12-01,6.7,0.00
32023,2017-01-01,7.2,0.00
32023,2017-02-01,6.8,0.00
32023,2017-03-01,6.4,0.00
32023,2017-04-01,6.5,0.00
32023,2017-05-01,6.4,0.00
32023,2017-06-01,6.4,0.00
32023,2017-07-01,6.7,0.07
32023,2017-08-01,6.4,0.07
32023,2017-09-01,6.5,0.10
32023,2017-10-01,6.1,0.00
32023,2017-11-01,6,0.00
32023,2017-12-01,5.8,0.00
32023,2018-01-01,6.5,0.13
32023,2018-02-01,5.9,0.10
32023,2018-03-01,5.4,0.00
32023,2018-04-01,5.3,0.00
32023,2018-05-01,5.2,0.00
32023,2018-06-01,5.7,0.10
32023,2018-07-01,5.9,0.30
32023,2018-08-01,5.6,0.43
32023,2018-09-01,5.4,0.33
32023,2018-10-01,5.4,0.17
32023,2018-11-01,5.2,0.03
32023,2018-12-01,5.7,0.13
32023,2019-01-01,6.3,0.43
32023,2019-02-01,5.7,0.60
32023,2019-03-01,5.4,0.50
32023,2019-04-01,5.4,0.20
32023,2019-05-01,5.3,0.07
32023,2019-06-01,5.4,0.03
32023,2019-07-01,5.8,0.17
32023,2019-08-01,5.5,0.23
32023,2019-09-01,5.2,0.17
32023,2019-10-01,5.1,0.00
32023,2019-11-01,5,0.00
32023,2019-12-01,5.3,0.03
32023,2020-01-01,5.8,0.27
32023,2020-02-01,5.3,0.37
32023,2020-03-01,9.1,1.63
32023,2020-04-01,20.7,6.60
32023,2020-05-01,15.9,10.13
32023,2020-06-01,11.6,10.97
32023,2020-07-01,11.9,8.03
32023,2020-08-01,10,6.07
32023,2020-09-01,9.2,5.27
32023,2020-10-01,8,3.97
32023,2020-11-01,7.5,3.13
32023,2020-12-01,7.5,2.53
32023,2021-01-01,7.1,2.00
32023,2021-02-01,6.8,1.67
32023,2021-03-01,5.8,0.00
32023,2021-04-01,5.9,0.00
32023,2021-05-01,5.4,0.00
32023,2021-06-01,6.2,0.13
32023,2021-07-01,6.8,0.43
32023,2021-08-01,6.3,0.73
32023,2021-09-01,5.4,0.47
32023,2021-10-01,5.4,0.00
32023,2021-11-01,5,0.00
32023,2021-12-01,5.2,0.00
32023,2022-01-01,6,0.20
32023,2022-02-01,5.7,0.43
32023,2022-03-01,5.4,0.50
32023,2022-04-01,5.9,0.47
32023,2022-05-01,6.1,0.60
32023,2022-06-01,6.8,1.07
32023,2022-07-01,6.8,1.37
32023,2022-08-01,7,1.67
32023,2022-09-01,6.5,1.57
32023,2022-10-01,6.9,1.60
32023,2022-11-01,6.7,1.50
32023,2022-12-01,6.4,1.47
32023,2023-01-01,6.9,1.27
32023,2023-02-01,6.8,1.07
32023,2023-03-01,6.3,1.00
32023,2023-04-01,6.2,0.77
32023,2023-05-01,7,0.70
32023,2023-06-01,6.9,0.43
32023,2023-07-01,6.7,0.43
32023,2023-08-01,7.1,0.47
32023,2023-09-01,7,0.50
32023,2023-10-01,7.1,0.63
32023,2023-11-01,6.7,0.50
32023,2023-12-01,6.9,0.47
32023,2024-01-01,7.2,0.50
32023,2024-02-01,7.4,0.73
32023,2024-03-01,7.1,0.80
32023,2024-04-01,6.9,0.70
32023,2024-05-01,7,0.50
32023,2024-06-01,7.3,0.37
32023,2024-07-01,7.9,0.53
32023,2024-08-01,7.5,0.67
32023,2024-09-01,7.1,0.60
32023,2024-10-01,7.1,0.33
32023,2024-11-01,6.9,0.13
32023,2024-12-01,6.7,0.00
32023,2025-01-01,7,0.00
32023,2025-02-01,6.9,0.00
32023,2025-03-01,6.6,0.00
32023,2025-04-01,6.6,0.00
32023,2025-05-01,6.7,0.00
32023,2025-06-01,6.8,0.07
32023,2025-07-01,7,0.20
32023,2025-08-01,6.5,0.13
32023,2025-09-01,6.6,0.07
32023,2025-10-01,6.5,0.00
32023,2025-11-01,6.4,0.00
32023,2025-12-01,5.9,0.00
32023,2026-01-01,6.8,0.10
32023,2026-02-01,6.8,0.23
32023,2026-03-01,6.3,0.37
32023,2026-04-01,6,0.10
32023,2026-05-01,6.4,0.00
32023,2026-06-01,6.2,0.00
32023,2026-07-01,6.5,0.17
32023,2026-08-01,5.7,0.00
32027,1990-01-01,7.7,NaN
32027,1990-02-01,6.3,NaN
32027,1990-03-01,4.7,NaN
32027,1990-04-01,3.9,NaN
32027,1990-05-01,3.9,NaN
32027,1990-06-01,4.4,NaN
32027,1990-07-01,3.9,NaN
32027,1990-08-01,3.7,NaN
32027,1990-09-01,4.7,NaN
32027,1990-10-01,3.6,NaN
32027,1990-11-01,5.3,NaN
32027,1990-12-01,4.6,NaN
32027,1991-01-01,6.1,NaN
32027,1991-02-01,4.8,NaN
32027,1991-03-01,4.9,1.27
32027,1991-04-01,4.4,0.70
32027,1991-05-01,3.6,0.30
32027,1991-06-01,3.2,0.00
32027,1991-07-01,3.4,0.00
32027,1991-08-01,3.2,0.00
32027,1991-09-01,3.1,0.00
32027,1991-10-01,4.2,0.27
32027,1991-11-01,4.6,0.73
32027,1991-12-01,5.6,1.57
32027,1992-01-01,7.8,2.77
32027,1992-02-01,7.8,3.83
32027,1992-03-01,7.6,4.50
32027,1992-04-01,7.5,4.40
32027,1992-05-01,7,4.13
32027,1992-06-01,6.1,3.63
32027,1992-07-01,4.9,2.77
32027,1992-08-01,4.9,2.07
32027,1992-09-01,5.5,1.87
32027,1992-10-01,5.9,1.93
32027,1992-11-01,5.2,1.57
32027,1992-12-01,6,0.90
32027,1993-01-01,7.4,1.10
32027,1993-02-01,7.9,2.00
32027,1993-03-01,7.7,2.57
32027,1993-04-01,6.6,2.30
32027,1993-05-01,6.3,1.77
32027,1993-06-01,6.1,1.23
32027,1993-07-01,5.3,0.80
32027,1993-08-01,4.1,0.07
32027,1993-09-01,4.5,0.00
32027,1993-10-01,5.3,0.00
32027,1993-11-01,5.7,0.53
32027,1993-12-01,6.5,1.20
32027,1994-01-01,9.6,2.63
32027,1994-02-01,8.4,3.53
32027,1994-03-01,8.6,4.23
32027,1994-04-01,8.7,3.93
32027,1994-05-01,6.7,3.37
32027,1994-06-01,7.9,3.13
32027,1994-07-01,6.6,2.43
32027,1994-08-01,6.2,2.27
32027,1994-09-01,6.1,1.67
32027,1994-10-01,5.6,1.33
32027,1994-11-01,6.7,0.97
32027,1994-12-01,6.4,0.40
32027,1995-01-01,8.2,1.13
32027,1995-02-01,6.6,1.10
32027,1995-03-01,5.9,0.93
32027,1995-04-01,5.9,0.17
32027,1995-05-01,5,0.00
32027,1995-06-01,5.5,0.00
32027,1995-07-01,5,0.00
32027,1995-08-01,4.9,0.00
32027,1995-09-01,4.1,0.00
32027,1995-10-01,4.1,0.00
32027,1995-11-01,5.2,0.10
32027,1995-12-01,5.9,0.70
32027,1996-01-01,7.3,1.77
32027,1996-02-01,6.3,2.13
32027,1996-03-01,5.1,1.87
32027,1996-04-01,5.4,1.23
32027,1996-05-01,4.8,0.73
32027,1996-06-01,5.1,0.73
32027,1996-07-01,5.3,0.70
32027,1996-08-01,4.8,0.70
32027,1996-09-01,4.2,0.40
32027,1996-10-01,2.9,0.00
32027,1996-11-01,4.3,0.00
32027,1996-12-01,4.4,0.07
32027,1997-01-01,5.3,0.87
32027,1997-02-01,5.1,1.13
32027,1997-03-01,5.2,1.40
32027,1997-04-01,4.4,1.10
32027,1997-05-01,3.9,0.70
32027,1997-06-01,4.9,0.60
32027,1997-07-01,3.8,0.40
32027,1997-08-01,4,0.43
32027,1997-09-01,3.8,0.07
32027,1997-10-01,3.4,0.00
32027,1997-11-01,3.8,0.00
32027,1997-12-01,3.9,0.03
32027,1998-01-01,3.9,0.20
32027,1998-02-01,3.9,0.23
32027,1998-03-01,4.2,0.33
32027,1998-04-01,4,0.37
32027,1998-05-01,3.8,0.33
32027,1998-06-01,4.1,0.30
32027,1998-07-01,4,0.30
32027,1998-08-01,3.4,0.17
32027,1998-09-01,2.4,0.00
32027,1998-10-01,1.8,0.00
32027,1998-11-01,2.4,0.00
32027,1998-12-01,2.9,0.17
32027,1999-01-01,4.2,0.97
32027,1999-02-01,4.2,1.57
32027,1999-03-01,4,1.93
32027,1999-04-01,3.4,1.67
32027,1999-05-01,3,1.27
32027,1999-06-01,3.7,1.17
32027,1999-07-01,3.8,1.30
32027,1999-08-01,3.3,1.40
32027,1999-09-01,3.1,1.20
32027,1999-10-01,2.9,0.90
32027,1999-11-01,3.1,0.83
32027,1999-12-01,3,0.63
32027,2000-01-01,4.9,0.67
32027,2000-02-01,4.3,1.07
32027,2000-03-01,4.4,1.53
32027,2000-04-01,4.1,1.27
32027,2000-05-01,3.7,1.07
32027,2000-06-01,4,0.93
32027,2000-07-01,4,0.90
32027,2000-08-01,3.9,0.97
32027,2000-09-01,3.7,0.87
32027,2000-10-01,3.9,0.83
32027,2000-11-01,4.3,0.97
32027,2000-12-01,4,1.07
32027,2001-01-01,5.5,0.93
32027,2001-02-01,5.3,1.10
32027,2001-03-01,5.1,1.47
32027,2001-04-01,5.4,1.43
32027,2001-05-01,4.6,1.20
32027,2001-06-01,5,1.17
32027,2001-07-01,4.8,0.97
32027,2001-08-01,4.7,1.00
32027,2001-09-01,4.3,0.77
32027,2001-10-01,4,0.50
32027,2001-11-01,4.3,0.23
32027,2001-12-01,3.8,0.00
32027,2002-01-01,5.4,0.47
32027,2002-02-01,4.8,0.63
32027,2002-03-01,4.8,0.97
32027,2002-04-01,4.8,0.77
32027,2002-05-01,4.4,0.63
32027,2002-06-01,4.9,0.67
32027,2002-07-01,5.1,0.77
32027,2002-08-01,4.7,0.87
32027,2002-09-01,4.2,0.63
32027,2002-10-01,4.3,0.37
32027,2002-11-01,5.1,0.50
32027,2002-12-01,4.6,0.63
32027,2003-01-01,5.8,0.77
32027,2003-02-01,5.8,1.00
32027,2003-03-01,5.7,1.37
32027,2003-04-01,5.5,1.27
32027,2003-05-01,5.2,1.07
32027,2003-06-01,5.4,0.97
32027,2003-07-01,5.3,0.90
32027,2003-08-01,4.8,0.77
32027,2003-09-01,4.4,0.43
32027,2003-10-01,4.4,0.13
32027,2003-11-01,4.3,0.00
32027,2003-12-01,4.1,0.00
32027,2004-01-01,5,0.20
32027,2004-02-01,4.4,0.23
32027,2004-03-01,4.3,0.30
32027,2004-04-01,4.7,0.20
32027,2004-05-01,4.1,0.10
32027,2004-06-01,4.5,0.17
32027,2004-07-01,4.4,0.07
32027,2004-08-01,3.7,0.00
32027,2004-09-01,4.1,0.00
32027,2004-10-01,4.4,0.00
32027,2004-11-01,4.1,0.13
32027,2004-12-01,4.6,0.30
32027,2005-01-01,5.9,0.80
32027,2005-02-01,5.9,1.40
32027,2005-03-01,5,1.53
32027,2005-04-01,4.8,1.17
32027,2005-05-01,4.3,0.63
32027,2005-06-01,4.7,0.53
32027,2005-07-01,4.7,0.50
32027,2005-08-01,4.4,0.53
32027,2005-09-01,4.1,0.33
32027,2005-10-01,4.7,0.33
32027,2005-11-01,5.1,0.43
32027,2005-12-01,5.3,0.67
32027,2006-01-01,6.5,1.23
32027,2006-02-01,6,1.53
32027,2006-03-01,5.4,1.57
32027,2006-04-01,5.2,1.13
32027,2006-05-01,4.7,0.70
32027,2006-06-01,4.9,0.53
32027,2006-07-01,4.8,0.40
32027,2006-08-01,4.3,0.27
32027,2006-09-01,4.1,0.00
32027,2006-10-01,4.5,0.00
32027,2006-11-01,4.8,0.17
32027,2006-12-01,5.1,0.50
32027,2007-01-01,6.5,1.17
32027,2007-02-01,5.7,1.47
32027,2007-03-01,5.1,1.47
32027,2007-04-01,5,0.97
32027,2007-05-01,4.4,0.53
32027,2007-06-01,4.9,0.47
32027,2007-07-01,4.9,0.43
32027,2007-08-01,5.2,0.70
32027,2007-09-01,5.1,0.77
32027,2007-10-01,5.1,0.83
32027,2007-11-01,5,0.60
32027,2007-12-01,6,0.63
32027,2008-01-01,7,1.27
32027,2008-02-01,6.7,1.83
32027,2008-03-01,7.4,2.30
32027,2008-04-01,6.8,2.23
32027,2008-05-01,6.9,2.30
32027,2008-06-01,7.2,2.23
32027,2008-07-01,7.2,2.37
32027,2008-08-01,6.6,2.00
32027,2008-09-01,7,1.87
32027,2008-10-01,7.4,1.93
32027,2008-11-01,7.9,2.37
32027,2008-12-01,8.3,2.50
32027,2009-01-01,9.5,2.57
32027,2009-02-01,9,2.37
32027,2009-03-01,8.9,2.20
32027,2009-04-01,9.6,2.23
32027,2009-05-01,10.3,2.67
32027,2009-06-01,10.6,3.23
32027,2009-07-01,9.5,3.20
32027,2009-08-01,8.7,2.67
32027,2009-09-01,8.9,2.10
32027,2009-10-01,9,1.87
32027,2009-11-01,9.8,1.80
32027,2009-12-01,10.5,1.90
32027,2010-01-01,12.3,2.30
32027,2010-02-01,11.2,2.47
32027,2010-03-01,10.9,2.60
32027,2010-04-01,11.8,2.43
32027,2010-05-01,11.4,2.50
32027,2010-06-01,11.3,2.63
32027,2010-07-01,10.1,2.07
32027,2010-08-01,9.3,1.37
32027,2010-09-01,9.3,0.70
32027,2010-10-01,9.4,0.47
32027,2010-11-01,10.5,0.50
32027,2010-12-01,11.2,1.03
32027,2011-01-01,12.1,1.93
32027,2011-02-01,11.6,2.30
32027,2011-03-01,11.7,2.47
32027,2011-04-01,11.7,2.33
32027,2011-05-01,11.5,2.30
32027,2011-06-01,11.4,2.20
32027,2011-07-01,10.9,1.93
32027,2011-08-01,9.1,1.13
32027,2011-09-01,9.3,0.43
32027,2011-10-01,9.2,0.00
32027,2011-11-01,9.9,0.27
32027,2011-12-01,11.2,0.90
32027,2012-01-01,12.2,1.90
32027,2012-02-01,11.6,2.47
32027,2012-03-01,10.9,2.37
32027,2012-04-01,10.8,1.90
32027,2012-05-01,10,1.37
32027,2012-06-01,10.3,1.17
32027,2012-07-01,9.6,0.77
32027,2012-08-01,8.3,0.20
32027,2012-09-01,8.3,0.00
32027,2012-10-01,8.9,0.00
32027,2012-11-01,9.3,0.33
32027,2012-12-01,10.8,1.17
32027,2013-01-01,11.6,2.07
32027,2013-02-01,11,2.63
32027,2013-03-01,10.5,2.53
32027,2013-04-01,10.1,2.03
32027,2013-05-01,9,1.37
32027,2013-06-01,9.6,1.07
32027,2013-07-01,8.9,0.67
32027,2013-08-01,7.8,0.27
32027,2013-09-01,7.7,0.00
32027,2013-10-01,8.2,0.00
32027,2013-11-01,8.7,0.30
32027,2013-12-01,8.8,0.67
32027,2014-01-01,9.1,0.97
32027,2014-02-01,9.3,1.17
32027,2014-03-01,8.9,1.20
32027,2014-04-01,8.2,0.90
32027,2014-05-01,7.7,0.37
32027,2014-06-01,7.9,0.03
32027,2014-07-01,7.5,0.00
32027,2014-08-01,6.7,0.00
32027,2014-09-01,6.2,0.00
32027,2014-10-01,6.5,0.00
32027,2014-11-01,6.4,0.00
32027,2014-12-01,6.6,0.13
32027,2015-01-01,7.5,0.47
32027,2015-02-01,6.9,0.63
32027,2015-03-01,6.5,0.60
32027,2015-04-01,6.9,0.40
32027,2015-05-01,7.1,0.47
32027,2015-06-01,7.1,0.67
32027,2015-07-01,7.1,0.73
32027,2015-08-01,6.7,0.60
32027,2015-09-01,6.7,0.47
32027,2015-10-01,7.1,0.47
32027,2015-11-01,7.4,0.70
32027,2015-12-01,7.3,0.77
32027,2016-01-01,8.9,1.10
32027,2016-02-01,8.2,1.37
32027,2016-03-01,7.3,1.37
32027,2016-04-01,7.3,0.83
32027,2016-05-01,7,0.37
32027,2016-06-01,7,0.27
32027,2016-07-01,6.6,0.03
32027,2016-08-01,6.2,0.00
32027,2016-09-01,6.2,0.00
32027,2016-10-01,6.2,0.00
32027,2016-11-01,5.2,0.00
32027,2016-12-01,5.5,0.00
32027,2017-01-01,6.7,0.17
32027,2017-02-01,6.4,0.57
32027,2017-03-01,5.5,0.57
32027,2017-04-01,5.2,0.07
32027,2017-05-01,4.8,0.00
32027,2017-06-01,4.9,0.00
32027,2017-07-01,5,0.00
32027,2017-08-01,5.2,0.13
32027,2017-09-01,4.9,0.13
32027,2017-10-01,4.5,0.00
32027,2017-11-01,4.7,0.00
32027,2017-12-01,5,0.03
32027,2018-01-01,5.5,0.37
32027,2018-02-01,5.3,0.57
32027,2018-03-01,4.9,0.53
32027,2018-04-01,4.8,0.30
32027,2018-05-01,4,0.00
32027,2018-06-01,4.3,0.00
32027,2018-07-01,4.1,0.00
32027,2018-08-01,4.4,0.13
32027,2018-09-01,3.9,0.00
32027,2018-10-01,4.2,0.03
32027,2018-11-01,4.2,0.00
32027,2018-12-01,4.9,0.33
32027,2019-01-01,5.7,0.83
32027,2019-02-01,5.8,1.37
32027,2019-03-01,5.2,1.47
32027,2019-04-01,4.8,1.17
32027,2019-05-01,4.2,0.63
32027,2019-06-01,4.5,0.40
32027,2019-07-01,4.6,0.33
32027,2019-08-01,4,0.27
32027,2019-09-01,4,0.10
32027,2019-10-01,4,0.00
32027,2019-11-01,4.3,0.10
32027,2019-12-01,4.8,0.37
32027,2020-01-01,4.9,0.67
32027,2020-02-01,5,0.90
32027,2020-03-01,7.7,1.87
32027,2020-04-01,10.8,3.83
32027,2020-05-01,7.1,4.53
32027,2020-06-01,5.7,3.87
32027,2020-07-01,5.6,2.13
32027,2020-08-01,4.9,1.40
32027,2020-09-01,4.4,0.97
32027,2020-10-01,3.5,0.27
32027,2020-11-01,3.6,0.00
32027,2020-12-01,4.2,0.00
32027,2021-01-01,4,0.17
32027,2021-02-01,4.2,0.37
32027,2021-03-01,3.8,0.23
32027,2021-04-01,3.6,0.10
32027,2021-05-01,3.4,0.00
32027,2021-06-01,3.9,0.03
32027,2021-07-01,4.3,0.27
32027,2021-08-01,4,0.47
32027,2021-09-01,3.8,0.43
32027,2021-10-01,3.7,0.23
32027,2021-11-01,3.4,0.03
32027,2021-12-01,3.6,0.00
32027,2022-01-01,4.1,0.13
32027,2022-02-01,4.3,0.43
32027,2022-03-01,4.2,0.63
32027,2022-04-01,4.1,0.63
32027,2022-05-01,4.6,0.73
32027,2022-06-01,5.7,1.23
32027,2022-07-01,4.9,1.50
32027,2022-08-01,5.4,1.77
32027,2022-09-01,4.7,1.43
32027,2022-10-01,4.6,1.33
32027,2022-11-01,5,1.20
32027,2022-12-01,5.1,1.33
32027,2023-01-01,6,1.67
32027,2023-02-01,6.1,1.73
32027,2023-03-01,5.7,1.73
32027,2023-04-01,4.8,1.33
32027,2023-05-01,5.2,0.93
32027,2023-06-01,5.2,0.30
32027,2023-07-01,5.4,0.50
32027,2023-08-01,5.7,0.67
32027,2023-09-01,5.2,0.67
32027,2023-10-01,5.1,0.57
32027,2023-11-01,4.8,0.27
32027,2023-12-01,5,0.07
32027,2024-01-01,5.9,0.27
32027,2024-02-01,6.1,0.70
32027,2024-03-01,5.8,0.97
32027,2024-04-01,5.8,0.93
32027,2024-05-01,5.5,0.73
32027,2024-06-01,5.9,0.77
32027,2024-07-01,5.5,0.67
32027,2024-08-01,5.3,0.60
32027,2024-09-01,4.7,0.20
32027,2024-10-01,4.5,0.00
32027,2024-11-01,4.5,0.00
32027,2024-12-01,4.3,0.00
32027,2025-01-01,4.8,0.10
32027,2025-02-01,4.7,0.17
32027,2025-03-01,4.8,0.33
32027,2025-04-01,4.5,0.23
32027,2025-05-01,4.3,0.10
32027,2025-06-01,4.5,0.00
32027,2025-07-01,4.1,0.00
32027,2025-08-01,3.5,0.00
32027,2025-09-01,3.6,0.00
32027,2025-10-01,3.7,0.00
32027,2025-11-01,3.8,0.10
32027,2025-12-01,3.5,0.07
32027,2026-01-01,4.4,0.30
32027,2026-02-01,4.3,0.47
32027,2026-03-01,4.2,0.70
32027,2026-04-01,3.6,0.43
32027,2026-05-01,3.7,0.23
32027,2026-06-01,3.7,0.07
32027,2026-07-01,3.8,0.13
32027,2026-08-01,3.4,0.03
32029,1990-01-01,2.4,NaN
32029,1990-02-01,4.1,NaN
32029,1990-03-01,4.4,NaN
32029,1990-04-01,3,NaN
32029,1990-05-01,1.2,NaN
32029,1990-06-01,1.4,NaN
32029,1990-07-01,1.3,NaN
32029,1990-08-01,1.7,NaN
32029,1990-09-01,1.3,NaN
32029,1990-10-01,1.5,NaN
32029,1990-11-01,3.4,NaN
32029,1990-12-01,2.1,NaN
32029,1991-01-01,1.6,NaN
32029,1991-02-01,2.6,NaN
32029,1991-03-01,2.6,0.97
32029,1991-04-01,2.9,1.40
32029,1991-05-01,2.7,1.43
32029,1991-06-01,2.4,1.37
32029,1991-07-01,1.9,1.03
32029,1991-08-01,4.1,1.37
32029,1991-09-01,4,1.90
32029,1991-10-01,3.2,2.27
32029,1991-11-01,3.1,1.37
32029,1991-12-01,4.3,1.43
32029,1992-01-01,4.2,1.77
32029,1992-02-01,4.9,2.37
32029,1992-03-01,4.1,2.13
32029,1992-04-01,3.2,1.73
32029,1992-05-01,4.7,1.67
32029,1992-06-01,5.1,2.00
32029,1992-07-01,4.7,2.50
32029,1992-08-01,3,1.47
32029,1992-09-01,4.5,0.73
32029,1992-10-01,5.2,0.80
32029,1992-11-01,2.9,0.77
32029,1992-12-01,4.2,0.57
32029,1993-01-01,6.8,0.77
32029,1993-02-01,4.8,1.27
32029,1993-03-01,5.2,1.60
32029,1993-04-01,5.4,1.13
32029,1993-05-01,5.1,1.23
32029,1993-06-01,4.2,0.83
32029,1993-07-01,4.5,0.53
32029,1993-08-01,4.2,0.23
32029,1993-09-01,5.3,0.60
32029,1993-10-01,6.5,1.23
32029,1993-11-01,5.6,1.70
32029,1993-12-01,6,1.93
32029,1994-01-01,6.7,1.80
32029,1994-02-01,6.3,2.03
32029,1994-03-01,5.9,2.00
32029,1994-04-01,5.9,1.73
32029,1994-05-01,3,0.63
32029,1994-06-01,4.8,0.27
32029,1994-07-01,4.7,0.00
32029,1994-08-01,4.3,0.43
32029,1994-09-01,3.6,0.03
32029,1994-10-01,4.3,0.00
32029,1994-11-01,5.1,0.27
32029,1994-12-01,5.8,1.00
32029,1995-01-01,5.5,1.40
32029,1995-02-01,5.5,1.53
32029,1995-03-01,3.6,0.80
32029,1995-04-01,3.7,0.20
32029,1995-05-01,3.1,0.00
32029,1995-06-01,2.3,0.00
32029,1995-07-01,2.4,0.00
32029,1995-08-01,2.9,0.00
32029,1995-09-01,4.4,0.70
32029,1995-10-01,4,1.23
32029,1995-11-01,4.4,1.73
32029,1995-12-01,5.4,2.07
32029,1996-01-01,6.3,2.83
32029,1996-02-01,6,3.37
32029,1996-03-01,6.3,3.67
32029,1996-04-01,4,2.90
32029,1996-05-01,3.3,2.00
32029,1996-06-01,3.2,0.97
32029,1996-07-01,4.1,1.00
32029,1996-08-01,5,1.57
32029,1996-09-01,3.8,1.07
32029,1996-10-01,3.2,0.50
32029,1996-11-01,4.3,0.27
32029,1996-12-01,4,0.33
32029,1997-01-01,6.2,1.33
32029,1997-02-01,5,1.57
32029,1997-03-01,4,1.57
32029,1997-04-01,2.7,0.40
32029,1997-05-01,2.2,0.00
32029,1997-06-01,3.4,0.00
32029,1997-07-01,3.6,0.30
32029,1997-08-01,3.5,0.73
32029,1997-09-01,3.9,0.90
32029,1997-10-01,3.6,0.90
32029,1997-11-01,3,0.73
32029,1997-12-01,3.9,0.73
32029,1998-01-01,7.4,2.00
32029,1998-02-01,5.2,2.73
32029,1998-03-01,5,3.10
32029,1998-04-01,3.7,1.87
32029,1998-05-01,4.1,1.50
32029,1998-06-01,4.7,1.40
32029,1998-07-01,3.3,0.97
32029,1998-08-01,2.7,0.07
32029,1998-09-01,2.1,0.00
32029,1998-10-01,3,0.00
32029,1998-11-01,3.5,0.27
32029,1998-12-01,4.2,0.97
32029,1999-01-01,5.3,1.73
32029,1999-02-01,4.9,2.20
32029,1999-03-01,3.8,2.07
32029,1999-04-01,4.4,1.77
32029,1999-05-01,2.9,1.10
32029,1999-06-01,3.7,1.07
32029,1999-07-01,3.1,0.63
32029,1999-08-01,3.2,0.73
32029,1999-09-01,2.5,0.33
32029,1999-10-01,2.9,0.27
32029,1999-11-01,3.5,0.10
32029,1999-12-01,3,0.27
32029,2000-01-01,3.9,0.60
32029,2000-02-01,3.6,0.63
32029,2000-03-01,3.5,0.80
32029,2000-04-01,3.2,0.57
32029,2000-05-01,3,0.37
32029,2000-06-01,2.8,0.13
32029,2000-07-01,2.5,0.00
32029,2000-08-01,2.4,0.00
32029,2000-09-01,2.1,0.00
32029,2000-10-01,2.5,0.00
32029,2000-11-01,3.1,0.23
32029,2000-12-01,3,0.53
32029,2001-01-01,4.1,1.07
32029,2001-02-01,4.3,1.47
32029,2001-03-01,3.9,1.77
32029,2001-04-01,4.1,1.77
32029,2001-05-01,3.3,1.43
32029,2001-06-01,3.1,1.17
32029,2001-07-01,3.5,0.97
32029,2001-08-01,3.5,1.03
32029,2001-09-01,3.8,1.27
32029,2001-10-01,3.3,1.20
32029,2001-11-01,3.6,1.00
32029,2001-12-01,3.9,0.73
32029,2002-01-01,5.4,1.00
32029,2002-02-01,4.7,1.37
32029,2002-03-01,3.8,1.33
32029,2002-04-01,4.5,1.03
32029,2002-05-01,4.1,0.83
32029,2002-06-01,3.9,0.87
32029,2002-07-01,4.1,0.73
32029,2002-08-01,3.9,0.60
32029,2002-09-01,2.9,0.10
32029,2002-10-01,3,0.00
32029,2002-11-01,3,0.00
32029,2002-12-01,3.6,0.23
32029,2003-01-01,4.6,0.77
32029,2003-02-01,4.1,1.13
32029,2003-03-01,3.3,1.03
32029,2003-04-01,3.9,0.80
32029,2003-05-01,3.4,0.57
32029,2003-06-01,3,0.47
32029,2003-07-01,3.2,0.23
32029,2003-08-01,2.9,0.07
32029,2003-09-01,2.7,0.00
32029,2003-10-01,3.5,0.10
32029,2003-11-01,3,0.13
32029,2003-12-01,3.8,0.50
32029,2004-01-01,4.7,0.90
32029,2004-02-01,4,1.23
32029,2004-03-01,4.1,1.33
32029,2004-04-01,3.8,1.03
32029,2004-05-01,3.1,0.73
32029,2004-06-01,3.1,0.40
32029,2004-07-01,3,0.13
32029,2004-08-01,2.7,0.00
32029,2004-09-01,2.4,0.00
32029,2004-10-01,2.6,0.00
32029,2004-11-01,3.3,0.20
32029,2004-12-01,3.3,0.50
32029,2005-01-01,6.7,1.87
32029,2005-02-01,6.4,2.90
32029,2005-03-01,3,2.80
32029,2005-04-01,2.7,1.47
32029,2005-05-01,4.4,0.80
32029,2005-06-01,4.1,1.17
32029,2005-07-01,4.3,1.70
32029,2005-08-01,3.9,1.53
32029,2005-09-01,4,1.50
32029,2005-10-01,3.6,1.27
32029,2005-11-01,4.4,1.23
32029,2005-12-01,5,1.27
32029,2006-01-01,5.8,1.70
32029,2006-02-01,4.9,1.87
32029,2006-03-01,4.6,1.73
32029,2006-04-01,4.3,1.23
32029,2006-05-01,4.1,0.97
32029,2006-06-01,4,0.40
32029,2006-07-01,4.1,0.23
32029,2006-08-01,3.9,0.17
32029,2006-09-01,3.4,0.00
32029,2006-10-01,3.2,0.00
32029,2006-11-01,4.1,0.07
32029,2006-12-01,4.8,0.53
32029,2007-01-01,6.1,1.50
32029,2007-02-01,6,2.13
32029,2007-03-01,5.1,2.23
32029,2007-04-01,5.1,1.90
32029,2007-05-01,5.2,1.63
32029,2007-06-01,4.3,1.37
32029,2007-07-01,4.6,1.20
32029,2007-08-01,4.4,0.93
32029,2007-09-01,4.8,1.10
32029,2007-10-01,5.4,1.37
32029,2007-11-01,5.2,1.57
32029,2007-12-01,6.5,1.67
32029,2008-01-01,8,2.13
32029,2008-02-01,7.4,2.87
32029,2008-03-01,7,3.03
32029,2008-04-01,6,2.37
32029,2008-05-01,6.4,2.03
32029,2008-06-01,5.7,1.60
32029,2008-07-01,6.5,1.77
32029,2008-08-01,6.7,1.87
32029,2008-09-01,6.9,2.10
32029,2008-10-01,7.1,2.03
32029,2008-11-01,8.2,2.27
32029,2008-12-01,9.3,2.50
32029,2009-01-01,10.9,3.43
32029,2009-02-01,11.4,4.50
32029,2009-03-01,11.1,5.10
32029,2009-04-01,10.6,5.00
32029,2009-05-01,10.3,4.63
32029,2009-06-01,10.5,4.43
32029,2009-07-01,11.5,4.57
32029,2009-08-01,11.9,5.00
32029,2009-09-01,12.3,5.20
32029,2009-10-01,11.9,5.13
32029,2009-11-01,12.4,4.80
32029,2009-12-01,13.7,4.47
32029,2010-01-01,17.5,5.07
32029,2010-02-01,17.1,5.63
32029,2010-03-01,17.1,6.77
32029,2010-04-01,17,6.60
32029,2010-05-01,16.4,6.37
32029,2010-06-01,16,6.00
32029,2010-07-01,16.2,5.43
32029,2010-08-01,16.1,4.80
32029,2010-09-01,15.8,4.13
32029,2010-10-01,15.8,3.87
32029,2010-11-01,15.7,3.57
32029,2010-12-01,15.5,3.00
32029,2011-01-01,17.9,1.83
32029,2011-02-01,16.9,1.10
32029,2011-03-01,16.9,1.57
32029,2011-04-01,15.9,0.90
32029,2011-05-01,14.9,0.23
32029,2011-06-01,15,0.00
32029,2011-07-01,15.2,0.00
32029,2011-08-01,15.2,0.10
32029,2011-09-01,15.1,0.13
32029,2011-10-01,15.1,0.10
32029,2011-11-01,14.4,0.00
32029,2011-12-01,15.2,0.03
32029,2012-01-01,15.8,0.27
32029,2012-02-01,15.5,0.63
32029,2012-03-01,15.2,0.63
32029,2012-04-01,14.6,0.23
32029,2012-05-01,13.5,0.00
32029,2012-06-01,13.8,0.00
32029,2012-07-01,13.4,0.00
32029,2012-08-01,13.2,0.00
32029,2012-09-01,12.6,0.00
32029,2012-10-01,12.8,0.00
32029,2012-11-01,12.1,0.00
32029,2012-12-01,11.7,0.00
32029,2013-01-01,14,0.40
32029,2013-02-01,13.4,0.83
32029,2013-03-01,12.6,1.13
32029,2013-04-01,12.1,0.50
32029,2013-05-01,12.3,0.13
32029,2013-06-01,12.4,0.07
32029,2013-07-01,11.9,0.00
32029,2013-08-01,11.2,0.00
32029,2013-09-01,10.9,0.00
32029,2013-10-01,11.2,0.00
32029,2013-11-01,11,0.00
32029,2013-12-01,11.1,0.07
32029,2014-01-01,11.9,0.30
32029,2014-02-01,10.9,0.27
32029,2014-03-01,10.6,0.10
32029,2014-04-01,9.6,0.00
32029,2014-05-01,9.1,0.00
32029,2014-06-01,9.5,0.00
32029,2014-07-01,9.2,0.00
32029,2014-08-01,8.7,0.00
32029,2014-09-01,8.5,0.00
32029,2014-10-01,8.4,0.00
32029,2014-11-01,8,0.00
32029,2014-12-01,8.1,0.00
32029,2015-01-01,9,0.20
32029,2015-02-01,8.3,0.30
32029,2015-03-01,7.6,0.13
32029,2015-04-01,7.9,0.00
32029,2015-05-01,8,0.00
32029,2015-06-01,7.5,0.00
32029,2015-07-01,7.5,0.00
32029,2015-08-01,6.9,0.00
32029,2015-09-01,6.3,0.00
32029,2015-10-01,7.1,0.00
32029,2015-11-01,7.2,0.10
32029,2015-12-01,7.1,0.37
32029,2016-01-01,9.9,1.30
32029,2016-02-01,10,2.23
32029,2016-03-01,9.3,2.97
32029,2016-04-01,8.8,2.60
32029,2016-05-01,7.7,1.83
32029,2016-06-01,7.7,1.30
32029,2016-07-01,7.3,0.80
32029,2016-08-01,6.8,0.50
32029,2016-09-01,6.4,0.07
32029,2016-10-01,6.4,0.00
32029,2016-11-01,5.9,0.00
32029,2016-12-01,6.2,0.00
32029,2017-01-01,7.7,0.43
32029,2017-02-01,7.7,1.03
32029,2017-03-01,6.6,1.17
32029,2017-04-01,6.3,0.70
32029,2017-05-01,6.1,0.17
32029,2017-06-01,5.6,0.00
32029,2017-07-01,5.8,0.00
32029,2017-08-01,5.6,0.00
32029,2017-09-01,5.2,0.00
32029,2017-10-01,5.3,0.00
32029,2017-11-01,5.3,0.00
32029,2017-12-01,5.5,0.10
32029,2018-01-01,6.4,0.47
32029,2018-02-01,6.2,0.77
32029,2018-03-01,5.1,0.63
32029,2018-04-01,5.6,0.37
32029,2018-05-01,5.3,0.07
32029,2018-06-01,5,0.03
32029,2018-07-01,5.5,0.00
32029,2018-08-01,5,0.00
32029,2018-09-01,4.6,0.00
32029,2018-10-01,4.6,0.00
32029,2018-11-01,4.3,0.00
32029,2018-12-01,5.1,0.17
32029,2019-01-01,6,0.63
32029,2019-02-01,5.9,1.17
32029,2019-03-01,5.2,1.20
32029,2019-04-01,4.8,0.80
32029,2019-05-01,4.5,0.33
32029,2019-06-01,4.6,0.13
32029,2019-07-01,4.6,0.07
32029,2019-08-01,4.4,0.03
32029,2019-09-01,4.1,0.00
32029,2019-10-01,3.8,0.00
32029,2019-11-01,4.3,0.00
32029,2019-12-01,5,0.30
32029,2020-01-01,5.5,0.87
32029,2020-02-01,5.2,1.17
32029,2020-03-01,8.7,2.40
32029,2020-04-01,25.4,9.03
32029,2020-05-01,18,13.30
32029,2020-06-01,12.8,14.67
32029,2020-07-01,12.2,10.27
32029,2020-08-01,9.3,7.37
32029,2020-09-01,8.6,5.97
32029,2020-10-01,7.3,4.33
32029,2020-11-01,7,3.57
32029,2020-12-01,7.2,2.80
32029,2021-01-01,7.3,2.23
32029,2021-02-01,7.3,2.03
32029,2021-03-01,6.6,0.60
32029,2021-04-01,6.7,0.00
32029,2021-05-01,5.5,0.00
32029,2021-06-01,5.4,0.00
32029,2021-07-01,5.6,0.00
32029,2021-08-01,5.4,0.00
32029,2021-09-01,4.3,0.00
32029,2021-10-01,4.6,0.00
32029,2021-11-01,4.1,0.00
32029,2021-12-01,4.1,0.00
32029,2022-01-01,5.6,0.33
32029,2022-02-01,5.4,0.77
32029,2022-03-01,4.9,1.03
32029,2022-04-01,5.3,0.93
32029,2022-05-01,6,1.13
32029,2022-06-01,6.5,1.67
32029,2022-07-01,6,1.90
32029,2022-08-01,6.4,2.03
32029,2022-09-01,5.8,1.80
32029,2022-10-01,6.1,1.83
32029,2022-11-01,5.8,1.63
32029,2022-12-01,5.2,1.43
32029,2023-01-01,7.1,1.43
32029,2023-02-01,6.7,1.30
32029,2023-03-01,5.8,1.33
32029,2023-04-01,5.4,0.77
32029,2023-05-01,6.1,0.37
32029,2023-06-01,5.6,0.00
32029,2023-07-01,5.4,0.00
32029,2023-08-01,5.7,0.00
32029,2023-09-01,5.5,0.00
32029,2023-10-01,5.6,0.07
32029,2023-11-01,4.7,0.00
32029,2023-12-01,5.3,0.00
32029,2024-01-01,6.1,0.17
32029,2024-02-01,6.4,0.73
32029,2024-03-01,6.1,1.00
32029,2024-04-01,5.6,0.83
32029,2024-05-01,5.9,0.67
32029,2024-06-01,6.4,0.77
32029,2024-07-01,6.3,1.00
32029,2024-08-01,6.4,1.17
32029,2024-09-01,5.5,0.87
32029,2024-10-01,5.6,0.63
32029,2024-11-01,5,0.17
32029,2024-12-01,5.4,0.13
32029,2025-01-01,5.9,0.10
32029,2025-02-01,6,0.43
32029,2025-03-01,5.5,0.47
32029,2025-04-01,5.9,0.47
32029,2025-05-01,5.9,0.43
32029,2025-06-01,5.9,0.57
32029,2025-07-01,6.1,0.63
32029,2025-08-01,5.9,0.63
32029,2025-09-01,5.8,0.60
32029,2025-10-01,5.55,0.42
32029,2025-11-01,5.3,0.22
32029,2025-12-01,5.2,0.02
32029,2026-01-01,6.1,0.18
32029,2026-02-01,6.3,0.52
32029,2026-03-01,6,0.78
32029,2026-04-01,5.5,0.58
32029,2026-05-01,5.6,0.35
32029,2026-06-01,5.4,0.15
32029,2026-07-01,5.4,0.12
32029,2026-08-01,4.7,0.00
51041,1990-01-01,3,NaN
51041,1990-02-01,3,NaN
51041,1990-03-01,2.8,NaN
51041,1990-04-01,2.8,NaN
51041,1990-05-01,3.2,NaN
51041,1990-06-01,3.4,NaN
51041,1990-07-01,3,NaN
51041,1990-08-01,3.3,NaN
51041,1990-09-01,3.4,NaN
51041,1990-10-01,3,NaN
51041,1990-11-01,3.6,NaN
51041,1990-12-01,3.4,NaN
51041,1991-01-01,3.8,NaN
51041,1991-02-01,4.2,NaN
51041,1991-03-01,4.2,1.20
51041,1991-04-01,3.9,1.23
51041,1991-05-01,4.3,1.20
51041,1991-06-01,4.6,1.13
51041,1991-07-01,4.3,1.20
51041,1991-08-01,4.7,1.30
51041,1991-09-01,4.7,1.33
51041,1991-10-01,4.5,1.40
51041,1991-11-01,4.6,1.27
51041,1991-12-01,4.4,1.17
51041,1992-01-01,4.7,0.97
51041,1992-02-01,4.9,0.87
51041,1992-03-01,4.6,0.67
51041,1992-04-01,4.3,0.50
51041,1992-05-01,4.8,0.43
51041,1992-06-01,5.1,0.47
51041,1992-07-01,4.9,0.53
51041,1992-08-01,4.9,0.47
51041,1992-09-01,5.1,0.47
51041,1992-10-01,4.7,0.40
51041,1992-11-01,4.8,0.37
51041,1992-12-01,4.6,0.20
51041,1993-01-01,5,0.23
51041,1993-02-01,4.6,0.17
51041,1993-03-01,4.1,0.00
51041,1993-04-01,3.8,0.00
51041,1993-05-01,4.1,0.00
51041,1993-06-01,4.4,0.10
51041,1993-07-01,4.1,0.20
51041,1993-08-01,4.2,0.23
51041,1993-09-01,4.2,0.17
51041,1993-10-01,4,0.13
51041,1993-11-01,3.8,0.00
51041,1993-12-01,3.4,0.00
51041,1994-01-01,3.8,0.00
51041,1994-02-01,3.7,0.00
51041,1994-03-01,3.4,0.00
51041,1994-04-01,3.3,0.00
51041,1994-05-01,3.4,0.00
51041,1994-06-01,3.8,0.13
51041,1994-07-01,3.7,0.27
51041,1994-08-01,4,0.47
51041,1994-09-01,3.9,0.50
51041,1994-10-01,3.7,0.50
51041,1994-11-01,3.6,0.37
51041,1994-12-01,3.3,0.17
51041,1995-01-01,3.4,0.07
51041,1995-02-01,3,0.00
51041,1995-03-01,2.9,0.00
51041,1995-04-01,2.9,0.00
51041,1995-05-01,2.9,0.00
51041,1995-06-01,3.2,0.10
51041,1995-07-01,2.9,0.10
51041,1995-08-01,3.1,0.17
51041,1995-09-01,3.3,0.20
51041,1995-10-01,3,0.23
51041,1995-11-01,2.8,0.13
51041,1995-12-01,2.6,0.00
51041,1996-01-01,2.7,0.00
51041,1996-02-01,2.8,0.00
51041,1996-03-01,2.7,0.03
51041,1996-04-01,2.7,0.03
51041,1996-05-01,3,0.10
51041,1996-06-01,3.1,0.23
51041,1996-07-01,2.9,0.30
51041,1996-08-01,3.2,0.37
51041,1996-09-01,3.3,0.43
51041,1996-10-01,3,0.47
51041,1996-11-01,2.8,0.33
51041,1996-12-01,2.8,0.17
51041,1997-01-01,3.1,0.20
51041,1997-02-01,3,0.27
51041,1997-03-01,2.7,0.20
51041,1997-04-01,2.5,0.00
51041,1997-05-01,2.6,0.00
51041,1997-06-01,2.9,0.07
51041,1997-07-01,2.4,0.03
51041,1997-08-01,2.5,0.00
51041,1997-09-01,2.5,0.00
51041,1997-10-01,2.2,0.00
51041,1997-11-01,2.2,0.00
51041,1997-12-01,2,0.00
51041,1998-01-01,2.2,0.00
51041,1998-02-01,2.3,0.03
51041,1998-03-01,2.2,0.10
51041,1998-04-01,1.8,0.00
51041,1998-05-01,2,0.00
51041,1998-06-01,2.3,0.03
51041,1998-07-01,2,0.10
51041,1998-08-01,2.1,0.13
51041,1998-09-01,2.2,0.10
51041,1998-10-01,2.1,0.13
51041,1998-11-01,1.8,0.03
51041,1998-12-01,1.6,0.00
51041,1999-01-01,1.9,0.00
51041,1999-02-01,1.9,0.03
51041,1999-03-01,1.7,0.07
51041,1999-04-01,1.6,0.00
51041,1999-05-01,1.8,0.00
51041,1999-06-01,2.1,0.13
51041,1999-07-01,2.1,0.30
51041,1999-08-01,2.1,0.40
51041,1999-09-01,2,0.37
51041,1999-10-01,1.9,0.30
51041,1999-11-01,1.7,0.17
51041,1999-12-01,1.5,0.00
51041,2000-01-01,1.9,0.00
51041,2000-02-01,2,0.10
51041,2000-03-01,1.9,0.23
51041,2000-04-01,1.5,0.10
51041,2000-05-01,1.8,0.03
51041,2000-06-01,2,0.07
51041,2000-07-01,1.8,0.17
51041,2000-08-01,2,0.23
51041,2000-09-01,1.8,0.17
51041,2000-10-01,1.6,0.10
51041,2000-11-01,1.6,0.00
51041,2000-12-01,1.5,0.00
51041,2001-01-01,1.9,0.10
51041,2001-02-01,2.1,0.27
51041,2001-03-01,2.1,0.47
51041,2001-04-01,2.1,0.53
51041,2001-05-01,2.3,0.60
51041,2001-06-01,2.6,0.77
51041,2001-07-01,2.4,0.87
51041,2001-08-01,2.9,1.07
51041,2001-09-01,2.8,1.13
51041,2001-10-01,3,1.33
51041,2001-11-01,3.2,1.43
51041,2001-12-01,3.1,1.53
51041,2002-01-01,3.6,1.63
51041,2002-02-01,3.6,1.60
51041,2002-03-01,3.4,1.50
51041,2002-04-01,3.3,1.33
51041,2002-05-01,3.3,1.17
51041,2002-06-01,3.6,1.07
51041,2002-07-01,3.4,1.00
51041,2002-08-01,3.6,0.90
51041,2002-09-01,3.3,0.73
51041,2002-10-01,3.2,0.47
51041,2002-11-01,3.4,0.30
51041,2002-12-01,3.3,0.20
51041,2003-01-01,3.8,0.20
51041,2003-02-01,3.7,0.30
51041,2003-03-01,3.5,0.37
51041,2003-04-01,3.2,0.17
51041,2003-05-01,3.4,0.07
51041,2003-06-01,3.9,0.20
51041,2003-07-01,3.6,0.33
51041,2003-08-01,3.7,0.43
51041,2003-09-01,3.6,0.33
51041,2003-10-01,3.4,0.27
51041,2003-11-01,3.5,0.20
51041,2003-12-01,3.1,0.03
51041,2004-01-01,3.7,0.10
51041,2004-02-01,3.5,0.10
51041,2004-03-01,3.4,0.20
51041,2004-04-01,3.1,0.00
51041,2004-05-01,3.2,0.00
51041,2004-06-01,3.6,0.07
51041,2004-07-01,3.4,0.17
51041,2004-08-01,3.4,0.23
51041,2004-09-01,3.1,0.07
51041,2004-10-01,3.1,0.00
51041,2004-11-01,3.1,0.00
51041,2004-12-01,3,0.00
51041,2005-01-01,3.4,0.10
51041,2005-02-01,3.3,0.17
51041,2005-03-01,3.1,0.20
51041,2005-04-01,2.9,0.03
51041,2005-05-01,3.1,0.00
51041,2005-06-01,3.3,0.07
51041,2005-07-01,3.2,0.17
51041,2005-08-01,3.2,0.20
51041,2005-09-01,3.1,0.13
51041,2005-10-01,2.9,0.03
51041,2005-11-01,3,0.00
51041,2005-12-01,2.7,0.00
51041,2006-01-01,3,0.03
51041,2006-02-01,3,0.03
51041,2006-03-01,2.8,0.07
51041,2006-04-01,2.7,0.00
51041,2006-05-01,2.7,0.00
51041,2006-06-01,3,0.07
51041,2006-07-01,3,0.17
51041,2006-08-01,3,0.27
51041,2006-09-01,2.8,0.20
51041,2006-10-01,2.5,0.03
51041,2006-11-01,2.6,0.00
51041,2006-12-01,2.4,0.00
51041,2007-01-01,2.8,0.10
51041,2007-02-01,2.6,0.10
51041,2007-03-01,2.5,0.13
51041,2007-04-01,2.4,0.00
51041,2007-05-01,2.4,0.00
51041,2007-06-01,2.8,0.10
51041,2007-07-01,2.8,0.23
51041,2007-08-01,2.7,0.33
51041,2007-09-01,2.6,0.27
51041,2007-10-01,2.7,0.23
51041,2007-11-01,2.7,0.23
51041,2007-12-01,2.9,0.33
51041,2008-01-01,3.3,0.53
51041,2008-02-01,3.2,0.70
51041,2008-03-01,3.3,0.83
51041,2008-04-01,3,0.73
51041,2008-05-01,3.5,0.83
51041,2008-06-01,3.8,0.90
51041,2008-07-01,4,1.10
51041,2008-08-01,4.1,1.30
51041,2008-09-01,4,1.37
51041,2008-10-01,4,1.37
51041,2008-11-01,4.2,1.40
51041,2008-12-01,4.7,1.53
51041,2009-01-01,5.7,1.90
51041,2009-02-01,6.3,2.43
51041,2009-03-01,6.6,3.03
51041,2009-04-01,6.4,3.27
51041,2009-05-01,6.8,3.33
51041,2009-06-01,7.1,3.33
51041,2009-07-01,7,3.20
51041,2009-08-01,7,3.07
51041,2009-09-01,7,2.97
51041,2009-10-01,7,2.97
51041,2009-11-01,6.9,2.90
51041,2009-12-01,7,2.67
51041,2010-01-01,7.6,2.30
51041,2010-02-01,7.5,1.80
51041,2010-03-01,7.3,1.27
51041,2010-04-01,6.7,0.73
51041,2010-05-01,6.8,0.33
51041,2010-06-01,6.9,0.03
51041,2010-07-01,6.9,0.07
51041,2010-08-01,7,0.13
51041,2010-09-01,6.9,0.13
51041,2010-10-01,6.7,0.07
51041,2010-11-01,6.8,0.00
51041,2010-12-01,6.5,0.00
51041,2011-01-01,6.9,0.07
51041,2011-02-01,6.7,0.03
51041,2011-03-01,6.5,0.03
51041,2011-04-01,6.1,0.00
51041,2011-05-01,6.3,0.00
51041,2011-06-01,6.7,0.07
51041,2011-07-01,6.6,0.23
51041,2011-08-01,6.8,0.40
51041,2011-09-01,6.6,0.37
51041,2011-10-01,6.3,0.27
51041,2011-11-01,6.1,0.03
51041,2011-12-01,6,0.00
51041,2012-01-01,6.3,0.00
51041,2012-02-01,6.3,0.07
51041,2012-03-01,6,0.07
51041,2012-04-01,5.5,0.00
51041,2012-05-01,5.9,0.00
51041,2012-06-01,6.2,0.07
51041,2012-07-01,6.2,0.30
51041,2012-08-01,6,0.33
51041,2012-09-01,5.6,0.13
51041,2012-10-01,5.5,0.00
51041,2012-11-01,5.4,0.00
51041,2012-12-01,5.4,0.00
51041,2013-01-01,6,0.17
51041,2013-02-01,5.8,0.30
51041,2013-03-01,5.5,0.33
51041,2013-04-01,5.1,0.03
51041,2013-05-01,5.5,0.00
51041,2013-06-01,5.8,0.10
51041,2013-07-01,5.7,0.30
51041,2013-08-01,5.6,0.33
51041,2013-09-01,5.4,0.20
51041,2013-10-01,5.4,0.10
51041,2013-11-01,5.1,0.00
51041,2013-12-01,4.9,0.00
51041,2014-01-01,5.3,0.00
51041,2014-02-01,5.4,0.10
51041,2014-03-01,5.3,0.23
51041,2014-04-01,4.6,0.00
51041,2014-05-01,5,0.00
51041,2014-06-01,5.1,0.00
51041,2014-07-01,5.2,0.20
51041,2014-08-01,5.2,0.27
51041,2014-09-01,4.9,0.20
51041,2014-10-01,4.7,0.03
51041,2014-11-01,4.6,0.00
51041,2014-12-01,4.3,0.00
51041,2015-01-01,4.8,0.03
51041,2015-02-01,4.6,0.03
51041,2015-03-01,4.4,0.07
51041,2015-04-01,4,0.00
51041,2015-05-01,4.4,0.00
51041,2015-06-01,4.4,0.00
51041,2015-07-01,4.4,0.13
51041,2015-08-01,4.2,0.07
51041,2015-09-01,4.1,0.00
51041,2015-10-01,4,0.00
51041,2015-11-01,3.9,0.00
51041,2015-12-01,3.7,0.00
51041,2016-01-01,4.1,0.03
51041,2016-02-01,3.9,0.03
51041,2016-03-01,3.8,0.07
51041,2016-04-01,3.5,0.00
51041,2016-05-01,3.7,0.00
51041,2016-06-01,4.1,0.10
51041,2016-07-01,4,0.27
51041,2016-08-01,4.1,0.40
51041,2016-09-01,4.1,0.40
51041,2016-10-01,3.9,0.37
51041,2016-11-01,3.8,0.27
51041,2016-12-01,3.6,0.10
51041,2017-01-01,4,0.13
51041,2017-02-01,3.9,0.17
51041,2017-03-01,3.7,0.20
51041,2017-04-01,3.4,0.00
51041,2017-05-01,3.5,0.00
51041,2017-06-01,3.7,0.00
51041,2017-07-01,3.7,0.10
51041,2017-08-01,3.8,0.20
51041,2017-09-01,3.5,0.13
51041,2017-10-01,3.3,0.00
51041,2017-11-01,3.3,0.00
51041,2017-12-01,3,0.00
51041,2018-01-01,3.4,0.03
51041,2018-02-01,3.2,0.00
51041,2018-03-01,3.1,0.03
51041,2018-04-01,2.7,0.00
51041,2018-05-01,2.8,0.00
51041,2018-06-01,3.2,0.03
51041,2018-07-01,3.1,0.17
51041,2018-08-01,3.1,0.27
51041,2018-09-01,2.8,0.13
51041,2018-10-01,2.7,0.00
51041,2018-11-01,2.7,0.00
51041,2018-12-01,2.6,0.00
51041,2019-01-01,3.2,0.17
51041,2019-02-01,2.9,0.23
51041,2019-03-01,2.8,0.30
51041,2019-04-01,2.4,0.03
51041,2019-05-01,2.7,0.00
51041,2019-06-01,2.8,0.00
51041,2019-07-01,2.9,0.17
51041,2019-08-01,2.9,0.23
51041,2019-09-01,2.7,0.20
51041,2019-10-01,2.5,0.07
51041,2019-11-01,2.5,0.00
51041,2019-12-01,2.3,0.00
51041,2020-01-01,2.8,0.10
51041,2020-02-01,2.5,0.10
51041,2020-03-01,3.1,0.37
51041,2020-04-01,10.6,2.97
51041,2020-05-01,9.4,5.27
51041,2020-06-01,9.7,7.47
51041,2020-07-01,8.6,6.80
51041,2020-08-01,7.1,6.03
51041,2020-09-01,5.9,4.77
51041,2020-10-01,5,3.57
51041,2020-11-01,4.6,2.73
51041,2020-12-01,4.2,2.17
51041,2021-01-01,4.4,1.87
51041,2021-02-01,4.3,1.77
51041,2021-03-01,4.2,1.50
51041,2021-04-01,3.8,0.00
51041,2021-05-01,3.9,0.00
51041,2021-06-01,4.4,0.07
51041,2021-07-01,3.8,0.07
51041,2021-08-01,3.7,0.00
51041,2021-09-01,3.2,0.00
51041,2021-10-01,3,0.00
51041,2021-11-01,2,0.00
51041,2021-12-01,2.7,0.00
51041,2022-01-01,2.6,0.00
51041,2022-02-01,2.4,0.13
51041,2022-03-01,2.4,0.03
51041,2022-04-01,2.2,0.00
51041,2022-05-01,2.7,0.10
51041,2022-06-01,2.9,0.27
51041,2022-07-01,2.8,0.47
51041,2022-08-01,3.2,0.63
51041,2022-09-01,2.8,0.60
51041,2022-10-01,2.7,0.57
51041,2022-11-01,2.8,0.43
51041,2022-12-01,2.4,0.30
51041,2023-01-01,2.9,0.37
51041,2023-02-01,2.8,0.37
51041,2023-03-01,2.7,0.47
51041,2023-04-01,2.3,0.27
51041,2023-05-01,2.7,0.13
51041,2023-06-01,2.8,0.03
51041,2023-07-01,2.7,0.17
51041,2023-08-01,3,0.27
51041,2023-09-01,2.9,0.30
51041,2023-10-01,2.8,0.33
51041,2023-11-01,2.7,0.23
51041,2023-12-01,2.5,0.10
51041,2024-01-01,2.8,0.10
51041,2024-02-01,2.9,0.17
51041,2024-03-01,2.7,0.23
51041,2024-04-01,2.5,0.13
51041,2024-05-01,2.8,0.10
51041,2024-06-01,3.1,0.20
51041,2024-07-01,3.2,0.37
51041,2024-08-01,3.4,0.57
51041,2024-09-01,3,0.53
51041,2024-10-01,2.9,0.43
51041,2024-11-01,3.1,0.33
51041,2024-12-01,2.7,0.23
51041,2025-01-01,3.1,0.30
51041,2025-02-01,3.2,0.33
51041,2025-03-01,3.2,0.50
51041,2025-04-01,2.9,0.43
51041,2025-05-01,3.1,0.40
51041,2025-06-01,3.3,0.30
51041,2025-07-01,3.3,0.33
51041,2025-08-01,3.4,0.43
51041,2025-09-01,3.2,0.40
51041,2025-10-01,3.45,0.45
51041,2025-11-01,3.7,0.55
51041,2025-12-01,3.3,0.58
51041,2026-01-01,3.7,0.60
51041,2026-02-01,3.8,0.60
51041,2026-03-01,3.7,0.67
51041,2026-04-01,3.3,0.53
51041,2026-05-01,3.5,0.43
51041,2026-06-01,3.8,0.43
51041,2026-07-01,3.7,0.43
51041,2026-08-01,3.5,0.37
51043,1990-01-01,4.6,NaN
51043,1990-02-01,3.1,NaN
51043,1990-03-01,2.7,NaN
51043,1990-04-01,2.6,NaN
51043,1990-05-01,2.6,NaN
51043,1990-06-01,2.8,NaN
51043,1990-07-01,1.9,NaN
51043,1990-08-01,2.8,NaN
51043,1990-09-01,2.4,NaN
51043,1990-10-01,2.4,NaN
51043,1990-11-01,3.2,NaN
51043,1990-12-01,3.9,NaN
51043,1991-01-01,5.7,NaN
51043,1991-02-01,7.2,NaN
51043,1991-03-01,7.2,4.33
51043,1991-04-01,6.8,4.70
51043,1991-05-01,5.9,4.27
51043,1991-06-01,5,3.53
51043,1991-07-01,4.2,2.67
51043,1991-08-01,4.4,2.17
51043,1991-09-01,4.1,1.87
51043,1991-10-01,4,1.63
51043,1991-11-01,5,1.70
51043,1991-12-01,5.3,1.60
51043,1992-01-01,6.7,1.50
51043,1992-02-01,7.1,2.20
51043,1992-03-01,5.7,2.33
51043,1992-04-01,5,1.77
51043,1992-05-01,5.6,1.27
51043,1992-06-01,5.8,1.30
51043,1992-07-01,4,0.97
51043,1992-08-01,3.6,0.30
51043,1992-09-01,3.6,0.00
51043,1992-10-01,3.9,0.00
51043,1992-11-01,4.4,0.27
51043,1992-12-01,4.2,0.47
51043,1993-01-01,5.4,0.97
51043,1993-02-01,4.4,0.97
51043,1993-03-01,4.6,1.10
51043,1993-04-01,3.2,0.37
51043,1993-05-01,2.9,0.00
51043,1993-06-01,3.4,0.00
51043,1993-07-01,2.7,0.00
51043,1993-08-01,2.6,0.00
51043,1993-09-01,2.6,0.00
51043,1993-10-01,2.1,0.00
51043,1993-11-01,2.7,0.03
51043,1993-12-01,2.6,0.03
51043,1994-01-01,3.5,0.50
51043,1994-02-01,3.7,0.83
51043,1994-03-01,3.2,1.03
51043,1994-04-01,1.9,0.50
51043,1994-05-01,2.6,0.13
51043,1994-06-01,2.4,0.00
51043,1994-07-01,2.3,0.13
51043,1994-08-01,2.4,0.07
51043,1994-09-01,2.4,0.07
51043,1994-10-01,2.8,0.23
51043,1994-11-01,2.7,0.33
51043,1994-12-01,2.5,0.37
51043,1995-01-01,3.4,0.57
51043,1995-02-01,2.6,0.53
51043,1995-03-01,2.5,0.53
51043,1995-04-01,2.4,0.20
51043,1995-05-01,2.7,0.23
51043,1995-06-01,2.5,0.23
51043,1995-07-01,3.3,0.47
51043,1995-08-01,3.2,0.63
51043,1995-09-01,3.2,0.87
51043,1995-10-01,3.3,0.73
51043,1995-11-01,3.4,0.80
51043,1995-12-01,3.1,0.77
51043,1996-01-01,4,1.00
51043,1996-02-01,4,1.20
51043,1996-03-01,2.9,1.13
51043,1996-04-01,2.9,0.77
51043,1996-05-01,3.3,0.50
51043,1996-06-01,3.7,0.77
51043,1996-07-01,2.7,0.40
51043,1996-08-01,2.3,0.00
51043,1996-09-01,2.2,0.00
51043,1996-10-01,2.4,0.00
51043,1996-11-01,2.1,0.00
51043,1996-12-01,2,0.00
51043,1997-01-01,2.8,0.13
51043,1997-02-01,3,0.43
51043,1997-03-01,2.7,0.67
51043,1997-04-01,2.4,0.53
51043,1997-05-01,2.4,0.33
51043,1997-06-01,2.6,0.30
51043,1997-07-01,2.3,0.27
51043,1997-08-01,2.5,0.30
51043,1997-09-01,2.4,0.23
51043,1997-10-01,1.7,0.03
51043,1997-11-01,1.9,0.00
51043,1997-12-01,1.7,0.00
51043,1998-01-01,2.7,0.33
51043,1998-02-01,2.7,0.60
51043,1998-03-01,2.4,0.83
51043,1998-04-01,1.6,0.47
51043,1998-05-01,1.7,0.13
51043,1998-06-01,1.9,0.00
51043,1998-07-01,1.5,0.00
51043,1998-08-01,1.8,0.03
51043,1998-09-01,1.6,0.00
51043,1998-10-01,1.4,0.00
51043,1998-11-01,1.5,0.00
51043,1998-12-01,1.1,0.00
51043,1999-01-01,1.9,0.17
51043,1999-02-01,1.6,0.20
51043,1999-03-01,1.4,0.30
51043,1999-04-01,1.2,0.07
51043,1999-05-01,1.1,0.00
51043,1999-06-01,1.3,0.00
51043,1999-07-01,1,0.00
51043,1999-08-01,1.3,0.07
51043,1999-09-01,1.9,0.27
51043,1999-10-01,1.5,0.43
51043,1999-11-01,1.7,0.57
51043,1999-12-01,1.2,0.33
51043,2000-01-01,2,0.50
51043,2000-02-01,2.1,0.63
51043,2000-03-01,1.8,0.83
51043,2000-04-01,1.4,0.63
51043,2000-05-01,1.7,0.50
51043,2000-06-01,1.8,0.50
51043,2000-07-01,1.6,0.57
51043,2000-08-01,1.6,0.47
51043,2000-09-01,1.5,0.17
51043,2000-10-01,1.3,0.00
51043,2000-11-01,1.1,0.00
51043,2000-12-01,1.2,0.00
51043,2001-01-01,1.7,0.13
51043,2001-02-01,1.9,0.40
51043,2001-03-01,1.9,0.63
51043,2001-04-01,1.8,0.67
51043,2001-05-01,2,0.70
51043,2001-06-01,2.2,0.80
51043,2001-07-01,2.2,0.93
51043,2001-08-01,2.4,1.07
51043,2001-09-01,2.2,1.07
51043,2001-10-01,2.4,1.13
51043,2001-11-01,2.9,1.30
51043,2001-12-01,2.9,1.53
51043,2002-01-01,3.2,1.67
51043,2002-02-01,3.2,1.50
51043,2002-03-01,3.1,1.33
51043,2002-04-01,2.9,1.20
51043,2002-05-01,3.1,1.13
51043,2002-06-01,3.3,1.10
51043,2002-07-01,3.2,1.07
51043,2002-08-01,3.3,1.00
51043,2002-09-01,2.9,0.87
51043,2002-10-01,2.8,0.67
51043,2002-11-01,2.8,0.33
51043,2002-12-01,2.6,0.00
51043,2003-01-01,3.6,0.27
51043,2003-02-01,3.6,0.53
51043,2003-03-01,3.4,0.80
51043,2003-04-01,3.1,0.63
51043,2003-05-01,3.3,0.53
51043,2003-06-01,3.5,0.57
51043,2003-07-01,2.9,0.50
51043,2003-08-01,3,0.40
51043,2003-09-01,3.1,0.27
51043,2003-10-01,2.6,0.17
51043,2003-11-01,2.7,0.07
51043,2003-12-01,2.6,0.00
51043,2004-01-01,3,0.13
51043,2004-02-01,3,0.23
51043,2004-03-01,2.9,0.33
51043,2004-04-01,2.9,0.30
51043,2004-05-01,3,0.30
51043,2004-06-01,3.2,0.40
51043,2004-07-01,2.8,0.37
51043,2004-08-01,2.8,0.30
51043,2004-09-01,2.5,0.07
51043,2004-10-01,2.4,0.00
51043,2004-11-01,2.6,0.00
51043,2004-12-01,2.6,0.03
51043,2005-01-01,3,0.23
51043,2005-02-01,2.9,0.33
51043,2005-03-01,2.9,0.43
51043,2005-04-01,2.5,0.27
51043,2005-05-01,2.6,0.17
51043,2005-06-01,2.7,0.10
51043,2005-07-01,2.3,0.03
51043,2005-08-01,2.4,0.00
51043,2005-09-01,2.4,0.00
51043,2005-10-01,2.2,0.00
51043,2005-11-01,2.4,0.00
51043,2005-12-01,2.1,0.00
51043,2006-01-01,2.6,0.13
51043,2006-02-01,2.7,0.23
51043,2006-03-01,2.6,0.40
51043,2006-04-01,2.2,0.27
51043,2006-05-01,2.2,0.10
51043,2006-06-01,2.6,0.10
51043,2006-07-01,2.5,0.20
51043,2006-08-01,2.6,0.33
51043,2006-09-01,2.3,0.23
51043,2006-10-01,2.1,0.10
51043,2006-11-01,2.5,0.07
51043,2006-12-01,2.6,0.17
51043,2007-01-01,3,0.40
51043,2007-02-01,3.1,0.60
51043,2007-03-01,2.8,0.67
51043,2007-04-01,2.5,0.50
51043,2007-05-01,2.5,0.30
51043,2007-06-01,2.7,0.27
51043,2007-07-01,2.6,0.30
51043,2007-08-01,2.9,0.43
51043,2007-09-01,2.7,0.43
51043,2007-10-01,2.7,0.47
51043,2007-11-01,2.5,0.33
51043,2007-12-01,2.7,0.23
51043,2008-01-01,3.1,0.20
51043,2008-02-01,3.1,0.40
51043,2008-03-01,3.2,0.57
51043,2008-04-01,2.9,0.50
51043,2008-05-01,3.4,0.60
51043,2008-06-01,3.5,0.70
51043,2008-07-01,3.5,0.87
51043,2008-08-01,3.5,0.87
51043,2008-09-01,3.6,0.90
51043,2008-10-01,3.9,1.03
51043,2008-11-01,4.2,1.27
51043,2008-12-01,4.2,1.47
51043,2009-01-01,5.7,1.93
51043,2009-02-01,6.5,2.50
51043,2009-03-01,6.4,3.13
51043,2009-04-01,6,3.23
51043,2009-05-01,6.2,3.03
51043,2009-06-01,6.9,3.10
51043,2009-07-01,7.1,3.27
51043,2009-08-01,6.6,3.37
51043,2009-09-01,6.5,3.20
51043,2009-10-01,6.3,2.80
51043,2009-11-01,6.1,2.40
51043,2009-12-01,6.3,2.13
51043,2010-01-01,7.2,1.83
51043,2010-02-01,7.3,1.47
51043,2010-03-01,6.9,0.93
51043,2010-04-01,6.2,0.60
51043,2010-05-01,6.3,0.27
51043,2010-06-01,6.4,0.07
51043,2010-07-01,6.4,0.13
51043,2010-08-01,6.3,0.13
51043,2010-09-01,5.9,0.00
51043,2010-10-01,5.8,0.00
51043,2010-11-01,5.9,0.00
51043,2010-12-01,5.8,0.00
51043,2011-01-01,6.2,0.13
51043,2011-02-01,6.1,0.20
51043,2011-03-01,5.5,0.10
51043,2011-04-01,5,0.00
51043,2011-05-01,5.2,0.00
51043,2011-06-01,5.7,0.07
51043,2011-07-01,5.3,0.17
51043,2011-08-01,5.6,0.30
51043,2011-09-01,5.6,0.27
51043,2011-10-01,5.3,0.27
51043,2011-11-01,5.1,0.10
51043,2011-12-01,5,0.00
51043,2012-01-01,5.5,0.07
51043,2012-02-01,5.6,0.23
51043,2012-03-01,5.1,0.27
51043,2012-04-01,4.8,0.03
51043,2012-05-01,4.8,0.00
51043,2012-06-01,5.1,0.00
51043,2012-07-01,5.3,0.17
51043,2012-08-01,5.1,0.27
51043,2012-09-01,4.9,0.20
51043,2012-10-01,4.7,0.00
51043,2012-11-01,4.6,0.00
51043,2012-12-01,4.8,0.00
51043,2013-01-01,5.2,0.17
51043,2013-02-01,5,0.30
51043,2013-03-01,4.7,0.27
51043,2013-04-01,4.3,0.00
51043,2013-05-01,4.5,0.00
51043,2013-06-01,4.9,0.07
51043,2013-07-01,4.6,0.17
51043,2013-08-01,4.5,0.17
51043,2013-09-01,4.4,0.00
51043,2013-10-01,4.6,0.00
51043,2013-11-01,4.4,0.00
51043,2013-12-01,4.1,0.00
51043,2014-01-01,4.5,0.00
51043,2014-02-01,4.6,0.07
51043,2014-03-01,4.5,0.20
51043,2014-04-01,3.9,0.00
51043,2014-05-01,4.3,0.00
51043,2014-06-01,4.3,0.00
51043,2014-07-01,4.2,0.10
51043,2014-08-01,4.4,0.13
51043,2014-09-01,4.2,0.10
51043,2014-10-01,4,0.03
51043,2014-11-01,4.1,0.00
51043,2014-12-01,4,0.00
51043,2015-01-01,4.6,0.20
51043,2015-02-01,4.4,0.30
51043,2015-03-01,4.2,0.37
51043,2015-04-01,3.7,0.07
51043,2015-05-01,4.1,0.00
51043,2015-06-01,3.9,0.00
51043,2015-07-01,3.9,0.07
51043,2015-08-01,3.8,0.00
51043,2015-09-01,3.8,0.00
51043,2015-10-01,3.7,0.00
51043,2015-11-01,3.4,0.00
51043,2015-12-01,3.4,0.00
51043,2016-01-01,3.8,0.03
51043,2016-02-01,3.8,0.17
51043,2016-03-01,3.8,0.30
51043,2016-04-01,3.2,0.10
51043,2016-05-01,3.3,0.00
51043,2016-06-01,3.6,0.00
51043,2016-07-01,3.5,0.10
51043,2016-08-01,3.6,0.20
51043,2016-09-01,3.8,0.27
51043,2016-10-01,3.8,0.37
51043,2016-11-01,3.5,0.33
51043,2016-12-01,3.4,0.20
51043,2017-01-01,3.8,0.20
51043,2017-02-01,3.9,0.33
51043,2017-03-01,3.7,0.43
51043,2017-04-01,3.1,0.20
51043,2017-05-01,3.5,0.07
51043,2017-06-01,3.5,0.00
51043,2017-07-01,3.4,0.10
51043,2017-08-01,3.5,0.10
51043,2017-09-01,3.2,0.00
51043,2017-10-01,3,0.00
51043,2017-11-01,3,0.00
51043,2017-12-01,2.8,0.00
51043,2018-01-01,3.3,0.10
51043,2018-02-01,3.3,0.20
51043,2018-03-01,3.2,0.33
51043,2018-04-01,2.7,0.13
51043,2018-05-01,2.9,0.00
51043,2018-06-01,3.1,0.00
51043,2018-07-01,2.9,0.07
51043,2018-08-01,3.1,0.13
51043,2018-09-01,2.7,0.00
51043,2018-10-01,2.7,0.00
51043,2018-11-01,2.6,0.00
51043,2018-12-01,2.5,0.00
51043,2019-01-01,3.1,0.13
51043,2019-02-01,2.8,0.20
51043,2019-03-01,2.8,0.30
51043,2019-04-01,2.2,0.00
51043,2019-05-01,2.4,0.00
51043,2019-06-01,2.5,0.00
51043,2019-07-01,2.5,0.10
51043,2019-08-01,2.5,0.13
51043,2019-09-01,2.3,0.07
51043,2019-10-01,2.2,0.00
51043,2019-11-01,2.1,0.00
51043,2019-12-01,1.9,0.00
51043,2020-01-01,2.4,0.07
51043,2020-02-01,2.2,0.10
51043,2020-03-01,2.7,0.37
51043,2020-04-01,8.4,2.37
51043,2020-05-01,7.6,4.17
51043,2020-06-01,7.4,5.73
51043,2020-07-01,6.5,5.10
51043,2020-08-01,5.1,4.27
51043,2020-09-01,4.4,3.27
51043,2020-10-01,3.6,2.30
51043,2020-11-01,3.6,1.80
51043,2020-12-01,3.4,1.47
51043,2021-01-01,3.6,1.40
51043,2021-02-01,3.5,1.33
51043,2021-03-01,3.5,1.10
51043,2021-04-01,3.8,0.10
51043,2021-05-01,3.5,0.10
51043,2021-06-01,3.6,0.13
51043,2021-07-01,3.3,0.00
51043,2021-08-01,3,0.00
51043,2021-09-01,2.7,0.00
51043,2021-10-01,2.4,0.00
51043,2021-11-01,1.7,0.00
51043,2021-12-01,2.4,0.00
51043,2022-01-01,2.3,0.00
51043,2022-02-01,2.1,0.13
51043,2022-03-01,2.2,0.07
51043,2022-04-01,2.1,0.00
51043,2022-05-01,2.5,0.13
51043,2022-06-01,2.7,0.30
51043,2022-07-01,2.7,0.50
51043,2022-08-01,2.9,0.63
51043,2022-09-01,2.4,0.53
51043,2022-10-01,2.3,0.40
51043,2022-11-01,2.4,0.23
51043,2022-12-01,2.1,0.13
51043,2023-01-01,2.5,0.20
51043,2023-02-01,2.4,0.20
51043,2023-03-01,2.3,0.27
51043,2023-04-01,1.9,0.07
51043,2023-05-01,2.4,0.00
51043,2023-06-01,2.6,0.10
51043,2023-07-01,2.4,0.27
51043,2023-08-01,2.7,0.37
51043,2023-09-01,2.4,0.30
51043,2023-10-01,2.3,0.27
51043,2023-11-01,2.2,0.10
51043,2023-12-01,1.9,0.00
51043,2024-01-01,2.4,0.03
51043,2024-02-01,2.4,0.10
51043,2024-03-01,2.4,0.27
51043,2024-04-01,2.3,0.23
51043,2024-05-01,2.6,0.30
51043,2024-06-01,2.9,0.47
51043,2024-07-01,3,0.70
51043,2024-08-01,3.1,0.87
51043,2024-09-01,2.9,0.87
51043,2024-10-01,2.7,0.77
51043,2024-11-01,2.9,0.70
51043,2024-12-01,2.5,0.57
51043,2025-01-01,3,0.63
51043,2025-02-01,3,0.60
51043,2025-03-01,2.9,0.60
51043,2025-04-01,2.7,0.50
51043,2025-05-01,3,0.43
51043,2025-06-01,3.2,0.37
51043,2025-07-01,3.1,0.40
51043,2025-08-01,3.1,0.43
51043,2025-09-01,3.1,0.40
51043,2025-10-01,3.45,0.52
51043,2025-11-01,3.8,0.75
51043,2025-12-01,3.3,0.82
51043,2026-01-01,3.6,0.77
51043,2026-02-01,3.7,0.70
51043,2026-03-01,3.5,0.73
51043,2026-04-01,3.1,0.57
51043,2026-05-01,3.4,0.47
51043,2026-06-01,3.6,0.40
51043,2026-07-01,3.5,0.40
51043,2026-08-01,3.4,0.40
51045,1990-01-01,9.2,NaN
51045,1990-02-01,9.5,NaN
51045,1990-03-01,6.4,NaN
51045,1990-04-01,5.4,NaN
51045,1990-05-01,5.2,NaN
51045,1990-06-01,5.1,NaN
51045,1990-07-01,6.5,NaN
51045,1990-08-01,5,NaN
51045,1990-09-01,4.6,NaN
51045,1990-10-01,5.2,NaN
51045,1990-11-01,5.6,NaN
51045,1990-12-01,5.9,NaN
51045,1991-01-01,7.9,NaN
51045,1991-02-01,9.3,NaN
51045,1991-03-01,10.2,4.20
51045,1991-04-01,7.2,3.97
51045,1991-05-01,6.4,3.00
51045,1991-06-01,6.5,1.77
51045,1991-07-01,7,1.70
51045,1991-08-01,6.5,1.73
51045,1991-09-01,7.8,2.17
51045,1991-10-01,6.4,1.97
51045,1991-11-01,7.4,2.07
51045,1991-12-01,7.9,1.67
51045,1992-01-01,6.4,0.77
51045,1992-02-01,6.7,0.37
51045,1992-03-01,5.4,0.00
51045,1992-04-01,4.8,0.00
51045,1992-05-01,4.7,0.00
51045,1992-06-01,5,0.00
51045,1992-07-01,4.4,0.00
51045,1992-08-01,4.7,0.00
51045,1992-09-01,3.7,0.00
51045,1992-10-01,4,0.00
51045,1992-11-01,3.5,0.00
51045,1992-12-01,3.2,0.00
51045,1993-01-01,6.9,0.97
51045,1993-02-01,7,2.13
51045,1993-03-01,6.7,3.30
51045,1993-04-01,6.9,3.30
51045,1993-05-01,6.3,3.07
51045,1993-06-01,6.1,2.87
51045,1993-07-01,5.7,2.47
51045,1993-08-01,5.7,2.27
51045,1993-09-01,5.1,1.93
51045,1993-10-01,5.7,1.93
51045,1993-11-01,5.5,1.87
51045,1993-12-01,5.9,2.13
51045,1994-01-01,7.1,1.63
51045,1994-02-01,8.1,1.60
51045,1994-03-01,8.4,2.43
51045,1994-04-01,7.5,2.57
51045,1994-05-01,5.7,1.77
51045,1994-06-01,4.6,0.50
51045,1994-07-01,4.8,0.00
51045,1994-08-01,4.8,0.00
51045,1994-09-01,4.5,0.00
51045,1994-10-01,3.8,0.00
51045,1994-11-01,4.4,0.00
51045,1994-12-01,4.6,0.03
51045,1995-01-01,5.7,0.67
51045,1995-02-01,5.6,1.07
51045,1995-03-01,5.7,1.43
51045,1995-04-01,5.7,1.43
51045,1995-05-01,5.1,1.27
51045,1995-06-01,4,0.70
51045,1995-07-01,3.5,0.00
51045,1995-08-01,3.3,0.00
51045,1995-09-01,3.6,0.00
51045,1995-10-01,3.8,0.10
51045,1995-11-01,4.7,0.57
51045,1995-12-01,4,0.70
51045,1996-01-01,5.9,1.40
51045,1996-02-01,5.6,1.70
51045,1996-03-01,4.3,1.80
51045,1996-04-01,4.3,1.27
51045,1996-05-01,3.4,0.53
51045,1996-06-01,3.1,0.13
51045,1996-07-01,3.8,0.00
51045,1996-08-01,3,0.00
51045,1996-09-01,4.3,0.40
51045,1996-10-01,4,0.47
51045,1996-11-01,4.6,1.00
51045,1996-12-01,5,1.23
51045,1997-01-01,5.9,1.87
51045,1997-02-01,5.7,2.23
51045,1997-03-01,5.7,2.47
51045,1997-04-01,4.1,1.87
51045,1997-05-01,3.5,1.13
51045,1997-06-01,4,0.57
51045,1997-07-01,3.2,0.27
51045,1997-08-01,3.3,0.20
51045,1997-09-01,3.7,0.00
51045,1997-10-01,2,0.00
51045,1997-11-01,3.5,0.07
51045,1997-12-01,4.2,0.23
51045,1998-01-01,5.3,1.33
51045,1998-02-01,5,1.83
51045,1998-03-01,4.9,2.07
51045,1998-04-01,2.9,1.27
51045,1998-05-01,2.8,0.53
51045,1998-06-01,10.2,2.30
51045,1998-07-01,8.9,4.30
51045,1998-08-01,8.2,6.10
51045,1998-09-01,9.4,5.83
51045,1998-10-01,8.8,5.80
51045,1998-11-01,7.9,5.63
51045,1998-12-01,7.2,4.73
51045,1999-01-01,7.3,3.93
51045,1999-02-01,5.9,3.27
51045,1999-03-01,5.3,2.63
51045,1999-04-01,4.7,1.77
51045,1999-05-01,4.4,1.27
51045,1999-06-01,3.8,0.00
51045,1999-07-01,4,0.00
51045,1999-08-01,2.8,0.00
51045,1999-09-01,2.6,0.00
51045,1999-10-01,2.3,0.00
51045,1999-11-01,3.4,0.20
51045,1999-12-01,3.2,0.40
51045,2000-01-01,3.6,0.83
51045,2000-02-01,3.1,0.73
51045,2000-03-01,2.5,0.50
51045,2000-04-01,2,0.00
51045,2000-05-01,2.2,0.00
51045,2000-06-01,2.2,0.00
51045,2000-07-01,2.6,0.20
51045,2000-08-01,2.4,0.27
51045,2000-09-01,2,0.20
51045,2000-10-01,1.7,0.00
51045,2000-11-01,2.4,0.00
51045,2000-12-01,2.1,0.03
51045,2001-01-01,2.8,0.40
51045,2001-02-01,2.8,0.53
51045,2001-03-01,2.5,0.67
51045,2001-04-01,2.9,0.70
51045,2001-05-01,3,0.77
51045,2001-06-01,3.2,1.00
51045,2001-07-01,3.2,1.10
51045,2001-08-01,3,1.10
51045,2001-09-01,2.4,0.83
51045,2001-10-01,3,0.77
51045,2001-11-01,2.9,0.73
51045,2001-12-01,2.9,0.87
51045,2002-01-01,4.1,0.87
51045,2002-02-01,3.9,1.07
51045,2002-03-01,4.8,1.57
51045,2002-04-01,4.4,1.63
51045,2002-05-01,3.8,1.57
51045,2002-06-01,3.7,1.20
51045,2002-07-01,4.2,1.13
51045,2002-08-01,4.8,1.47
51045,2002-09-01,3.4,1.37
51045,2002-10-01,3.8,1.23
51045,2002-11-01,3.9,0.93
51045,2002-12-01,3.7,0.87
51045,2003-01-01,4.3,0.67
51045,2003-02-01,4.5,0.53
51045,2003-03-01,4,0.57
51045,2003-04-01,3.3,0.23
51045,2003-05-01,3.9,0.03
51045,2003-06-01,4.3,0.13
51045,2003-07-01,4.8,0.63
51045,2003-08-01,4.2,0.73
51045,2003-09-01,4.1,0.67
51045,2003-10-01,4,0.40
51045,2003-11-01,3.4,0.13
51045,2003-12-01,4.3,0.17
51045,2004-01-01,4.4,0.30
51045,2004-02-01,4.6,0.70
51045,2004-03-01,4.5,0.77
51045,2004-04-01,3.9,0.60
51045,2004-05-01,4,0.40
51045,2004-06-01,3.9,0.10
51045,2004-07-01,4,0.13
51045,2004-08-01,3.4,0.00
51045,2004-09-01,3.3,0.00
51045,2004-10-01,3.2,0.00
51045,2004-11-01,4,0.20
51045,2004-12-01,3.5,0.27
51045,2005-01-01,3.9,0.50
51045,2005-02-01,4.3,0.60
51045,2005-03-01,3.5,0.60
51045,2005-04-01,3.5,0.47
51045,2005-05-01,3.4,0.17
51045,2005-06-01,4.1,0.37
51045,2005-07-01,4.3,0.63
51045,2005-08-01,4.2,0.90
51045,2005-09-01,3.5,0.70
51045,2005-10-01,3.3,0.37
51045,2005-11-01,3.8,0.07
51045,2005-12-01,3.8,0.17
51045,2006-01-01,3.9,0.37
51045,2006-02-01,3.7,0.33
51045,2006-03-01,3.5,0.23
51045,2006-04-01,3,0.00
51045,2006-05-01,2.8,0.00
51045,2006-06-01,3.3,0.00
51045,2006-07-01,3.3,0.10
51045,2006-08-01,3.7,0.40
51045,2006-09-01,3.2,0.37
51045,2006-10-01,3.4,0.40
51045,2006-11-01,3.7,0.40
51045,2006-12-01,3.7,0.57
51045,2007-01-01,4.4,0.90
51045,2007-02-01,5,1.33
51045,2007-03-01,4,1.43
51045,2007-04-01,3.4,1.10
51045,2007-05-01,3.5,0.60
51045,2007-06-01,3.6,0.47
51045,2007-07-01,3.6,0.43
51045,2007-08-01,3.8,0.27
51045,2007-09-01,3.3,0.17
51045,2007-10-01,3.3,0.03
51045,2007-11-01,3.5,0.00
51045,2007-12-01,4,0.23
51045,2008-01-01,4.5,0.63
51045,2008-02-01,4.5,0.97
51045,2008-03-01,3.6,0.83
51045,2008-04-01,3.5,0.50
51045,2008-05-01,4.1,0.37
51045,2008-06-01,4.4,0.63
51045,2008-07-01,4.6,1.00
51045,2008-08-01,4.5,1.13
51045,2008-09-01,3.9,0.97
51045,2008-10-01,3.7,0.67
51045,2008-11-01,3.9,0.47
51045,2008-12-01,4.2,0.33
51045,2009-01-01,7,1.30
51045,2009-02-01,6.8,2.27
51045,2009-03-01,6.5,3.03
51045,2009-04-01,6.4,2.83
51045,2009-05-01,7.7,3.13
51045,2009-06-01,8.4,3.67
51045,2009-07-01,8.3,4.30
51045,2009-08-01,8.1,4.43
51045,2009-09-01,7.4,4.10
51045,2009-10-01,8.2,4.07
51045,2009-11-01,7.9,4.00
51045,2009-12-01,6.7,3.67
51045,2010-01-01,8.6,2.70
51045,2010-02-01,8.6,1.97
51045,2010-03-01,8.5,2.00
51045,2010-04-01,7.7,1.70
51045,2010-05-01,7.3,0.97
51045,2010-06-01,7.3,0.00
51045,2010-07-01,7.8,0.03
51045,2010-08-01,7.6,0.13
51045,2010-09-01,7,0.03
51045,2010-10-01,6.7,0.00
51045,2010-11-01,7,0.00
51045,2010-12-01,6.8,0.00
51045,2011-01-01,7.7,0.33
51045,2011-02-01,7.3,0.43
51045,2011-03-01,6.8,0.43
51045,2011-04-01,7,0.20
51045,2011-05-01,6.9,0.07
51045,2011-06-01,7,0.13
51045,2011-07-01,7.4,0.27
51045,2011-08-01,7.8,0.57
51045,2011-09-01,7.4,0.70
51045,2011-10-01,7,0.57
51045,2011-11-01,6.7,0.20
51045,2011-12-01,7.3,0.17
51045,2012-01-01,8.1,0.47
51045,2012-02-01,7.5,0.73
51045,2012-03-01,6.7,0.53
51045,2012-04-01,6,0.00
51045,2012-05-01,6.3,0.00
51045,2012-06-01,6.9,0.07
51045,2012-07-01,7,0.40
51045,2012-08-01,6.7,0.53
51045,2012-09-01,6,0.23
51045,2012-10-01,6.3,0.00
51045,2012-11-01,6.3,0.00
51045,2012-12-01,6.8,0.27
51045,2013-01-01,7.9,0.80
51045,2013-02-01,7.6,1.23
51045,2013-03-01,7,1.30
51045,2013-04-01,6.8,0.93
51045,2013-05-01,6.8,0.67
51045,2013-06-01,7.3,0.77
51045,2013-07-01,6.9,0.80
51045,2013-08-01,6.8,0.80
51045,2013-09-01,6.5,0.53
51045,2013-10-01,6.3,0.33
51045,2013-11-01,6.2,0.13
51045,2013-12-01,6.1,0.00
51045,2014-01-01,6.9,0.20
51045,2014-02-01,6.7,0.37
51045,2014-03-01,6.4,0.47
51045,2014-04-01,5.6,0.03
51045,2014-05-01,5.9,0.00
51045,2014-06-01,6.1,0.00
51045,2014-07-01,6.5,0.30
51045,2014-08-01,6.6,0.53
51045,2014-09-01,5.9,0.47
51045,2014-10-01,5.8,0.23
51045,2014-11-01,6,0.03
51045,2014-12-01,5.7,0.00
51045,2015-01-01,6.7,0.30
51045,2015-02-01,6.2,0.37
51045,2015-03-01,6.3,0.57
51045,2015-04-01,5.3,0.10
51045,2015-05-01,5.6,0.00
51045,2015-06-01,5.4,0.00
51045,2015-07-01,5.2,0.00
51045,2015-08-01,4.6,0.00
51045,2015-09-01,4.7,0.00
51045,2015-10-01,4.8,0.00
51045,2015-11-01,5,0.13
51045,2015-12-01,5,0.23
51045,2016-01-01,6.2,0.70
51045,2016-02-01,6.1,1.07
51045,2016-03-01,5.5,1.23
51045,2016-04-01,4.5,0.67
51045,2016-05-01,4.7,0.20
51045,2016-06-01,4.8,0.00
51045,2016-07-01,4.9,0.13
51045,2016-08-01,5,0.23
51045,2016-09-01,4.7,0.20
51045,2016-10-01,4.8,0.17
51045,2016-11-01,5.1,0.20
51045,2016-12-01,5.1,0.33
51045,2017-01-01,5.8,0.67
51045,2017-02-01,5.1,0.67
51045,2017-03-01,4.7,0.53
51045,2017-04-01,4.2,0.00
51045,2017-05-01,4.4,0.00
51045,2017-06-01,4.7,0.00
51045,2017-07-01,4.8,0.20
51045,2017-08-01,4.7,0.30
51045,2017-09-01,4.7,0.30
51045,2017-10-01,4.1,0.07
51045,2017-11-01,4.3,0.00
51045,2017-12-01,3.7,0.00
51045,2018-01-01,4.6,0.17
51045,2018-02-01,5,0.40
51045,2018-03-01,4.4,0.63
51045,2018-04-01,4.1,0.47
51045,2018-05-01,4,0.13
51045,2018-06-01,3.8,0.00
51045,2018-07-01,3.5,0.00
51045,2018-08-01,3.8,0.00
51045,2018-09-01,3.4,0.00
51045,2018-10-01,3.2,0.00
51045,2018-11-01,3.2,0.00
51045,2018-12-01,3.3,0.00
51045,2019-01-01,3.9,0.23
51045,2019-02-01,4.1,0.53
51045,2019-03-01,3.7,0.67
51045,2019-04-01,2.8,0.30
51045,2019-05-01,3.4,0.07
51045,2019-06-01,3.5,0.00
51045,2019-07-01,3.6,0.27
51045,2019-08-01,3.5,0.30
51045,2019-09-01,3,0.13
51045,2019-10-01,3.1,0.00
51045,2019-11-01,3,0.00
51045,2019-12-01,2.6,0.00
51045,2020-01-01,3.4,0.10
51045,2020-02-01,3,0.10
51045,2020-03-01,3.6,0.43
51045,2020-04-01,11,2.97
51045,2020-05-01,10,5.30
51045,2020-06-01,8.5,6.93
51045,2020-07-01,7.3,5.70
51045,2020-08-01,6.5,4.53
51045,2020-09-01,5.2,3.43
51045,2020-10-01,4.1,2.37
51045,2020-11-01,4.1,1.57
51045,2020-12-01,3.7,1.07
51045,2021-01-01,4.3,1.03
51045,2021-02-01,4.2,1.07
51045,2021-03-01,4.3,0.93
51045,2021-04-01,3.8,0.13
51045,2021-05-01,4.1,0.10
51045,2021-06-01,4.5,0.17
51045,2021-07-01,3.9,0.20
51045,2021-08-01,3.6,0.03
51045,2021-09-01,3,0.00
51045,2021-10-01,2.7,0.00
51045,2021-11-01,1.9,0.00
51045,2021-12-01,2.5,0.00
51045,2022-01-01,2.9,0.07
51045,2022-02-01,2.6,0.30
51045,2022-03-01,2.7,0.37
51045,2022-04-01,2.6,0.27
51045,2022-05-01,3.1,0.43
51045,2022-06-01,3.3,0.63
51045,2022-07-01,3.3,0.87
51045,2022-08-01,3.8,1.10
51045,2022-09-01,3.3,1.10
51045,2022-10-01,3.1,1.03
51045,2022-11-01,3.1,0.80
51045,2022-12-01,2.7,0.60
51045,2023-01-01,3.7,0.73
51045,2023-02-01,3.7,0.73
51045,2023-03-01,3.1,0.87
51045,2023-04-01,2.6,0.50
51045,2023-05-01,3.1,0.13
51045,2023-06-01,3.2,0.03
51045,2023-07-01,3.6,0.37
51045,2023-08-01,3.6,0.53
51045,2023-09-01,3.5,0.63
51045,2023-10-01,3.2,0.50
51045,2023-11-01,3.1,0.33
51045,2023-12-01,2.9,0.13
51045,2024-01-01,3.5,0.23
51045,2024-02-01,3.6,0.40
51045,2024-03-01,2.9,0.40
51045,2024-04-01,3.1,0.27
51045,2024-05-01,3.2,0.13
51045,2024-06-01,3.5,0.30
51045,2024-07-01,3.5,0.33
51045,2024-08-01,3.8,0.53
51045,2024-09-01,3.5,0.53
51045,2024-10-01,3.3,0.47
51045,2024-11-01,3.6,0.40
51045,2024-12-01,3.3,0.33
51045,2025-01-01,3.8,0.50
51045,2025-02-01,3.9,0.60
51045,2025-03-01,3.3,0.60
51045,2025-04-01,3.1,0.37
51045,2025-05-01,3.4,0.20
51045,2025-06-01,3.6,0.10
51045,2025-07-01,3.3,0.17
51045,2025-08-01,3.7,0.27
51045,2025-09-01,3.5,0.23
51045,2025-10-01,3.9,0.43
51045,2025-11-01,4.3,0.63
51045,2025-12-01,3.7,0.70
51045,2026-01-01,4.4,0.87
51045,2026-02-01,4.1,0.80
51045,2026-03-01,3.9,0.87
51045,2026-04-01,4,0.73
51045,2026-05-01,4.2,0.77
51045,2026-06-01,4.4,0.83
51045,2026-07-01,4.1,0.80
51045,2026-08-01,3.6,0.53
51047,1990-01-01,4.5,NaN
51047,1990-02-01,3.9,NaN
51047,1990-03-01,3.5,NaN
51047,1990-04-01,2.9,NaN
51047,1990-05-01,2.8,NaN
51047,1990-06-01,2.6,NaN
51047,1990-07-01,4.1,NaN
51047,1990-08-01,3,NaN
51047,1990-09-01,3,NaN
51047,1990-10-01,3.4,NaN
51047,1990-11-01,4.7,NaN
51047,1990-12-01,5.5,NaN
51047,1991-01-01,7.7,NaN
51047,1991-02-01,9.3,NaN
51047,1991-03-01,8.4,5.70
51047,1991-04-01,6.4,5.27
51047,1991-05-01,5.9,4.13
51047,1991-06-01,5.8,3.27
51047,1991-07-01,5.5,2.60
51047,1991-08-01,5.6,2.50
51047,1991-09-01,5.7,2.47
51047,1991-10-01,7.5,3.13
51047,1991-11-01,7.4,3.17
51047,1991-12-01,7.8,3.03
51047,1992-01-01,10.3,2.90
51047,1992-02-01,10,3.77
51047,1992-03-01,8.5,4.00
51047,1992-04-01,6.9,2.87
51047,1992-05-01,6.2,1.60
51047,1992-06-01,6.1,0.80
51047,1992-07-01,5.1,0.20
51047,1992-08-01,5.5,0.00
51047,1992-09-01,6.1,0.00
51047,1992-10-01,5.4,0.10
51047,1992-11-01,5.5,0.10
51047,1992-12-01,5.6,0.00
51047,1993-01-01,5.8,0.13
51047,1993-02-01,5.2,0.03
51047,1993-03-01,5.1,0.00
51047,1993-04-01,4.1,0.00
51047,1993-05-01,3.6,0.00
51047,1993-06-01,3.4,0.00
51047,1993-07-01,3.5,0.00
51047,1993-08-01,3.8,0.07
51047,1993-09-01,3.2,0.00
51047,1993-10-01,3.7,0.07
51047,1993-11-01,3.5,0.00
51047,1993-12-01,3.7,0.17
51047,1994-01-01,5.2,0.67
51047,1994-02-01,5.4,1.30
51047,1994-03-01,5.2,1.80
51047,1994-04-01,4,1.40
51047,1994-05-01,3.9,0.90
51047,1994-06-01,4.1,0.53
51047,1994-07-01,3.6,0.40
51047,1994-08-01,4.7,0.67
51047,1994-09-01,4.1,0.67
51047,1994-10-01,4,0.80
51047,1994-11-01,4.4,0.70
51047,1994-12-01,3.7,0.40
51047,1995-01-01,4.9,0.47
51047,1995-02-01,5.2,0.73
51047,1995-03-01,4.9,1.13
51047,1995-04-01,4.2,0.90
51047,1995-05-01,3.7,0.40
51047,1995-06-01,3.9,0.07
51047,1995-07-01,4,0.00
51047,1995-08-01,3.3,0.00
51047,1995-09-01,4,0.03
51047,1995-10-01,4.7,0.27
51047,1995-11-01,4.7,0.73
51047,1995-12-01,5,1.07
51047,1996-01-01,7.3,1.93
51047,1996-02-01,8.1,3.07
51047,1996-03-01,6.5,3.57
51047,1996-04-01,5.2,2.87
51047,1996-05-01,4.2,1.57
51047,1996-06-01,3.7,0.63
51047,1996-07-01,3.6,0.10
51047,1996-08-01,3.8,0.00
51047,1996-09-01,3.2,0.00
51047,1996-10-01,2.7,0.00
51047,1996-11-01,2.7,0.00
51047,1996-12-01,2.5,0.00
51047,1997-01-01,4.9,0.73
51047,1997-02-01,4.3,1.27
51047,1997-03-01,3.7,1.67
51047,1997-04-01,2.9,1.00
51047,1997-05-01,2.7,0.47
51047,1997-06-01,3.1,0.27
51047,1997-07-01,2.9,0.27
51047,1997-08-01,2.9,0.33
51047,1997-09-01,2.4,0.10
51047,1997-10-01,2.2,0.00
51047,1997-11-01,2,0.00
51047,1997-12-01,2.1,0.00
51047,1998-01-01,3.1,0.30
51047,1998-02-01,3,0.63
51047,1998-03-01,2.8,0.87
51047,1998-04-01,1.7,0.40
51047,1998-05-01,1.6,0.00
51047,1998-06-01,2,0.00
51047,1998-07-01,1.8,0.03
51047,1998-08-01,2.1,0.20
51047,1998-09-01,2,0.20
51047,1998-10-01,1.5,0.10
51047,1998-11-01,1.4,0.00
51047,1998-12-01,1.5,0.00
51047,1999-01-01,2.7,0.40
51047,1999-02-01,2.7,0.83
51047,1999-03-01,2.4,1.13
51047,1999-04-01,1.6,0.77
51047,1999-05-01,1.5,0.37
51047,1999-06-01,1.8,0.17
51047,1999-07-01,1.9,0.27
51047,1999-08-01,2,0.43
51047,1999-09-01,1.8,0.43
51047,1999-10-01,1.6,0.33
51047,1999-11-01,1.6,0.20
51047,1999-12-01,1.5,0.10
51047,2000-01-01,2.3,0.23
51047,2000-02-01,2.6,0.57
51047,2000-03-01,2.2,0.80
51047,2000-04-01,1.6,0.57
51047,2000-05-01,1.9,0.33
51047,2000-06-01,2.1,0.30
51047,2000-07-01,1.9,0.40
51047,2000-08-01,2.1,0.47
51047,2000-09-01,1.7,0.33
51047,2000-10-01,1.5,0.20
51047,2000-11-01,1.5,0.00
51047,2000-12-01,1.6,0.00
51047,2001-01-01,2.3,0.27
51047,2001-02-01,2.4,0.57
51047,2001-03-01,2.3,0.80
51047,2001-04-01,2.1,0.73
51047,2001-05-01,2.3,0.70
51047,2001-06-01,2.5,0.77
51047,2001-07-01,2.5,0.90
51047,2001-08-01,3,1.13
51047,2001-09-01,2.7,1.20
51047,2001-10-01,2.8,1.30
51047,2001-11-01,3,1.30
51047,2001-12-01,3,1.40
51047,2002-01-01,4,1.53
51047,2002-02-01,4,1.57
51047,2002-03-01,4,1.77
51047,2002-04-01,3.6,1.63
51047,2002-05-01,3.6,1.50
51047,2002-06-01,3.9,1.40
51047,2002-07-01,3.8,1.33
51047,2002-08-01,3.9,1.20
51047,2002-09-01,3.5,1.00
51047,2002-10-01,3.4,0.77
51047,2002-11-01,3.7,0.70
51047,2002-12-01,3.9,0.73
51047,2003-01-01,4.7,0.77
51047,2003-02-01,4.7,0.90
51047,2003-03-01,4.6,1.13
51047,2003-04-01,4,0.90
51047,2003-05-01,3.9,0.63
51047,2003-06-01,4.4,0.57
51047,2003-07-01,4.2,0.63
51047,2003-08-01,4.2,0.73
51047,2003-09-01,3.8,0.53
51047,2003-10-01,3.5,0.30
51047,2003-11-01,3.5,0.07
51047,2003-12-01,3.2,0.00
51047,2004-01-01,4.1,0.20
51047,2004-02-01,4,0.37
51047,2004-03-01,3.8,0.57
51047,2004-04-01,3.3,0.30
51047,2004-05-01,3.3,0.07
51047,2004-06-01,3.7,0.03
51047,2004-07-01,3.5,0.10
51047,2004-08-01,3.6,0.20
51047,2004-09-01,3.3,0.07
51047,2004-10-01,3.1,0.00
51047,2004-11-01,3.3,0.00
51047,2004-12-01,3.2,0.00
51047,2005-01-01,3.7,0.20
51047,2005-02-01,3.8,0.37
51047,2005-03-01,3.4,0.43
51047,2005-04-01,3.1,0.23
51047,2005-05-01,3.2,0.03
51047,2005-06-01,3.4,0.03
51047,2005-07-01,3.2,0.07
51047,2005-08-01,3.4,0.13
51047,2005-09-01,3,0.00
51047,2005-10-01,2.8,0.00
51047,2005-11-01,2.9,0.00
51047,2005-12-01,2.8,0.00
51047,2006-01-01,3.3,0.17
51047,2006-02-01,3.4,0.33
51047,2006-03-01,3.2,0.47
51047,2006-04-01,3,0.37
51047,2006-05-01,3.1,0.27
51047,2006-06-01,3.5,0.37
51047,2006-07-01,3.4,0.50
51047,2006-08-01,3.4,0.60
51047,2006-09-01,3.1,0.47
51047,2006-10-01,3.1,0.37
51047,2006-11-01,3.2,0.30
51047,2006-12-01,3.3,0.37
51047,2007-01-01,4,0.50
51047,2007-02-01,4,0.67
51047,2007-03-01,3.6,0.77
51047,2007-04-01,3.3,0.53
51047,2007-05-01,3.5,0.37
51047,2007-06-01,3.6,0.33
51047,2007-07-01,3.7,0.47
51047,2007-08-01,3.6,0.50
51047,2007-09-01,3.6,0.50
51047,2007-10-01,3.5,0.43
51047,2007-11-01,3.6,0.43
51047,2007-12-01,3.9,0.47
51047,2008-01-01,4.7,0.60
51047,2008-02-01,4.6,0.93
51047,2008-03-01,4.6,1.17
51047,2008-04-01,4,0.93
51047,2008-05-01,4.6,0.93
51047,2008-06-01,4.8,1.00
51047,2008-07-01,5,1.23
51047,2008-08-01,5.1,1.40
51047,2008-09-01,5,1.47
51047,2008-10-01,5.1,1.50
51047,2008-11-01,5.7,1.70
51047,2008-12-01,6.3,2.03
51047,2009-01-01,7.5,2.43
51047,2009-02-01,8.4,3.00
51047,2009-03-01,8.6,3.77
51047,2009-04-01,7.8,3.87
51047,2009-05-01,8,3.73
51047,2009-06-01,8.3,3.57
51047,2009-07-01,8.2,3.37
51047,2009-08-01,8.1,3.23
51047,2009-09-01,8,3.07
51047,2009-10-01,7.8,2.90
51047,2009-11-01,7.7,2.57
51047,2009-12-01,7.9,2.10
51047,2010-01-01,7.9,1.33
51047,2010-02-01,7.9,0.50
51047,2010-03-01,7.7,0.03
51047,2010-04-01,6.6,0.00
51047,2010-05-01,6.7,0.00
51047,2010-06-01,6.7,0.00
51047,2010-07-01,6.7,0.03
51047,2010-08-01,6.8,0.07
51047,2010-09-01,6.4,0.00
51047,2010-10-01,6.3,0.00
51047,2010-11-01,6.3,0.00
51047,2010-12-01,6,0.00
51047,2011-01-01,6.8,0.17
51047,2011-02-01,6.8,0.33
51047,2011-03-01,6.4,0.47
51047,2011-04-01,5.7,0.10
51047,2011-05-01,5.9,0.00
51047,2011-06-01,6.2,0.00
51047,2011-07-01,6.1,0.13
51047,2011-08-01,6.2,0.23
51047,2011-09-01,6.1,0.20
51047,2011-10-01,5.8,0.10
51047,2011-11-01,5.4,0.00
51047,2011-12-01,5.5,0.00
51047,2012-01-01,6.2,0.13
51047,2012-02-01,6.1,0.37
51047,2012-03-01,5.8,0.47
51047,2012-04-01,5.1,0.10
51047,2012-05-01,5.3,0.00
51047,2012-06-01,5.6,0.00
51047,2012-07-01,5.5,0.13
51047,2012-08-01,5.5,0.20
51047,2012-09-01,5.2,0.07
51047,2012-10-01,5.2,0.00
51047,2012-11-01,4.9,0.00
51047,2012-12-01,5,0.00
51047,2013-01-01,5.9,0.23
51047,2013-02-01,5.7,0.50
51047,2013-03-01,5.3,0.60
51047,2013-04-01,4.8,0.23
51047,2013-05-01,5.1,0.03
51047,2013-06-01,5.4,0.07
51047,2013-07-01,5.2,0.20
51047,2013-08-01,5.2,0.23
51047,2013-09-01,5.2,0.17
51047,2013-10-01,5.1,0.13
51047,2013-11-01,4.9,0.03
51047,2013-12-01,4.7,0.00
51047,2014-01-01,5.5,0.13
51047,2014-02-01,5.5,0.33
51047,2014-03-01,5.4,0.57
51047,2014-04-01,4.6,0.27
51047,2014-05-01,4.8,0.03
51047,2014-06-01,4.9,0.00
51047,2014-07-01,5,0.13
51047,2014-08-01,5,0.20
51047,2014-09-01,4.6,0.10
51047,2014-10-01,4.4,0.00
51047,2014-11-01,4.3,0.00
51047,2014-12-01,4.2,0.00
51047,2015-01-01,5.1,0.23
51047,2015-02-01,5,0.47
51047,2015-03-01,4.7,0.63
51047,2015-04-01,4,0.27
51047,2015-05-01,4.4,0.07
51047,2015-06-01,4.4,0.00
51047,2015-07-01,4.3,0.10
51047,2015-08-01,4.1,0.00
51047,2015-09-01,4,0.00
51047,2015-10-01,3.9,0.00
51047,2015-11-01,3.7,0.00
51047,2015-12-01,3.5,0.00
51047,2016-01-01,3.9,0.00
51047,2016-02-01,4,0.10
51047,2016-03-01,3.9,0.23
51047,2016-04-01,3.3,0.03
51047,2016-05-01,3.4,0.00
51047,2016-06-01,3.6,0.00
51047,2016-07-01,3.7,0.13
51047,2016-08-01,3.7,0.23
51047,2016-09-01,3.7,0.27
51047,2016-10-01,3.6,0.23
51047,2016-11-01,3.4,0.13
51047,2016-12-01,3.2,0.00
51047,2017-01-01,3.9,0.10
51047,2017-02-01,3.7,0.20
51047,2017-03-01,3.6,0.33
51047,2017-04-01,3,0.03
51047,2017-05-01,3.3,0.00
51047,2017-06-01,3.3,0.00
51047,2017-07-01,3.3,0.10
51047,2017-08-01,3.4,0.13
51047,2017-09-01,3.3,0.13
51047,2017-10-01,3.1,0.07
51047,2017-11-01,3.1,0.00
51047,2017-12-01,2.9,0.00
51047,2018-01-01,3.4,0.10
51047,2018-02-01,3.2,0.13
51047,2018-03-01,3,0.17
51047,2018-04-01,2.5,0.00
51047,2018-05-01,2.6,0.00
51047,2018-06-01,2.8,0.00
51047,2018-07-01,2.6,0.03
51047,2018-08-01,2.7,0.07
51047,2018-09-01,2.4,0.00
51047,2018-10-01,2.4,0.00
51047,2018-11-01,2.4,0.00
51047,2018-12-01,2.2,0.00
51047,2019-01-01,3,0.20
51047,2019-02-01,2.7,0.30
51047,2019-03-01,2.7,0.47
51047,2019-04-01,2.1,0.17
51047,2019-05-01,2.4,0.07
51047,2019-06-01,2.5,0.00
51047,2019-07-01,2.5,0.13
51047,2019-08-01,2.5,0.17
51047,2019-09-01,2.3,0.10
51047,2019-10-01,2.2,0.00
51047,2019-11-01,2.1,0.00
51047,2019-12-01,2,0.00
51047,2020-01-01,2.6,0.13
51047,2020-02-01,2.5,0.27
51047,2020-03-01,2.8,0.53
51047,2020-04-01,8.6,2.53
51047,2020-05-01,7.7,4.27
51047,2020-06-01,7.5,5.83
51047,2020-07-01,6.5,5.13
51047,2020-08-01,5.3,4.33
51047,2020-09-01,4.3,3.27
51047,2020-10-01,3.7,2.33
51047,2020-11-01,3.6,1.77
51047,2020-12-01,3.3,1.43
51047,2021-01-01,3.8,1.33
51047,2021-02-01,3.7,1.23
51047,2021-03-01,3.7,1.10
51047,2021-04-01,3,0.00
51047,2021-05-01,3.3,0.00
51047,2021-06-01,3.6,0.00
51047,2021-07-01,3.2,0.07
51047,2021-08-01,2.9,0.00
51047,2021-09-01,2.6,0.00
51047,2021-10-01,2.5,0.00
51047,2021-11-01,1.7,0.00
51047,2021-12-01,2.2,0.00
51047,2022-01-01,2.4,0.00
51047,2022-02-01,2.3,0.20
51047,2022-03-01,2.4,0.27
51047,2022-04-01,2.1,0.17
51047,2022-05-01,2.5,0.23
51047,2022-06-01,2.6,0.30
51047,2022-07-01,2.6,0.47
51047,2022-08-01,3,0.63
51047,2022-09-01,2.5,0.60
51047,2022-10-01,2.4,0.53
51047,2022-11-01,2.5,0.37
51047,2022-12-01,2.2,0.27
51047,2023-01-01,2.7,0.37
51047,2023-02-01,2.6,0.23
51047,2023-03-01,2.5,0.33
51047,2023-04-01,2,0.10
51047,2023-05-01,2.4,0.00
51047,2023-06-01,2.6,0.03
51047,2023-07-01,2.4,0.17
51047,2023-08-01,2.7,0.27
51047,2023-09-01,2.5,0.23
51047,2023-10-01,2.4,0.23
51047,2023-11-01,2.3,0.10
51047,2023-12-01,2,0.00
51047,2024-01-01,2.4,0.00
51047,2024-02-01,2.6,0.10
51047,2024-03-01,2.5,0.27
51047,2024-04-01,2.3,0.23
51047,2024-05-01,2.6,0.23
51047,2024-06-01,2.9,0.37
51047,2024-07-01,3,0.60
51047,2024-08-01,3.1,0.77
51047,2024-09-01,2.7,0.70
51047,2024-10-01,2.6,0.57
51047,2024-11-01,2.8,0.47
51047,2024-12-01,2.5,0.40
51047,2025-01-01,3.1,0.57
51047,2025-02-01,3.2,0.60
51047,2025-03-01,3.1,0.67
51047,2025-04-01,2.7,0.53
51047,2025-05-01,2.9,0.43
51047,2025-06-01,3.1,0.30
51047,2025-07-01,3,0.37
51047,2025-08-01,3.2,0.47
51047,2025-09-01,2.9,0.40
51047,2025-10-01,3.2,0.47
51047,2025-11-01,3.5,0.57
51047,2025-12-01,3.1,0.63
51047,2026-01-01,3.6,0.60
51047,2026-02-01,3.7,0.57
51047,2026-03-01,3.5,0.70
51047,2026-04-01,3.1,0.53
51047,2026-05-01,3.3,0.40
51047,2026-06-01,3.6,0.43
51047,2026-07-01,3.3,0.40
51047,2026-08-01,3.2,0.33
51049,1990-01-01,4,NaN
51049,1990-02-01,3.7,NaN
51049,1990-03-01,5.3,NaN
51049,1990-04-01,3.8,NaN
51049,1990-05-01,4.5,NaN
51049,1990-06-01,6.1,NaN
51049,1990-07-01,5.5,NaN
51049,1990-08-01,5.4,NaN
51049,1990-09-01,3.8,NaN
51049,1990-10-01,3.8,NaN
51049,1990-11-01,4.2,NaN
51049,1990-12-01,4.5,NaN
51049,1991-01-01,6.4,NaN
51049,1991-02-01,6.4,NaN
51049,1991-03-01,6.2,2.40
51049,1991-04-01,5.8,2.20
51049,1991-05-01,6.5,2.23
51049,1991-06-01,7.6,2.70
51049,1991-07-01,8.4,3.57
51049,1991-08-01,7,3.73
51049,1991-09-01,6.4,3.33
51049,1991-10-01,6,2.53
51049,1991-11-01,5.5,2.03
51049,1991-12-01,5.1,1.37
51049,1992-01-01,7.6,1.03
51049,1992-02-01,7.3,1.13
51049,1992-03-01,7.8,2.03
51049,1992-04-01,6.7,1.73
51049,1992-05-01,7.3,1.73
51049,1992-06-01,8.3,1.90
51049,1992-07-01,7.2,2.07
51049,1992-08-01,6.9,1.93
51049,1992-09-01,6.7,1.40
51049,1992-10-01,6.1,1.03
51049,1992-11-01,5.7,0.63
51049,1992-12-01,5.7,0.30
51049,1993-01-01,6.8,0.23
51049,1993-02-01,6.1,0.37
51049,1993-03-01,5.9,0.43
51049,1993-04-01,5.5,0.00
51049,1993-05-01,5.1,0.00
51049,1993-06-01,6.1,0.07
51049,1993-07-01,5.1,0.00
51049,1993-08-01,4.9,0.00
51049,1993-09-01,5,0.00
51049,1993-10-01,4.5,0.00
51049,1993-11-01,4.1,0.00
51049,1993-12-01,3.7,0.00
51049,1994-01-01,3.1,0.00
51049,1994-02-01,2.8,0.00
51049,1994-03-01,3.2,0.00
51049,1994-04-01,3,0.00
51049,1994-05-01,2.7,0.00
51049,1994-06-01,2.8,0.00
51049,1994-07-01,2.9,0.00
51049,1994-08-01,3.5,0.27
51049,1994-09-01,3.1,0.37
51049,1994-10-01,2.7,0.30
51049,1994-11-01,2.3,0.00
51049,1994-12-01,1.9,0.00
51049,1995-01-01,2.5,0.00
51049,1995-02-01,1.7,0.00
51049,1995-03-01,2.3,0.13
51049,1995-04-01,2.5,0.13
51049,1995-05-01,2.9,0.53
51049,1995-06-01,2.9,0.73
51049,1995-07-01,2.4,0.70
51049,1995-08-01,2.3,0.50
51049,1995-09-01,3.4,0.67
51049,1995-10-01,2.8,0.80
51049,1995-11-01,2.5,0.87
51049,1995-12-01,2.6,0.60
51049,1996-01-01,2.6,0.53
51049,1996-02-01,3.1,0.73
51049,1996-03-01,3.6,0.93
51049,1996-04-01,3,1.07
51049,1996-05-01,3.3,0.77
51049,1996-06-01,3.1,0.60
51049,1996-07-01,2.5,0.43
51049,1996-08-01,2.5,0.17
51049,1996-09-01,2.1,0.00
51049,1996-10-01,2.3,0.00
51049,1996-11-01,2.3,0.00
51049,1996-12-01,2.6,0.17
51049,1997-01-01,5.7,1.30
51049,1997-02-01,6,2.53
51049,1997-03-01,6.1,3.70
51049,1997-04-01,5.4,3.60
51049,1997-05-01,5.3,3.37
51049,1997-06-01,5.6,3.20
51049,1997-07-01,3.8,2.67
51049,1997-08-01,4.8,2.50
51049,1997-09-01,3.3,1.73
51049,1997-10-01,3.1,1.50
51049,1997-11-01,2.3,0.67
51049,1997-12-01,2.4,0.20
51049,1998-01-01,2.8,0.00
51049,1998-02-01,2.9,0.20
51049,1998-03-01,3.6,0.60
51049,1998-04-01,2,0.33
51049,1998-05-01,2.9,0.33
51049,1998-06-01,3.7,0.37
51049,1998-07-01,2.9,0.67
51049,1998-08-01,3.4,0.83
51049,1998-09-01,2.6,0.47
51049,1998-10-01,2.6,0.37
51049,1998-11-01,2.1,0.00
51049,1998-12-01,1.4,0.00
51049,1999-01-01,2,0.00
51049,1999-02-01,1.7,0.00
51049,1999-03-01,2.5,0.37
51049,1999-04-01,1.5,0.20
51049,1999-05-01,1.8,0.23
51049,1999-06-01,2,0.07
51049,1999-07-01,2,0.23
51049,1999-08-01,2,0.30
51049,1999-09-01,2.1,0.33
51049,1999-10-01,2.2,0.40
51049,1999-11-01,1.8,0.33
51049,1999-12-01,1.4,0.10
51049,2000-01-01,2.1,0.07
51049,2000-02-01,2.2,0.20
51049,2000-03-01,2.4,0.47
51049,2000-04-01,1.7,0.33
51049,2000-05-01,2.1,0.30
51049,2000-06-01,2.5,0.33
51049,2000-07-01,2.4,0.57
51049,2000-08-01,2.9,0.83
51049,2000-09-01,2.5,0.83
51049,2000-10-01,2.2,0.77
51049,2000-11-01,1.9,0.43
51049,2000-12-01,1.9,0.23
51049,2001-01-01,2.2,0.23
51049,2001-02-01,2.4,0.27
51049,2001-03-01,2.7,0.43
51049,2001-04-01,2.1,0.40
51049,2001-05-01,2.5,0.43
51049,2001-06-01,2.8,0.47
51049,2001-07-01,2.6,0.63
51049,2001-08-01,3.3,0.90
51049,2001-09-01,3.1,1.00
51049,2001-10-01,3.1,1.17
51049,2001-11-01,3.2,1.13
51049,2001-12-01,3.2,1.17
51049,2002-01-01,4.1,1.50
51049,2002-02-01,3.9,1.57
51049,2002-03-01,3.8,1.53
51049,2002-04-01,3.2,1.23
51049,2002-05-01,3.7,1.13
51049,2002-06-01,4.1,1.20
51049,2002-07-01,4,1.30
51049,2002-08-01,4.1,1.17
51049,2002-09-01,3.3,0.80
51049,2002-10-01,3.1,0.37
51049,2002-11-01,3.5,0.17
51049,2002-12-01,3,0.03
51049,2003-01-01,4,0.30
51049,2003-02-01,3.9,0.43
51049,2003-03-01,4.3,0.87
51049,2003-04-01,3.7,0.77
51049,2003-05-01,4.1,0.83
51049,2003-06-01,4.7,0.97
51049,2003-07-01,4.6,1.27
51049,2003-08-01,4.7,1.47
51049,2003-09-01,4.1,1.27
51049,2003-10-01,3.8,1.00
51049,2003-11-01,3.5,0.60
51049,2003-12-01,3.4,0.37
51049,2004-01-01,4.1,0.17
51049,2004-02-01,3.9,0.23
51049,2004-03-01,4.1,0.47
51049,2004-04-01,3.4,0.23
51049,2004-05-01,3.8,0.20
51049,2004-06-01,4.3,0.27
51049,2004-07-01,4.5,0.63
51049,2004-08-01,4.6,0.90
51049,2004-09-01,3.8,0.73
51049,2004-10-01,3.5,0.40
51049,2004-11-01,3.7,0.10
51049,2004-12-01,3.8,0.10
51049,2005-01-01,4.4,0.30
51049,2005-02-01,3.8,0.33
51049,2005-03-01,3.4,0.20
51049,2005-04-01,3.6,0.00
51049,2005-05-01,3.9,0.03
51049,2005-06-01,4.7,0.47
51049,2005-07-01,3.7,0.50
51049,2005-08-01,4.2,0.60
51049,2005-09-01,4.5,0.53
51049,2005-10-01,3.4,0.43
51049,2005-11-01,3.2,0.10
51049,2005-12-01,3.2,0.00
51049,2006-01-01,3.4,0.00
51049,2006-02-01,3.3,0.03
51049,2006-03-01,3.6,0.17
51049,2006-04-01,3.1,0.07
51049,2006-05-01,3.5,0.13
51049,2006-06-01,3.8,0.20
51049,2006-07-01,4,0.50
51049,2006-08-01,3.9,0.63
51049,2006-09-01,3.2,0.43
51049,2006-10-01,3.2,0.17
51049,2006-11-01,3.3,0.00
51049,2006-12-01,3,0.00
51049,2007-01-01,3.2,0.00
51049,2007-02-01,3,0.00
51049,2007-03-01,3.4,0.13
51049,2007-04-01,2.7,0.00
51049,2007-05-01,2.7,0.00
51049,2007-06-01,3.2,0.00
51049,2007-07-01,3.5,0.27
51049,2007-08-01,3.6,0.57
51049,2007-09-01,3.5,0.67
51049,2007-10-01,3,0.50
51049,2007-11-01,3.5,0.47
51049,2007-12-01,3.8,0.57
51049,2008-01-01,4.2,0.97
51049,2008-02-01,4.5,1.30
51049,2008-03-01,4.8,1.63
51049,2008-04-01,4.3,1.67
51049,2008-05-01,4.8,1.77
51049,2008-06-01,5,1.83
51049,2008-07-01,4.9,1.77
51049,2008-08-01,4.6,1.50
51049,2008-09-01,4.8,1.43
51049,2008-10-01,4.9,1.43
51049,2008-11-01,5.9,1.87
51049,2008-12-01,6.1,2.20
51049,2009-01-01,7.2,2.57
51049,2009-02-01,7.4,2.73
51049,2009-03-01,7.3,2.80
51049,2009-04-01,7.2,2.77
51049,2009-05-01,7.2,2.60
51049,2009-06-01,7.8,2.70
51049,2009-07-01,7.7,2.80
51049,2009-08-01,7.8,3.00
51049,2009-09-01,7.5,2.90
51049,2009-10-01,6.9,2.63
51049,2009-11-01,7.1,1.97
51049,2009-12-01,7.8,1.63
51049,2010-01-01,9,1.57
51049,2010-02-01,9.3,1.80
51049,2010-03-01,8.7,1.83
51049,2010-04-01,7.5,1.33
51049,2010-05-01,7.6,0.77
51049,2010-06-01,7.6,0.40
51049,2010-07-01,8.2,0.63
51049,2010-08-01,8.2,0.83
51049,2010-09-01,7.7,0.87
51049,2010-10-01,7.7,0.70
51049,2010-11-01,7.7,0.53
51049,2010-12-01,7.4,0.33
51049,2011-01-01,8,0.13
51049,2011-02-01,7.8,0.17
51049,2011-03-01,7.5,0.20
51049,2011-04-01,6.6,0.00
51049,2011-05-01,7.1,0.00
51049,2011-06-01,7.6,0.03
51049,2011-07-01,7.3,0.27
51049,2011-08-01,7.7,0.47
51049,2011-09-01,7,0.27
51049,2011-10-01,6.8,0.10
51049,2011-11-01,6.9,0.00
51049,2011-12-01,7.1,0.03
51049,2012-01-01,7.7,0.33
51049,2012-02-01,7.5,0.53
51049,2012-03-01,7.1,0.53
51049,2012-04-01,6.4,0.10
51049,2012-05-01,6.7,0.00
51049,2012-06-01,7.2,0.03
51049,2012-07-01,7.1,0.27
51049,2012-08-01,7.1,0.40
51049,2012-09-01,6.4,0.13
51049,2012-10-01,6.3,0.00
51049,2012-11-01,6.3,0.00
51049,2012-12-01,6.4,0.00
51049,2013-01-01,7.4,0.37
51049,2013-02-01,7.5,0.77
51049,2013-03-01,6.8,0.90
51049,2013-04-01,6.1,0.47
51049,2013-05-01,6.3,0.07
51049,2013-06-01,6.9,0.10
51049,2013-07-01,6.6,0.27
51049,2013-08-01,6.4,0.30
51049,2013-09-01,6.1,0.03
51049,2013-10-01,6.1,0.00
51049,2013-11-01,5.6,0.00
51049,2013-12-01,5.5,0.00
51049,2014-01-01,6.5,0.13
51049,2014-02-01,6.6,0.47
51049,2014-03-01,6.2,0.70
51049,2014-04-01,5.2,0.27
51049,2014-05-01,6,0.07
51049,2014-06-01,6.1,0.03
51049,2014-07-01,6.4,0.43
51049,2014-08-01,6.4,0.57
51049,2014-09-01,5.5,0.37
51049,2014-10-01,5.6,0.10
51049,2014-11-01,5.5,0.00
51049,2014-12-01,5.2,0.00
51049,2015-01-01,6.4,0.27
51049,2015-02-01,6,0.43
51049,2015-03-01,5.7,0.60
51049,2015-04-01,4.7,0.03
51049,2015-05-01,5.1,0.00
51049,2015-06-01,5.1,0.00
51049,2015-07-01,5,0.10
51049,2015-08-01,5,0.07
51049,2015-09-01,4.5,0.00
51049,2015-10-01,4.4,0.00
51049,2015-11-01,4.4,0.00
51049,2015-12-01,4.3,0.00
51049,2016-01-01,4.6,0.07
51049,2016-02-01,4.3,0.03
51049,2016-03-01,3.9,0.00
51049,2016-04-01,3.6,0.00
51049,2016-05-01,3.8,0.00
51049,2016-06-01,4.1,0.07
51049,2016-07-01,4.1,0.23
51049,2016-08-01,4.1,0.33
51049,2016-09-01,3.9,0.27
51049,2016-10-01,4.1,0.27
51049,2016-11-01,3.9,0.20
51049,2016-12-01,3.8,0.17
51049,2017-01-01,4.7,0.37
51049,2017-02-01,4.4,0.53
51049,2017-03-01,3.8,0.53
51049,2017-04-01,3.5,0.13
51049,2017-05-01,3.5,0.00
51049,2017-06-01,3.5,0.00
51049,2017-07-01,3.6,0.03
51049,2017-08-01,3.6,0.07
51049,2017-09-01,3.3,0.00
51049,2017-10-01,3.1,0.00
51049,2017-11-01,3.3,0.00
51049,2017-12-01,3.1,0.00
51049,2018-01-01,3.9,0.27
51049,2018-02-01,3.5,0.33
51049,2018-03-01,3.2,0.37
51049,2018-04-01,2.8,0.00
51049,2018-05-01,2.8,0.00
51049,2018-06-01,2.9,0.00
51049,2018-07-01,2.7,0.00
51049,2018-08-01,2.8,0.00
51049,2018-09-01,2.6,0.00
51049,2018-10-01,2.5,0.00
51049,2018-11-01,2.4,0.00
51049,2018-12-01,2.4,0.00
51049,2019-01-01,3.4,0.30
51049,2019-02-01,3.1,0.53
51049,2019-03-01,2.7,0.63
51049,2019-04-01,2.2,0.23
51049,2019-05-01,2.4,0.00
51049,2019-06-01,2.7,0.00
51049,2019-07-01,2.8,0.20
51049,2019-08-01,2.8,0.33
51049,2019-09-01,2.4,0.23
51049,2019-10-01,2.3,0.07
51049,2019-11-01,2.4,0.00
51049,2019-12-01,2.2,0.00
51049,2020-01-01,3.1,0.27
51049,2020-02-01,2.7,0.37
51049,2020-03-01,2.9,0.60
51049,2020-04-01,8.6,2.43
51049,2020-05-01,7.7,4.10
51049,2020-06-01,8.7,6.03
51049,2020-07-01,8.4,5.97
51049,2020-08-01,6.7,5.63
51049,2020-09-01,5.9,4.70
51049,2020-10-01,4.7,3.47
51049,2020-11-01,4.4,2.70
51049,2020-12-01,4,2.07
51049,2021-01-01,4.8,1.83
51049,2021-02-01,4.7,1.83
51049,2021-03-01,4.3,1.70
51049,2021-04-01,4.1,0.00
51049,2021-05-01,4,0.00
51049,2021-06-01,4.5,0.07
51049,2021-07-01,4.1,0.07
51049,2021-08-01,3.8,0.00
51049,2021-09-01,3.1,0.00
51049,2021-10-01,2.8,0.00
51049,2021-11-01,2,0.00
51049,2021-12-01,2.5,0.00
51049,2022-01-01,3,0.07
51049,2022-02-01,2.7,0.30
51049,2022-03-01,2.5,0.30
51049,2022-04-01,2.2,0.03
51049,2022-05-01,2.6,0.00
51049,2022-06-01,3.1,0.20
51049,2022-07-01,3.1,0.50
51049,2022-08-01,3.7,0.87
51049,2022-09-01,2.9,0.80
51049,2022-10-01,2.7,0.67
51049,2022-11-01,2.9,0.40
51049,2022-12-01,2.7,0.33
51049,2023-01-01,3.8,0.70
51049,2023-02-01,3.4,0.87
51049,2023-03-01,3,0.97
51049,2023-04-01,2.4,0.50
51049,2023-05-01,2.6,0.23
51049,2023-06-01,3,0.03
51049,2023-07-01,2.9,0.17
51049,2023-08-01,3.1,0.33
51049,2023-09-01,2.8,0.27
51049,2023-10-01,2.7,0.20
51049,2023-11-01,2.5,0.00
51049,2023-12-01,2.4,0.00
51049,2024-01-01,3.2,0.17
51049,2024-02-01,2.9,0.30
51049,2024-03-01,2.4,0.30
51049,2024-04-01,2.1,0.00
51049,2024-05-01,2.5,0.00
51049,2024-06-01,2.8,0.13
51049,2024-07-01,3,0.43
51049,2024-08-01,3.1,0.63
51049,2024-09-01,2.7,0.60
51049,2024-10-01,2.8,0.53
51049,2024-11-01,2.9,0.47
51049,2024-12-01,2.7,0.47
51049,2025-01-01,3.1,0.57
51049,2025-02-01,3,0.60
51049,2025-03-01,2.6,0.57
51049,2025-04-01,2.5,0.37
51049,2025-05-01,2.9,0.33
51049,2025-06-01,3.1,0.37
51049,2025-07-01,3.2,0.40
51049,2025-08-01,3,0.43
51049,2025-09-01,2.9,0.37
51049,2025-10-01,3.2,0.37
51049,2025-11-01,3.5,0.53
51049,2025-12-01,3.1,0.60
51049,2026-01-01,3.6,0.73
51049,2026-02-01,3.5,0.73
51049,2026-03-01,3.1,0.73
51049,2026-04-01,2.7,0.43
51049,2026-05-01,3,0.27
51049,2026-06-01,3.7,0.30
51049,2026-07-01,3.6,0.50
51049,2026-08-01,3.3,0.60
51051,1990-01-01,19.9,NaN
51051,1990-02-01,13.7,NaN
51051,1990-03-01,17.6,NaN
51051,1990-04-01,16.9,NaN
51051,1990-05-01,17.7,NaN
51051,1990-06-01,17.9,NaN
51051,1990-07-01,16.4,NaN
51051,1990-08-01,17.8,NaN
51051,1990-09-01,15.3,NaN
51051,1990-10-01,14.4,NaN
51051,1990-11-01,16.8,NaN
51051,1990-12-01,16.4,NaN
51051,1991-01-01,17.3,NaN
51051,1991-02-01,17.1,NaN
51051,1991-03-01,16.5,1.47
51051,1991-04-01,16.3,1.13
51051,1991-05-01,17.4,1.23
51051,1991-06-01,18.7,1.97
51051,1991-07-01,17.5,2.37
51051,1991-08-01,16.3,2.00
51051,1991-09-01,15.4,0.90
51051,1991-10-01,15.9,0.37
51051,1991-11-01,15.1,0.00
51051,1991-12-01,15.9,0.17
51051,1992-01-01,16.8,0.47
51051,1992-02-01,17.7,1.33
51051,1992-03-01,16.8,1.63
51051,1992-04-01,17,1.70
51051,1992-05-01,18.7,2.03
51051,1992-06-01,19.7,3.00
51051,1992-07-01,18.2,3.40
51051,1992-08-01,18,3.17
51051,1992-09-01,16.7,2.17
51051,1992-10-01,14.7,1.00
51051,1992-11-01,14.5,0.00
51051,1992-12-01,15.5,0.00
51051,1993-01-01,17.5,0.93
51051,1993-02-01,16.6,1.63
51051,1993-03-01,15,1.47
51051,1993-04-01,15,0.63
51051,1993-05-01,16.5,0.60
51051,1993-06-01,15.6,0.80
51051,1993-07-01,13.7,0.37
51051,1993-08-01,13.3,0.00
51051,1993-09-01,13.6,0.00
51051,1993-10-01,14.1,0.13
51051,1993-11-01,16.2,1.10
51051,1993-12-01,15.5,1.73
51051,1994-01-01,18,3.03
51051,1994-02-01,20.5,4.47
51051,1994-03-01,19.7,5.87
51051,1994-04-01,19.5,6.37
51051,1994-05-01,20.1,6.23
51051,1994-06-01,20.2,6.40
51051,1994-07-01,19.4,6.37
51051,1994-08-01,16.1,5.03
51051,1994-09-01,18.2,4.37
51051,1994-10-01,16.4,3.23
51051,1994-11-01,17.9,2.87
51051,1994-12-01,15.6,1.37
51051,1995-01-01,20.8,1.53
51051,1995-02-01,20.1,2.20
51051,1995-03-01,18.9,3.30
51051,1995-04-01,19.5,2.87
51051,1995-05-01,20.6,3.03
51051,1995-06-01,20.9,3.70
51051,1995-07-01,24.9,5.50
51051,1995-08-01,19.2,5.03
51051,1995-09-01,17.1,3.77
51051,1995-10-01,16.5,0.97
51051,1995-11-01,14.6,0.00
51051,1995-12-01,14.3,0.00
51051,1996-01-01,22.5,2.00
51051,1996-02-01,22.4,4.60
51051,1996-03-01,20.1,6.53
51051,1996-04-01,17.1,4.73
51051,1996-05-01,20.2,4.00
51051,1996-06-01,20.7,4.20
51051,1996-07-01,19.8,5.10
51051,1996-08-01,21.4,5.50
51051,1996-09-01,18.9,4.90
51051,1996-10-01,17.8,4.23
51051,1996-11-01,19.2,3.50
51051,1996-12-01,16.9,2.83
51051,1997-01-01,17.5,0.73
51051,1997-02-01,14.8,0.00
51051,1997-03-01,13.7,0.00
51051,1997-04-01,12.9,0.00
51051,1997-05-01,16.1,0.43
51051,1997-06-01,17.9,1.83
51051,1997-07-01,16.4,3.00
51051,1997-08-01,16.3,3.07
51051,1997-09-01,13.9,1.73
51051,1997-10-01,13.4,0.73
51051,1997-11-01,13.6,0.00
51051,1997-12-01,17.3,1.13
51051,1998-01-01,19.9,3.30
51051,1998-02-01,21.1,5.80
51051,1998-03-01,19.7,6.60
51051,1998-04-01,14.2,4.70
51051,1998-05-01,15.5,2.83
51051,1998-06-01,15.8,1.53
51051,1998-07-01,13.8,1.40
51051,1998-08-01,14.7,1.13
51051,1998-09-01,13.4,0.33
51051,1998-10-01,12.2,0.00
51051,1998-11-01,12.5,0.00
51051,1998-12-01,12.3,0.00
51051,1999-01-01,14.1,0.63
51051,1999-02-01,15.2,1.53
51051,1999-03-01,14,2.10
51051,1999-04-01,12.2,1.47
51051,1999-05-01,13.6,0.93
51051,1999-06-01,13.5,0.77
51051,1999-07-01,11.6,0.57
51051,1999-08-01,12,0.03
51051,1999-09-01,9.7,0.00
51051,1999-10-01,9.6,0.00
51051,1999-11-01,8.9,0.00
51051,1999-12-01,9.7,0.00
51051,2000-01-01,8.8,0.00
51051,2000-02-01,8.2,0.00
51051,2000-03-01,6,0.00
51051,2000-04-01,4.8,0.00
51051,2000-05-01,4.9,0.00
51051,2000-06-01,5.2,0.00
51051,2000-07-01,5.9,0.37
51051,2000-08-01,5.2,0.47
51051,2000-09-01,4.6,0.27
51051,2000-10-01,4.5,0.00
51051,2000-11-01,6.2,0.33
51051,2000-12-01,5.3,0.57
51051,2001-01-01,8.7,1.97
51051,2001-02-01,8,2.57
51051,2001-03-01,7.4,3.27
51051,2001-04-01,6.5,2.53
51051,2001-05-01,5.5,1.70
51051,2001-06-01,6.3,1.33
51051,2001-07-01,7.4,1.63
51051,2001-08-01,6.6,2.00
51051,2001-09-01,6.4,2.03
51051,2001-10-01,6.8,1.83
51051,2001-11-01,7,1.63
51051,2001-12-01,6.5,1.43
51051,2002-01-01,8.4,1.20
51051,2002-02-01,8,1.53
51051,2002-03-01,7.7,1.93
51051,2002-04-01,7.8,1.73
51051,2002-05-01,7.3,1.50
51051,2002-06-01,8.8,1.87
51051,2002-07-01,9.8,2.23
51051,2002-08-01,8.1,2.30
51051,2002-09-01,7,1.70
51051,2002-10-01,7,0.77
51051,2002-11-01,7.1,0.30
51051,2002-12-01,6.9,0.23
51051,2003-01-01,11.7,1.57
51051,2003-02-01,10.7,2.77
51051,2003-03-01,10.1,3.83
51051,2003-04-01,8.4,2.73
51051,2003-05-01,8.3,1.93
51051,2003-06-01,8.7,1.47
51051,2003-07-01,8.7,1.57
51051,2003-08-01,7.8,1.40
51051,2003-09-01,7.8,1.10
51051,2003-10-01,6.4,0.33
51051,2003-11-01,6.6,0.00
51051,2003-12-01,6.2,0.00
51051,2004-01-01,8.3,0.63
51051,2004-02-01,7.6,0.97
51051,2004-03-01,7.3,1.33
51051,2004-04-01,5.9,0.53
51051,2004-05-01,5.9,0.00
51051,2004-06-01,6.9,0.00
51051,2004-07-01,6.2,0.10
51051,2004-08-01,5.9,0.10
51051,2004-09-01,5.3,0.00
51051,2004-10-01,4.8,0.00
51051,2004-11-01,4.9,0.00
51051,2004-12-01,5.3,0.00
51051,2005-01-01,8.4,1.20
51051,2005-02-01,8.4,2.37
51051,2005-03-01,7.6,3.13
51051,2005-04-01,6.4,2.47
51051,2005-05-01,6.6,1.87
51051,2005-06-01,6.8,1.60
51051,2005-07-01,5.9,1.43
51051,2005-08-01,5.6,1.10
51051,2005-09-01,5,0.50
51051,2005-10-01,4.9,0.17
51051,2005-11-01,5.3,0.07
51051,2005-12-01,4.8,0.00
51051,2006-01-01,6.1,0.40
51051,2006-02-01,5.8,0.57
51051,2006-03-01,5.1,0.67
51051,2006-04-01,4.3,0.07
51051,2006-05-01,4.7,0.00
51051,2006-06-01,5.4,0.10
51051,2006-07-01,5.9,0.63
51051,2006-08-01,5.4,0.87
51051,2006-09-01,4.6,0.60
51051,2006-10-01,4.3,0.07
51051,2006-11-01,4.8,0.00
51051,2006-12-01,4.8,0.07
51051,2007-01-01,5.4,0.43
51051,2007-02-01,5.2,0.57
51051,2007-03-01,4.4,0.43
51051,2007-04-01,4,0.00
51051,2007-05-01,4.9,0.00
51051,2007-06-01,5.4,0.33
51051,2007-07-01,5.6,0.87
51051,2007-08-01,6.1,1.27
51051,2007-09-01,5.4,1.27
51051,2007-10-01,5.4,1.20
51051,2007-11-01,5.5,1.00
51051,2007-12-01,6.3,1.30
51051,2008-01-01,6.4,1.63
51051,2008-02-01,6.2,1.87
51051,2008-03-01,5.7,1.67
51051,2008-04-01,5,1.20
51051,2008-05-01,5.8,1.07
51051,2008-06-01,6,0.83
51051,2008-07-01,6.2,0.70
51051,2008-08-01,6.3,0.73
51051,2008-09-01,5.3,0.50
51051,2008-10-01,5.8,0.37
51051,2008-11-01,5.5,0.10
51051,2008-12-01,6.2,0.33
51051,2009-01-01,8.5,1.23
51051,2009-02-01,9.3,2.50
51051,2009-03-01,9.4,3.57
51051,2009-04-01,10.4,4.20
51051,2009-05-01,9,4.10
51051,2009-06-01,9.2,4.00
51051,2009-07-01,8.9,3.50
51051,2009-08-01,7.9,3.13
51051,2009-09-01,8.3,2.83
51051,2009-10-01,7.9,2.50
51051,2009-11-01,8.2,2.60
51051,2009-12-01,8.3,2.30
51051,2010-01-01,11.8,2.70
51051,2010-02-01,11.6,2.57
51051,2010-03-01,11.2,3.50
51051,2010-04-01,9.8,2.83
51051,2010-05-01,9.6,2.17
51051,2010-06-01,9.8,1.70
51051,2010-07-01,9.9,1.73
51051,2010-08-01,10.1,1.90
51051,2010-09-01,9.3,1.73
51051,2010-10-01,9,1.43
51051,2010-11-01,9.4,1.10
51051,2010-12-01,8.9,0.97
51051,2011-01-01,10.7,0.57
51051,2011-02-01,10,0.77
51051,2011-03-01,9.7,1.03
51051,2011-04-01,8.7,0.37
51051,2011-05-01,8.9,0.00
51051,2011-06-01,9.9,0.07
51051,2011-07-01,9.9,0.47
51051,2011-08-01,10.3,0.93
51051,2011-09-01,9.2,0.70
51051,2011-10-01,9.1,0.43
51051,2011-11-01,8.6,0.00
51051,2011-12-01,8.7,0.00
51051,2012-01-01,10.2,0.37
51051,2012-02-01,10.2,0.90
51051,2012-03-01,9.7,1.23
51051,2012-04-01,9,0.83
51051,2012-05-01,9.6,0.63
51051,2012-06-01,10.1,0.77
51051,2012-07-01,10.7,1.33
51051,2012-08-01,10.8,1.73
51051,2012-09-01,10.3,1.80
51051,2012-10-01,10.5,1.73
51051,2012-11-01,10.8,1.73
51051,2012-12-01,11.2,2.03
51051,2013-01-01,12.8,2.43
51051,2013-02-01,11.6,2.43
51051,2013-03-01,10.9,2.33
51051,2013-04-01,9.9,1.37
51051,2013-05-01,10,0.83
51051,2013-06-01,10.7,0.63
51051,2013-07-01,11.2,0.50
51051,2013-08-01,11.6,0.97
51051,2013-09-01,10.4,0.87
51051,2013-10-01,10.3,0.57
51051,2013-11-01,10.6,0.23
51051,2013-12-01,10,0.10
51051,2014-01-01,12,0.67
51051,2014-02-01,11.1,0.83
51051,2014-03-01,10.3,0.93
51051,2014-04-01,8.9,0.00
51051,2014-05-01,9.5,0.00
51051,2014-06-01,9.6,0.00
51051,2014-07-01,10.2,0.43
51051,2014-08-01,10,0.60
51051,2014-09-01,9.1,0.43
51051,2014-10-01,9.3,0.13
51051,2014-11-01,9.7,0.03
51051,2014-12-01,9.1,0.03
51051,2015-01-01,10.4,0.40
51051,2015-02-01,10,0.50
51051,2015-03-01,10.6,1.00
51051,2015-04-01,9.2,0.60
51051,2015-05-01,9.5,0.43
51051,2015-06-01,9.4,0.03
51051,2015-07-01,10.1,0.30
51051,2015-08-01,10,0.47
51051,2015-09-01,9.3,0.43
51051,2015-10-01,9.5,0.23
51051,2015-11-01,10.4,0.37
51051,2015-12-01,10.7,0.83
51051,2016-01-01,10.5,1.17
51051,2016-02-01,10.2,1.10
51051,2016-03-01,9.4,0.67
51051,2016-04-01,9.1,0.20
51051,2016-05-01,8.7,0.00
51051,2016-06-01,9.1,0.00
51051,2016-07-01,9.3,0.07
51051,2016-08-01,9.7,0.40
51051,2016-09-01,8.8,0.30
51051,2016-10-01,8.1,0.00
51051,2016-11-01,8.1,0.00
51051,2016-12-01,7.9,0.00
51051,2017-01-01,8.5,0.13
51051,2017-02-01,7.9,0.07
51051,2017-03-01,6.9,0.00
51051,2017-04-01,6.2,0.00
51051,2017-05-01,6.3,0.00
51051,2017-06-01,6.5,0.00
51051,2017-07-01,6.5,0.10
51051,2017-08-01,6.3,0.10
51051,2017-09-01,5.8,0.00
51051,2017-10-01,5.3,0.00
51051,2017-11-01,5.5,0.00
51051,2017-12-01,5.6,0.00
51051,2018-01-01,6.3,0.33
51051,2018-02-01,6.4,0.63
51051,2018-03-01,5.5,0.60
51051,2018-04-01,4.5,0.00
51051,2018-05-01,4.7,0.00
51051,2018-06-01,5.3,0.00
51051,2018-07-01,4.9,0.13
51051,2018-08-01,4.8,0.17
51051,2018-09-01,4.4,0.00
51051,2018-10-01,4.3,0.00
51051,2018-11-01,4.3,0.00
51051,2018-12-01,4.3,0.00
51051,2019-01-01,5.8,0.50
51051,2019-02-01,4.9,0.70
51051,2019-03-01,4.7,0.83
51051,2019-04-01,4,0.23
51051,2019-05-01,4.3,0.03
51051,2019-06-01,4.7,0.03
51051,2019-07-01,5.1,0.40
51051,2019-08-01,4.6,0.50
51051,2019-09-01,4.3,0.37
51051,2019-10-01,4.4,0.13
51051,2019-11-01,4.7,0.17
51051,2019-12-01,5.2,0.47
51051,2020-01-01,5.8,0.90
51051,2020-02-01,5.7,1.23
51051,2020-03-01,6.6,1.70
51051,2020-04-01,12.2,3.83
51051,2020-05-01,9.7,5.17
51051,2020-06-01,10.5,6.47
51051,2020-07-01,10.4,5.77
51051,2020-08-01,8.9,5.50
51051,2020-09-01,7.3,4.43
51051,2020-10-01,6.4,3.10
51051,2020-11-01,6.4,2.23
51051,2020-12-01,6,1.50
51051,2021-01-01,6.5,1.07
51051,2021-02-01,6,0.60
51051,2021-03-01,6,0.13
51051,2021-04-01,5.4,0.00
51051,2021-05-01,5.5,0.00
51051,2021-06-01,6.4,0.13
51051,2021-07-01,5.7,0.23
51051,2021-08-01,5,0.07
51051,2021-09-01,4.1,0.00
51051,2021-10-01,3.8,0.00
51051,2021-11-01,2.8,0.00
51051,2021-12-01,3.3,0.00
51051,2022-01-01,3.8,0.00
51051,2022-02-01,3.5,0.23
51051,2022-03-01,3.5,0.30
51051,2022-04-01,3.2,0.10
51051,2022-05-01,3.9,0.23
51051,2022-06-01,4.4,0.53
51051,2022-07-01,4.4,0.93
51051,2022-08-01,4.5,1.13
51051,2022-09-01,3.9,0.97
51051,2022-10-01,3.8,0.77
51051,2022-11-01,4.2,0.67
51051,2022-12-01,3.5,0.53
51051,2023-01-01,4.4,0.73
51051,2023-02-01,3.9,0.53
51051,2023-03-01,3.7,0.60
51051,2023-04-01,3.1,0.17
51051,2023-05-01,3.7,0.00
51051,2023-06-01,4,0.10
51051,2023-07-01,4,0.40
51051,2023-08-01,4.2,0.57
51051,2023-09-01,3.7,0.47
51051,2023-10-01,3.7,0.37
51051,2023-11-01,3.7,0.20
51051,2023-12-01,3.5,0.13
51051,2024-01-01,4.2,0.30
51051,2024-02-01,4.2,0.47
51051,2024-03-01,3.8,0.57
51051,2024-04-01,3.5,0.33
51051,2024-05-01,3.9,0.23
51051,2024-06-01,4.4,0.33
51051,2024-07-01,4.8,0.73
51051,2024-08-01,4.8,1.03
51051,2024-09-01,4.3,1.00
51051,2024-10-01,4.5,0.90
51051,2024-11-01,4.5,0.80
51051,2024-12-01,4.1,0.73
51051,2025-01-01,4.8,0.73
51051,2025-02-01,4.8,0.83
51051,2025-03-01,4.4,0.93
51051,2025-04-01,4.5,0.83
51051,2025-05-01,4.6,0.77
51051,2025-06-01,4.8,0.70
51051,2025-07-01,4.9,0.40
51051,2025-08-01,4.9,0.50
51051,2025-09-01,4.4,0.37
51051,2025-10-01,4.95,0.38
51051,2025-11-01,5.5,0.58
51051,2025-12-01,4.8,0.72
51051,2026-01-01,5.3,0.73
51051,2026-02-01,5.2,0.60
51051,2026-03-01,5,0.67
51051,2026-04-01,4.5,0.40
51051,2026-05-01,4.7,0.23
51051,2026-06-01,5.2,0.17
51051,2026-07-01,4.7,0.13
51051,2026-08-01,4.7,0.13
51053,1990-01-01,4.9,NaN
51053,1990-02-01,5,NaN
51053,1990-03-01,4.5,NaN
51053,1990-04-01,4.7,NaN
51053,1990-05-01,5.3,NaN
51053,1990-06-01,5,NaN
51053,1990-07-01,5,NaN
51053,1990-08-01,4.8,NaN
51053,1990-09-01,5.2,NaN
51053,1990-10-01,4.7,NaN
51053,1990-11-01,5.7,NaN
51053,1990-12-01,5.8,NaN
51053,1991-01-01,6.4,NaN
51053,1991-02-01,6.6,NaN
51053,1991-03-01,6.7,1.83
51053,1991-04-01,6.5,1.87
51053,1991-05-01,6.8,1.83
51053,1991-06-01,7.4,2.00
51053,1991-07-01,7,2.17
51053,1991-08-01,8.1,2.60
51053,1991-09-01,6.6,2.33
51053,1991-10-01,6.6,2.20
51053,1991-11-01,8.2,1.93
51053,1991-12-01,7.7,2.10
51053,1992-01-01,7.8,1.93
51053,1992-02-01,8.4,1.70
51053,1992-03-01,7.4,1.30
51053,1992-04-01,6.9,0.97
51053,1992-05-01,7,0.43
51053,1992-06-01,8.1,0.43
51053,1992-07-01,7.9,0.60
51053,1992-08-01,8.4,1.03
51053,1992-09-01,7.4,0.80
51053,1992-10-01,6.7,0.40
51053,1992-11-01,7.4,0.07
51053,1992-12-01,6.7,0.00
51053,1993-01-01,7.5,0.27
51053,1993-02-01,7.6,0.33
51053,1993-03-01,6.8,0.37
51053,1993-04-01,6.2,0.00
51053,1993-05-01,6.9,0.00
51053,1993-06-01,7.3,0.17
51053,1993-07-01,5.7,0.00
51053,1993-08-01,5.6,0.00
51053,1993-09-01,5.5,0.00
51053,1993-10-01,6.1,0.13
51053,1993-11-01,6.6,0.47
51053,1993-12-01,6.8,0.90
51053,1994-01-01,7.3,1.30
51053,1994-02-01,6.6,1.30
51053,1994-03-01,6.4,1.17
51053,1994-04-01,5.3,0.50
51053,1994-05-01,5.1,0.00
51053,1994-06-01,5.7,0.00
51053,1994-07-01,5.5,0.07
51053,1994-08-01,5.5,0.20
51053,1994-09-01,5.4,0.10
51053,1994-10-01,5.9,0.23
51053,1994-11-01,5.6,0.27
51053,1994-12-01,5.8,0.40
51053,1995-01-01,6.8,0.70
51053,1995-02-01,5.3,0.60
51053,1995-03-01,4.9,0.30
51053,1995-04-01,4.4,0.00
51053,1995-05-01,3.9,0.00
51053,1995-06-01,3.4,0.00
51053,1995-07-01,3.9,0.00
51053,1995-08-01,3.9,0.00
51053,1995-09-01,4.1,0.23
51053,1995-10-01,3.8,0.20
51053,1995-11-01,4.2,0.30
51053,1995-12-01,3.7,0.17
51053,1996-01-01,3.9,0.20
51053,1996-02-01,3.6,0.00
51053,1996-03-01,3.4,0.00
51053,1996-04-01,3.2,0.00
51053,1996-05-01,4,0.13
51053,1996-06-01,4.3,0.43
51053,1996-07-01,3.7,0.60
51053,1996-08-01,3.4,0.40
51053,1996-09-01,3.8,0.23
51053,1996-10-01,4,0.33
51053,1996-11-01,4.2,0.60
51053,1996-12-01,4.2,0.73
51053,1997-01-01,4.2,0.80
51053,1997-02-01,4.1,0.77
51053,1997-03-01,3.4,0.50
51053,1997-04-01,3.6,0.30
51053,1997-05-01,3.7,0.03
51053,1997-06-01,4.1,0.23
51053,1997-07-01,3.6,0.23
51053,1997-08-01,3.5,0.17
51053,1997-09-01,3.1,0.00
51053,1997-10-01,3.4,0.00
51053,1997-11-01,2.8,0.00
51053,1997-12-01,2.5,0.00
51053,1998-01-01,3.4,0.00
51053,1998-02-01,3.2,0.13
51053,1998-03-01,3.2,0.37
51053,1998-04-01,2,0.00
51053,1998-05-01,2.4,0.00
51053,1998-06-01,2.4,0.00
51053,1998-07-01,2.3,0.10
51053,1998-08-01,2.3,0.07
51053,1998-09-01,2.3,0.03
51053,1998-10-01,2.5,0.10
51053,1998-11-01,2.4,0.13
51053,1998-12-01,2.3,0.13
51053,1999-01-01,2.7,0.20
51053,1999-02-01,2.6,0.27
51053,1999-03-01,2.3,0.27
51053,1999-04-01,2.4,0.17
51053,1999-05-01,2.4,0.10
51053,1999-06-01,2.5,0.17
51053,1999-07-01,2.5,0.17
51053,1999-08-01,2.7,0.27
51053,1999-09-01,2.8,0.37
51053,1999-10-01,2.3,0.23
51053,1999-11-01,2,0.00
51053,1999-12-01,2.1,0.00
51053,2000-01-01,2.4,0.03
51053,2000-02-01,2.5,0.20
51053,2000-03-01,2.3,0.27
51053,2000-04-01,1.7,0.03
51053,2000-05-01,2.1,0.00
51053,2000-06-01,2.5,0.07
51053,2000-07-01,2.1,0.20
51053,2000-08-01,2.3,0.27
51053,2000-09-01,2,0.10
51053,2000-10-01,1.8,0.00
51053,2000-11-01,1.8,0.00
51053,2000-12-01,1.8,0.00
51053,2001-01-01,2.6,0.27
51053,2001-02-01,2.6,0.53
51053,2001-03-01,2.5,0.77
51053,2001-04-01,2.4,0.70
51053,2001-05-01,2.7,0.73
51053,2001-06-01,3,0.90
51053,2001-07-01,2.8,1.03
51053,2001-08-01,3.4,1.27
51053,2001-09-01,3.2,1.33
51053,2001-10-01,3.4,1.53
51053,2001-11-01,3.6,1.60
51053,2001-12-01,3.7,1.77
51053,2002-01-01,4.3,1.80
51053,2002-02-01,4.2,1.73
51053,2002-03-01,3.9,1.63
51053,2002-04-01,3.8,1.47
51053,2002-05-01,4,1.37
51053,2002-06-01,4.2,1.30
51053,2002-07-01,4,1.23
51053,2002-08-01,4.2,1.07
51053,2002-09-01,3.7,0.83
51053,2002-10-01,3.7,0.53
51053,2002-11-01,3.9,0.37
51053,2002-12-01,3.8,0.23
51053,2003-01-01,4.4,0.27
51053,2003-02-01,4.6,0.50
51053,2003-03-01,4,0.57
51053,2003-04-01,4.1,0.47
51053,2003-05-01,4,0.27
51053,2003-06-01,4.4,0.40
51053,2003-07-01,3.9,0.33
51053,2003-08-01,3.9,0.30
51053,2003-09-01,4.1,0.20
51053,2003-10-01,3.7,0.13
51053,2003-11-01,3.9,0.13
51053,2003-12-01,3.7,0.00
51053,2004-01-01,4.6,0.30
51053,2004-02-01,4.4,0.47
51053,2004-03-01,4.2,0.63
51053,2004-04-01,3.7,0.33
51053,2004-05-01,3.9,0.17
51053,2004-06-01,4,0.10
51053,2004-07-01,3.6,0.07
51053,2004-08-01,3.5,0.00
51053,2004-09-01,3.6,0.00
51053,2004-10-01,3.4,0.00
51053,2004-11-01,3.7,0.07
51053,2004-12-01,3.5,0.03
51053,2005-01-01,4.4,0.37
51053,2005-02-01,4.6,0.67
51053,2005-03-01,4.3,0.93
51053,2005-04-01,3.8,0.73
51053,2005-05-01,4.1,0.57
51053,2005-06-01,4.2,0.53
51053,2005-07-01,4,0.60
51053,2005-08-01,4,0.57
51053,2005-09-01,4.1,0.53
51053,2005-10-01,3.7,0.43
51053,2005-11-01,3.7,0.30
51053,2005-12-01,3.5,0.10
51053,2006-01-01,3.5,0.00
51053,2006-02-01,3.5,0.00
51053,2006-03-01,3.2,0.00
51053,2006-04-01,3.1,0.00
51053,2006-05-01,3.1,0.00
51053,2006-06-01,3.3,0.03
51053,2006-07-01,3.3,0.10
51053,2006-08-01,3.4,0.20
51053,2006-09-01,3,0.10
51053,2006-10-01,2.9,0.00
51053,2006-11-01,3,0.00
51053,2006-12-01,2.7,0.00
51053,2007-01-01,3.4,0.17
51053,2007-02-01,3.5,0.33
51053,2007-03-01,3.3,0.53
51053,2007-04-01,3.2,0.47
51053,2007-05-01,3.4,0.43
51053,2007-06-01,3.5,0.50
51053,2007-07-01,3.7,0.67
51053,2007-08-01,3.6,0.73
51053,2007-09-01,3.5,0.73
51053,2007-10-01,3.5,0.67
51053,2007-11-01,3.6,0.67
51053,2007-12-01,3.9,0.80
51053,2008-01-01,5.1,1.17
51053,2008-02-01,5.1,1.50
51053,2008-03-01,4.7,1.67
51053,2008-04-01,4.1,1.33
51053,2008-05-01,4.5,1.13
51053,2008-06-01,4.6,1.03
51053,2008-07-01,4.5,1.00
51053,2008-08-01,4.5,1.00
51053,2008-09-01,4.3,0.90
51053,2008-10-01,4.2,0.80
51053,2008-11-01,4.8,0.90
51053,2008-12-01,5.6,1.20
51053,2009-01-01,7.4,1.73
51053,2009-02-01,7.8,2.60
51053,2009-03-01,7.7,3.30
51053,2009-04-01,7.5,3.33
51053,2009-05-01,7.9,3.37
51053,2009-06-01,8.6,3.67
51053,2009-07-01,8.3,3.93
51053,2009-08-01,8.8,4.23
51053,2009-09-01,8.6,4.23
51053,2009-10-01,8.1,4.17
51053,2009-11-01,8.4,3.93
51053,2009-12-01,8.5,3.47
51053,2010-01-01,9.5,2.87
51053,2010-02-01,9.6,2.27
51053,2010-03-01,8.9,1.70
51053,2010-04-01,8.4,1.30
51053,2010-05-01,8.3,0.83
51053,2010-06-01,8.4,0.37
51053,2010-07-01,8.4,0.10
51053,2010-08-01,8.5,0.10
51053,2010-09-01,8.1,0.00
51053,2010-10-01,7.7,0.00
51053,2010-11-01,8,0.00
51053,2010-12-01,7.4,0.00
51053,2011-01-01,8.1,0.13
51053,2011-02-01,8,0.13
51053,2011-03-01,7.5,0.17
51053,2011-04-01,7,0.00
51053,2011-05-01,7.5,0.00
51053,2011-06-01,7.8,0.10
51053,2011-07-01,7.8,0.37
51053,2011-08-01,8.1,0.57
51053,2011-09-01,7.8,0.57
51053,2011-10-01,7.5,0.47
51053,2011-11-01,7.4,0.23
51053,2011-12-01,7.2,0.03
51053,2012-01-01,7.8,0.13
51053,2012-02-01,7.8,0.27
51053,2012-03-01,7.3,0.30
51053,2012-04-01,6.9,0.00
51053,2012-05-01,7.1,0.00
51053,2012-06-01,7.4,0.03
51053,2012-07-01,7.6,0.27
51053,2012-08-01,7.6,0.43
51053,2012-09-01,7.1,0.33
51053,2012-10-01,6.9,0.10
51053,2012-11-01,6.9,0.00
51053,2012-12-01,6.9,0.00
51053,2013-01-01,7.9,0.33
51053,2013-02-01,7.5,0.53
51053,2013-03-01,7.3,0.67
51053,2013-04-01,6.8,0.30
51053,2013-05-01,7.2,0.20
51053,2013-06-01,7.5,0.27
51053,2013-07-01,7.3,0.43
51053,2013-08-01,7.3,0.47
51053,2013-09-01,7,0.30
51053,2013-10-01,6.9,0.17
51053,2013-11-01,6.6,0.00
51053,2013-12-01,6.3,0.00
51053,2014-01-01,6.9,0.00
51053,2014-02-01,6.9,0.10
51053,2014-03-01,6.7,0.23
51053,2014-04-01,5.9,0.00
51053,2014-05-01,6.1,0.00
51053,2014-06-01,6.2,0.00
51053,2014-07-01,6.4,0.17
51053,2014-08-01,6.6,0.33
51053,2014-09-01,6.1,0.30
51053,2014-10-01,6,0.17
51053,2014-11-01,5.9,0.00
51053,2014-12-01,5.6,0.00
51053,2015-01-01,6.3,0.10
51053,2015-02-01,6,0.13
51053,2015-03-01,5.6,0.13
51053,2015-04-01,5.1,0.00
51053,2015-05-01,5.6,0.00
51053,2015-06-01,5.4,0.00
51053,2015-07-01,5.4,0.10
51053,2015-08-01,5.3,0.00
51053,2015-09-01,5,0.00
51053,2015-10-01,4.7,0.00
51053,2015-11-01,4.7,0.00
51053,2015-12-01,4.6,0.00
51053,2016-01-01,4.9,0.07
51053,2016-02-01,4.8,0.10
51053,2016-03-01,4.8,0.17
51053,2016-04-01,4.5,0.03
51053,2016-05-01,4.4,0.00
51053,2016-06-01,4.7,0.00
51053,2016-07-01,4.8,0.10
51053,2016-08-01,4.9,0.27
51053,2016-09-01,4.6,0.23
51053,2016-10-01,4.3,0.07
51053,2016-11-01,4.2,0.00
51053,2016-12-01,4.2,0.00
51053,2017-01-01,4.9,0.20
51053,2017-02-01,4.8,0.40
51053,2017-03-01,4.6,0.53
51053,2017-04-01,4.1,0.27
51053,2017-05-01,4,0.00
51053,2017-06-01,4.1,0.00
51053,2017-07-01,4.2,0.03
51053,2017-08-01,4.2,0.10
51053,2017-09-01,3.9,0.03
51053,2017-10-01,3.7,0.00
51053,2017-11-01,3.7,0.00
51053,2017-12-01,3.4,0.00
51053,2018-01-01,3.9,0.07
51053,2018-02-01,3.8,0.10
51053,2018-03-01,3.4,0.10
51053,2018-04-01,3,0.00
51053,2018-05-01,3.1,0.00
51053,2018-06-01,3.3,0.00
51053,2018-07-01,3.2,0.07
51053,2018-08-01,3.4,0.17
51053,2018-09-01,3.2,0.13
51053,2018-10-01,3.1,0.10
51053,2018-11-01,3.1,0.00
51053,2018-12-01,3.1,0.00
51053,2019-01-01,3.7,0.20
51053,2019-02-01,3.4,0.30
51053,2019-03-01,3.3,0.37
51053,2019-04-01,2.8,0.07
51053,2019-05-01,3,0.00
51053,2019-06-01,3.3,0.00
51053,2019-07-01,3.2,0.13
51053,2019-08-01,3.1,0.17
51053,2019-09-01,2.9,0.03
51053,2019-10-01,2.8,0.00
51053,2019-11-01,2.7,0.00
51053,2019-12-01,2.5,0.00
51053,2020-01-01,3.2,0.13
51053,2020-02-01,3,0.23
51053,2020-03-01,3.6,0.60
51053,2020-04-01,9.7,2.77
51053,2020-05-01,9,4.77
51053,2020-06-01,9.9,6.87
51053,2020-07-01,9.1,6.67
51053,2020-08-01,7.7,6.23
51053,2020-09-01,6.5,5.10
51053,2020-10-01,5.5,3.90
51053,2020-11-01,5.3,3.10
51053,2020-12-01,5,2.60
51053,2021-01-01,5.3,2.40
51053,2021-02-01,5.3,2.30
51053,2021-03-01,5,1.93
51053,2021-04-01,4.6,0.00
51053,2021-05-01,4.6,0.00
51053,2021-06-01,5,0.00
51053,2021-07-01,4.3,0.00
51053,2021-08-01,4.1,0.00
51053,2021-09-01,3.4,0.00
51053,2021-10-01,3.5,0.00
51053,2021-11-01,2.3,0.00
51053,2021-12-01,4.4,0.33
51053,2022-01-01,3.1,0.20
51053,2022-02-01,2.9,0.40
51053,2022-03-01,2.7,0.00
51053,2022-04-01,2.5,0.00
51053,2022-05-01,2.9,0.00
51053,2022-06-01,3.1,0.13
51053,2022-07-01,3.1,0.33
51053,2022-08-01,3.7,0.60
51053,2022-09-01,3.1,0.60
51053,2022-10-01,2.9,0.53
51053,2022-11-01,3,0.30
51053,2022-12-01,2.7,0.17
51053,2023-01-01,3.2,0.27
51053,2023-02-01,3.2,0.33
51053,2023-03-01,3,0.43
51053,2023-04-01,2.6,0.23
51053,2023-05-01,3,0.17
51053,2023-06-01,3,0.03
51053,2023-07-01,2.9,0.10
51053,2023-08-01,3.3,0.20
51053,2023-09-01,3,0.20
51053,2023-10-01,3,0.23
51053,2023-11-01,2.9,0.10
51053,2023-12-01,2.6,0.00
51053,2024-01-01,3,0.00
51053,2024-02-01,3.1,0.07
51053,2024-03-01,2.8,0.13
51053,2024-04-01,2.7,0.03
51053,2024-05-01,3.1,0.03
51053,2024-06-01,3.3,0.20
51053,2024-07-01,3.4,0.43
51053,2024-08-01,3.6,0.60
51053,2024-09-01,3.2,0.57
51053,2024-10-01,3.3,0.53
51053,2024-11-01,3.3,0.43
51053,2024-12-01,2.9,0.33
51053,2025-01-01,3.3,0.33
51053,2025-02-01,3.3,0.30
51053,2025-03-01,3.2,0.40
51053,2025-04-01,3.1,0.33
51053,2025-05-01,3.4,0.37
51053,2025-06-01,3.4,0.27
51053,2025-07-01,3.4,0.23
51053,2025-08-01,3.5,0.27
51053,2025-09-01,3.4,0.27
51053,2025-10-01,3.65,0.35
51053,2025-11-01,3.9,0.48
51053,2025-12-01,3.4,0.48
51053,2026-01-01,3.8,0.53
51053,2026-02-01,3.8,0.50
51053,2026-03-01,3.7,0.57
51053,2026-04-01,3.4,0.43
51053,2026-05-01,3.6,0.33
51053,2026-06-01,3.9,0.33
51053,2026-07-01,3.9,0.40
51053,2026-08-01,3.7,0.40
51057,1990-01-01,7.7,NaN
51057,1990-02-01,7.8,NaN
51057,1990-03-01,7.8,NaN
51057,1990-04-01,6.7,NaN
51057,1990-05-01,10,NaN
51057,1990-06-01,5.1,NaN
51057,1990-07-01,4.8,NaN
51057,1990-08-01,5.5,NaN
51057,1990-09-01,5.1,NaN
51057,1990-10-01,4.5,NaN
51057,1990-11-01,10.3,NaN
51057,1990-12-01,5.9,NaN
51057,1991-01-01,10,NaN
51057,1991-02-01,10.5,NaN
51057,1991-03-01,10.5,5.30
51057,1991-04-01,8.6,4.83
51057,1991-05-01,9.7,4.57
51057,1991-06-01,8.8,4.00
51057,1991-07-01,7.2,3.53
51057,1991-08-01,6.6,2.50
51057,1991-09-01,6.9,1.87
51057,1991-10-01,7.4,1.93
51057,1991-11-01,7,0.47
51057,1991-12-01,7.2,0.30
51057,1992-01-01,10.4,1.30
51057,1992-02-01,9.5,2.13
51057,1992-03-01,8.8,2.67
51057,1992-04-01,7.3,1.63
51057,1992-05-01,6.8,0.73
51057,1992-06-01,7,0.13
51057,1992-07-01,5.9,0.00
51057,1992-08-01,6.3,0.00
51057,1992-09-01,7.8,0.27
51057,1992-10-01,6.8,0.57
51057,1992-11-01,6.7,0.70
51057,1992-12-01,6.9,0.40
51057,1993-01-01,7.9,0.77
51057,1993-02-01,7.5,1.03
51057,1993-03-01,7.1,1.10
51057,1993-04-01,7.6,1.00
51057,1993-05-01,7,0.83
51057,1993-06-01,7.4,0.93
51057,1993-07-01,6.7,0.63
51057,1993-08-01,6.7,0.53
51057,1993-09-01,6.4,0.00
51057,1993-10-01,6.5,0.00
51057,1993-11-01,5.9,0.00
51057,1993-12-01,5.7,0.00
51057,1994-01-01,8.7,0.73
51057,1994-02-01,8.9,1.73
51057,1994-03-01,7.9,2.47
51057,1994-04-01,6.5,1.73
51057,1994-05-01,6.6,0.97
51057,1994-06-01,6.2,0.40
51057,1994-07-01,5.8,0.17
51057,1994-08-01,5.7,0.00
51057,1994-09-01,5.9,0.00
51057,1994-10-01,5.1,0.00
51057,1994-11-01,4.9,0.00
51057,1994-12-01,5.7,0.00
51057,1995-01-01,8.3,1.07
51057,1995-02-01,8.1,2.13
51057,1995-03-01,6.5,2.40
51057,1995-04-01,6.7,1.87
51057,1995-05-01,6.8,1.43
51057,1995-06-01,10,2.60
51057,1995-07-01,8.2,3.10
51057,1995-08-01,7.6,3.37
51057,1995-09-01,6.8,2.30
51057,1995-10-01,8.3,2.33
51057,1995-11-01,7.7,2.37
51057,1995-12-01,6.8,2.37
51057,1996-01-01,10.7,2.10
51057,1996-02-01,11.2,2.90
51057,1996-03-01,8.9,3.60
51057,1996-04-01,7.6,2.57
51057,1996-05-01,9,1.83
51057,1996-06-01,9.1,1.03
51057,1996-07-01,14.6,3.37
51057,1996-08-01,7.2,2.77
51057,1996-09-01,6.3,1.83
51057,1996-10-01,6.5,0.00
51057,1996-11-01,5.9,0.00
51057,1996-12-01,5.2,0.00
51057,1997-01-01,7,0.17
51057,1997-02-01,7.8,0.80
51057,1997-03-01,8.1,1.77
51057,1997-04-01,6.2,1.50
51057,1997-05-01,6.8,1.17
51057,1997-06-01,6.5,0.63
51057,1997-07-01,11.8,2.50
51057,1997-08-01,5.9,2.20
51057,1997-09-01,5.7,1.93
51057,1997-10-01,4.6,0.00
51057,1997-11-01,4,0.00
51057,1997-12-01,4.8,0.00
51057,1998-01-01,6.6,0.67
51057,1998-02-01,6.6,1.53
51057,1998-03-01,6.8,2.20
51057,1998-04-01,4.8,1.60
51057,1998-05-01,6,1.40
51057,1998-06-01,5.7,1.03
51057,1998-07-01,5.3,1.20
51057,1998-08-01,5.6,1.07
51057,1998-09-01,4.9,0.80
51057,1998-10-01,4.5,0.53
51057,1998-11-01,4.1,0.03
51057,1998-12-01,3.9,0.00
51057,1999-01-01,5.3,0.27
51057,1999-02-01,7.4,1.37
51057,1999-03-01,4.5,1.57
51057,1999-04-01,3.7,1.03
51057,1999-05-01,4.2,0.00
51057,1999-06-01,4.6,0.03
51057,1999-07-01,4.4,0.27
51057,1999-08-01,3.9,0.17
51057,1999-09-01,3.2,0.00
51057,1999-10-01,2.7,0.00
51057,1999-11-01,4.5,0.20
51057,1999-12-01,4.3,0.57
51057,2000-01-01,3.7,0.90
51057,2000-02-01,3.8,0.67
51057,2000-03-01,2.9,0.20
51057,2000-04-01,2.5,0.00
51057,2000-05-01,2.6,0.00
51057,2000-06-01,2.7,0.00
51057,2000-07-01,2.4,0.00
51057,2000-08-01,2.5,0.00
51057,2000-09-01,2.3,0.00
51057,2000-10-01,2.4,0.00
51057,2000-11-01,2.2,0.00
51057,2000-12-01,2,0.00
51057,2001-01-01,3,0.20
51057,2001-02-01,2.7,0.37
51057,2001-03-01,2.8,0.63
51057,2001-04-01,2.8,0.57
51057,2001-05-01,3.1,0.70
51057,2001-06-01,3.2,0.83
51057,2001-07-01,3.3,1.00
51057,2001-08-01,3.9,1.27
51057,2001-09-01,3.2,1.27
51057,2001-10-01,3.4,1.30
51057,2001-11-01,3.5,1.17
51057,2001-12-01,3.5,1.27
51057,2002-01-01,5.6,1.80
51057,2002-02-01,5,2.13
51057,2002-03-01,5.2,2.50
51057,2002-04-01,4.4,2.10
51057,2002-05-01,4.1,1.67
51057,2002-06-01,4.1,1.17
51057,2002-07-01,4.5,1.03
51057,2002-08-01,4.1,0.87
51057,2002-09-01,3.9,0.80
51057,2002-10-01,3.5,0.47
51057,2002-11-01,4.2,0.50
51057,2002-12-01,4.3,0.53
51057,2003-01-01,6.2,1.07
51057,2003-02-01,5.9,1.63
51057,2003-03-01,6.1,2.23
51057,2003-04-01,5.5,2.00
51057,2003-05-01,5.3,1.80
51057,2003-06-01,5.6,1.63
51057,2003-07-01,5.8,1.73
51057,2003-08-01,5.7,1.87
51057,2003-09-01,5.1,1.70
51057,2003-10-01,4.9,1.40
51057,2003-11-01,4.6,1.00
51057,2003-12-01,4.3,0.60
51057,2004-01-01,5.3,0.13
51057,2004-02-01,4.9,0.23
51057,2004-03-01,5,0.47
51057,2004-04-01,3.9,0.00
51057,2004-05-01,4.1,0.00
51057,2004-06-01,4.3,0.00
51057,2004-07-01,4.4,0.17
51057,2004-08-01,4.2,0.20
51057,2004-09-01,3.8,0.03
51057,2004-10-01,3.8,0.00
51057,2004-11-01,3.6,0.00
51057,2004-12-01,3.6,0.00
51057,2005-01-01,4.6,0.27
51057,2005-02-01,4.5,0.57
51057,2005-03-01,4.3,0.80
51057,2005-04-01,3.9,0.57
51057,2005-05-01,3.9,0.37
51057,2005-06-01,4.4,0.40
51057,2005-07-01,4.5,0.60
51057,2005-08-01,5,0.97
51057,2005-09-01,5.3,1.27
51057,2005-10-01,5.1,1.47
51057,2005-11-01,4.8,1.40
51057,2005-12-01,4.8,1.23
51057,2006-01-01,4.9,0.90
51057,2006-02-01,5.1,0.90
51057,2006-03-01,4.4,0.77
51057,2006-04-01,3.8,0.40
51057,2006-05-01,3.8,0.00
51057,2006-06-01,3.9,0.00
51057,2006-07-01,3.9,0.03
51057,2006-08-01,3.9,0.07
51057,2006-09-01,3.4,0.00
51057,2006-10-01,3.1,0.00
51057,2006-11-01,3.3,0.00
51057,2006-12-01,3.6,0.07
51057,2007-01-01,4,0.37
51057,2007-02-01,4,0.60
51057,2007-03-01,3.6,0.60
51057,2007-04-01,3.1,0.30
51057,2007-05-01,3.4,0.10
51057,2007-06-01,3.7,0.13
51057,2007-07-01,3.6,0.30
51057,2007-08-01,3.8,0.43
51057,2007-09-01,3.6,0.40
51057,2007-10-01,3.9,0.50
51057,2007-11-01,3.8,0.50
51057,2007-12-01,4.3,0.67
51057,2008-01-01,4.9,0.97
51057,2008-02-01,4.9,1.33
51057,2008-03-01,4.7,1.47
51057,2008-04-01,4,1.17
51057,2008-05-01,4.7,1.10
51057,2008-06-01,4.9,1.13
51057,2008-07-01,5.1,1.33
51057,2008-08-01,5.3,1.43
51057,2008-09-01,5.5,1.63
51057,2008-10-01,5.7,1.73
51057,2008-11-01,6.6,2.17
51057,2008-12-01,7.7,2.67
51057,2009-01-01,8.4,3.23
51057,2009-02-01,8.7,3.80
51057,2009-03-01,8.4,4.03
51057,2009-04-01,7.6,3.77
51057,2009-05-01,7.6,3.40
51057,2009-06-01,7.8,3.13
51057,2009-07-01,8.1,2.93
51057,2009-08-01,8.2,2.93
51057,2009-09-01,8,2.80
51057,2009-10-01,8,2.57
51057,2009-11-01,8.6,2.27
51057,2009-12-01,8.9,1.83
51057,2010-01-01,9.5,1.43
51057,2010-02-01,10.5,1.97
51057,2010-03-01,9.6,2.20
51057,2010-04-01,8.6,1.90
51057,2010-05-01,8,1.07
51057,2010-06-01,8.3,0.63
51057,2010-07-01,8.4,0.40
51057,2010-08-01,8.7,0.43
51057,2010-09-01,8.2,0.37
51057,2010-10-01,7.9,0.20
51057,2010-11-01,8.4,0.00
51057,2010-12-01,8.2,0.00
51057,2011-01-01,9,0.37
51057,2011-02-01,8.9,0.53
51057,2011-03-01,8.2,0.53
51057,2011-04-01,7.4,0.00
51057,2011-05-01,7.4,0.00
51057,2011-06-01,7.7,0.00
51057,2011-07-01,7.7,0.10
51057,2011-08-01,8,0.30
51057,2011-09-01,8,0.40
51057,2011-10-01,7.6,0.37
51057,2011-11-01,7.8,0.30
51057,2011-12-01,7.6,0.17
51057,2012-01-01,8.1,0.33
51057,2012-02-01,7.9,0.37
51057,2012-03-01,7.5,0.33
51057,2012-04-01,6.6,0.00
51057,2012-05-01,6.9,0.00
51057,2012-06-01,6.9,0.00
51057,2012-07-01,6.9,0.10
51057,2012-08-01,7.1,0.17
51057,2012-09-01,6.8,0.13
51057,2012-10-01,6.6,0.03
51057,2012-11-01,6.7,0.00
51057,2012-12-01,6.6,0.00
51057,2013-01-01,7.6,0.33
51057,2013-02-01,7.2,0.50
51057,2013-03-01,6.9,0.60
51057,2013-04-01,6.2,0.13
51057,2013-05-01,6,0.00
51057,2013-06-01,6.2,0.00
51057,2013-07-01,6.3,0.03
51057,2013-08-01,6.6,0.23
51057,2013-09-01,6.3,0.27
51057,2013-10-01,6.2,0.23
51057,2013-11-01,6.1,0.07
51057,2013-12-01,5.8,0.00
51057,2014-01-01,6.7,0.17
51057,2014-02-01,6.7,0.37
51057,2014-03-01,6.5,0.60
51057,2014-04-01,5.6,0.23
51057,2014-05-01,5.9,0.00
51057,2014-06-01,6.1,0.00
51057,2014-07-01,6.4,0.27
51057,2014-08-01,6.6,0.50
51057,2014-09-01,5.9,0.43
51057,2014-10-01,5.6,0.17
51057,2014-11-01,5.9,0.00
51057,2014-12-01,6.2,0.10
51057,2015-01-01,7.1,0.60
51057,2015-02-01,6.3,0.73
51057,2015-03-01,5.8,0.60
51057,2015-04-01,5,0.00
51057,2015-05-01,5.2,0.00
51057,2015-06-01,4.9,0.00
51057,2015-07-01,4.9,0.00
51057,2015-08-01,4.8,0.00
51057,2015-09-01,4.9,0.00
51057,2015-10-01,4.9,0.00
51057,2015-11-01,4.8,0.00
51057,2015-12-01,4.8,0.00
51057,2016-01-01,5.4,0.17
51057,2016-02-01,5.3,0.33
51057,2016-03-01,5.2,0.47
51057,2016-04-01,4.8,0.27
51057,2016-05-01,4.7,0.07
51057,2016-06-01,4.8,0.00
51057,2016-07-01,4.9,0.03
51057,2016-08-01,5.2,0.20
51057,2016-09-01,5.1,0.30
51057,2016-10-01,4.9,0.30
51057,2016-11-01,5,0.23
51057,2016-12-01,5,0.20
51057,2017-01-01,6.1,0.60
51057,2017-02-01,6.5,1.10
51057,2017-03-01,6,1.43
51057,2017-04-01,5.2,1.13
51057,2017-05-01,5,0.63
51057,2017-06-01,4.8,0.23
51057,2017-07-01,4.7,0.03
51057,2017-08-01,5.2,0.07
51057,2017-09-01,4.5,0.00
51057,2017-10-01,4.5,0.00
51057,2017-11-01,4.4,0.00
51057,2017-12-01,4.5,0.00
51057,2018-01-01,5.2,0.23
51057,2018-02-01,5.3,0.53
51057,2018-03-01,4.8,0.63
51057,2018-04-01,4.1,0.27
51057,2018-05-01,4,0.00
51057,2018-06-01,4.2,0.00
51057,2018-07-01,4,0.00
51057,2018-08-01,4,0.00
51057,2018-09-01,3.7,0.00
51057,2018-10-01,3.5,0.00
51057,2018-11-01,3.4,0.00
51057,2018-12-01,3.7,0.00
51057,2019-01-01,5.1,0.53
51057,2019-02-01,4.8,1.00
51057,2019-03-01,4.5,1.27
51057,2019-04-01,3.4,0.70
51057,2019-05-01,3.5,0.27
51057,2019-06-01,3.4,0.00
51057,2019-07-01,3.6,0.07
51057,2019-08-01,3.8,0.17
51057,2019-09-01,3.3,0.13
51057,2019-10-01,3.4,0.07
51057,2019-11-01,3.4,0.00
51057,2019-12-01,3.4,0.03
51057,2020-01-01,4.3,0.33
51057,2020-02-01,4.2,0.60
51057,2020-03-01,4.7,1.03
51057,2020-04-01,12.7,3.83
51057,2020-05-01,11.1,6.13
51057,2020-06-01,11.2,8.30
51057,2020-07-01,10.7,7.63
51057,2020-08-01,9,6.93
51057,2020-09-01,8.3,5.97
51057,2020-10-01,6.9,4.70
51057,2020-11-01,6.3,3.80
51057,2020-12-01,6,3.00
51057,2021-01-01,6.5,2.57
51057,2021-02-01,6.5,2.37
51057,2021-03-01,6.4,2.07
51057,2021-04-01,5.7,0.00
51057,2021-05-01,5.6,0.00
51057,2021-06-01,6.1,0.00
51057,2021-07-01,5.6,0.00
51057,2021-08-01,5.2,0.00
51057,2021-09-01,4.3,0.00
51057,2021-10-01,4,0.00
51057,2021-11-01,2.8,0.00
51057,2021-12-01,3.6,0.00
51057,2022-01-01,3.8,0.00
51057,2022-02-01,3.6,0.27
51057,2022-03-01,3.5,0.23
51057,2022-04-01,3.2,0.03
51057,2022-05-01,3.3,0.00
51057,2022-06-01,3.6,0.03
51057,2022-07-01,3.6,0.17
51057,2022-08-01,4.1,0.43
51057,2022-09-01,3.7,0.47
51057,2022-10-01,3.5,0.43
51057,2022-11-01,3.6,0.27
51057,2022-12-01,3.2,0.10
51057,2023-01-01,3.9,0.23
51057,2023-02-01,3.8,0.30
51057,2023-03-01,3.6,0.43
51057,2023-04-01,3.2,0.20
51057,2023-05-01,3.3,0.03
51057,2023-06-01,3.5,0.00
51057,2023-07-01,3.5,0.10
51057,2023-08-01,4.1,0.37
51057,2023-09-01,3.9,0.50
51057,2023-10-01,3.9,0.63
51057,2023-11-01,4,0.60
51057,2023-12-01,3.9,0.60
51057,2024-01-01,4.7,0.87
51057,2024-02-01,4.6,1.07
51057,2024-03-01,4.1,1.13
51057,2024-04-01,3.6,0.77
51057,2024-05-01,4,0.57
51057,2024-06-01,3.8,0.47
51057,2024-07-01,4,0.50
51057,2024-08-01,4.2,0.30
51057,2024-09-01,4,0.27
51057,2024-10-01,3.8,0.20
51057,2024-11-01,4.1,0.17
51057,2024-12-01,3.7,0.07
51057,2025-01-01,4.5,0.30
51057,2025-02-01,4.6,0.47
51057,2025-03-01,4.2,0.63
51057,2025-04-01,3.6,0.33
51057,2025-05-01,3.9,0.10
51057,2025-06-01,4.2,0.10
51057,2025-07-01,4.2,0.23
51057,2025-08-01,4.2,0.33
51057,2025-09-01,4.2,0.33
51057,2025-10-01,4.4,0.40
51057,2025-11-01,4.6,0.53
51057,2025-12-01,4.2,0.53
51057,2026-01-01,4.7,0.60
51057,2026-02-01,4.5,0.57
51057,2026-03-01,4.3,0.60
51057,2026-04-01,3.8,0.30
51057,2026-05-01,4,0.13
51057,2026-06-01,4.2,0.10
51057,2026-07-01,4,0.07
51057,2026-08-01,4,0.07
51059,1990-01-01,1.6,NaN
51059,1990-02-01,1.6,NaN
51059,1990-03-01,1.5,NaN
51059,1990-04-01,1.6,NaN
51059,1990-05-01,1.8,NaN
51059,1990-06-01,2.1,NaN
51059,1990-07-01,1.9,NaN
51059,1990-08-01,2.3,NaN
51059,1990-09-01,2.4,NaN
51059,1990-10-01,2.2,NaN
51059,1990-11-01,2.3,NaN
51059,1990-12-01,2.2,NaN
51059,1991-01-01,2.6,NaN
51059,1991-02-01,2.9,NaN
51059,1991-03-01,2.8,1.20
51059,1991-04-01,2.8,1.27
51059,1991-05-01,3.1,1.27
51059,1991-06-01,3.4,1.27
51059,1991-07-01,3.3,1.33
51059,1991-08-01,3.4,1.27
51059,1991-09-01,3.4,1.17
51059,1991-10-01,3.3,1.13
51059,1991-11-01,3.1,1.03
51059,1991-12-01,3.1,0.93
51059,1992-01-01,3.6,0.90
51059,1992-02-01,3.8,0.93
51059,1992-03-01,3.7,0.93
51059,1992-04-01,3.3,0.77
51059,1992-05-01,3.7,0.67
51059,1992-06-01,3.9,0.53
51059,1992-07-01,3.7,0.60
51059,1992-08-01,3.8,0.63
51059,1992-09-01,3.8,0.60
51059,1992-10-01,3.4,0.50
51059,1992-11-01,3.3,0.33
51059,1992-12-01,3,0.07
51059,1993-01-01,3.5,0.03
51059,1993-02-01,3.5,0.10
51059,1993-03-01,3.3,0.20
51059,1993-04-01,3.2,0.10
51059,1993-05-01,3.4,0.07
51059,1993-06-01,3.7,0.20
51059,1993-07-01,3.4,0.27
51059,1993-08-01,3.5,0.30
51059,1993-09-01,3.4,0.20
51059,1993-10-01,3.3,0.17
51059,1993-11-01,3,0.00
51059,1993-12-01,2.8,0.00
51059,1994-01-01,3.3,0.00
51059,1994-02-01,3.3,0.10
51059,1994-03-01,3.2,0.23
51059,1994-04-01,3,0.13
51059,1994-05-01,3,0.03
51059,1994-06-01,3.2,0.03
51059,1994-07-01,2.9,0.00
51059,1994-08-01,3,0.00
51059,1994-09-01,3,0.00
51059,1994-10-01,2.8,0.00
51059,1994-11-01,2.7,0.00
51059,1994-12-01,2.5,0.00
51059,1995-01-01,3,0.07
51059,1995-02-01,2.8,0.10
51059,1995-03-01,2.7,0.17
51059,1995-04-01,2.7,0.07
51059,1995-05-01,2.8,0.07
51059,1995-06-01,3.1,0.20
51059,1995-07-01,2.8,0.23
51059,1995-08-01,2.8,0.23
51059,1995-09-01,2.9,0.17
51059,1995-10-01,2.8,0.17
51059,1995-11-01,2.6,0.10
51059,1995-12-01,2.4,0.00
51059,1996-01-01,2.5,0.00
51059,1996-02-01,2.6,0.00
51059,1996-03-01,2.6,0.07
51059,1996-04-01,2.5,0.07
51059,1996-05-01,2.8,0.13
51059,1996-06-01,2.9,0.23
51059,1996-07-01,2.6,0.27
51059,1996-08-01,2.7,0.23
51059,1996-09-01,2.7,0.17
51059,1996-10-01,2.5,0.13
51059,1996-11-01,2.4,0.03
51059,1996-12-01,2.2,0.00
51059,1997-01-01,2.5,0.00
51059,1997-02-01,2.5,0.03
51059,1997-03-01,2.3,0.07
51059,1997-04-01,2.1,0.00
51059,1997-05-01,2.2,0.00
51059,1997-06-01,2.2,0.00
51059,1997-07-01,2,0.00
51059,1997-08-01,2.1,0.00
51059,1997-09-01,2,0.00
51059,1997-10-01,1.7,0.00
51059,1997-11-01,1.6,0.00
51059,1997-12-01,1.5,0.00
51059,1998-01-01,1.7,0.00
51059,1998-02-01,1.6,0.00
51059,1998-03-01,1.6,0.03
51059,1998-04-01,1.2,0.00
51059,1998-05-01,1.4,0.00
51059,1998-06-01,1.7,0.03
51059,1998-07-01,1.6,0.17
51059,1998-08-01,1.7,0.27
51059,1998-09-01,1.7,0.27
51059,1998-10-01,1.6,0.27
51059,1998-11-01,1.5,0.20
51059,1998-12-01,1.3,0.07
51059,1999-01-01,1.6,0.07
51059,1999-02-01,1.6,0.10
51059,1999-03-01,1.4,0.13
51059,1999-04-01,1.4,0.07
51059,1999-05-01,1.4,0.00
51059,1999-06-01,1.6,0.07
51059,1999-07-01,1.6,0.13
51059,1999-08-01,1.7,0.23
51059,1999-09-01,1.6,0.23
51059,1999-10-01,1.5,0.20
51059,1999-11-01,1.4,0.10
51059,1999-12-01,1.2,0.00
51059,2000-01-01,1.9,0.13
51059,2000-02-01,2,0.33
51059,2000-03-01,1.8,0.53
51059,2000-04-01,1.4,0.37
51059,2000-05-01,1.7,0.27
51059,2000-06-01,1.9,0.30
51059,2000-07-01,1.6,0.37
51059,2000-08-01,1.7,0.37
51059,2000-09-01,1.6,0.27
51059,2000-10-01,1.4,0.20
51059,2000-11-01,1.3,0.07
51059,2000-12-01,1.3,0.00
51059,2001-01-01,1.7,0.10
51059,2001-02-01,1.9,0.30
51059,2001-03-01,1.9,0.50
51059,2001-04-01,1.9,0.57
51059,2001-05-01,2.2,0.67
51059,2001-06-01,2.6,0.90
51059,2001-07-01,2.4,1.07
51059,2001-08-01,2.9,1.30
51059,2001-09-01,2.8,1.37
51059,2001-10-01,3.2,1.63
51059,2001-11-01,3.3,1.77
51059,2001-12-01,3.2,1.90
51059,2002-01-01,3.6,1.93
51059,2002-02-01,3.6,1.83
51059,2002-03-01,3.5,1.73
51059,2002-04-01,3.4,1.60
51059,2002-05-01,3.5,1.47
51059,2002-06-01,3.6,1.27
51059,2002-07-01,3.4,1.10
51059,2002-08-01,3.5,0.87
51059,2002-09-01,3.2,0.67
51059,2002-10-01,3,0.27
51059,2002-11-01,3.1,0.00
51059,2002-12-01,2.9,0.00
51059,2003-01-01,3.4,0.13
51059,2003-02-01,3.4,0.23
51059,2003-03-01,3.2,0.33
51059,2003-04-01,3,0.20
51059,2003-05-01,3.1,0.10
51059,2003-06-01,3.5,0.20
51059,2003-07-01,3.1,0.23
51059,2003-08-01,3.2,0.27
51059,2003-09-01,3,0.10
51059,2003-10-01,2.8,0.00
51059,2003-11-01,2.9,0.00
51059,2003-12-01,2.6,0.00
51059,2004-01-01,3,0.07
51059,2004-02-01,3,0.10
51059,2004-03-01,2.9,0.20
51059,2004-04-01,2.6,0.07
51059,2004-05-01,2.7,0.00
51059,2004-06-01,3,0.03
51059,2004-07-01,2.7,0.07
51059,2004-08-01,2.8,0.10
51059,2004-09-01,2.5,0.00
51059,2004-10-01,2.4,0.00
51059,2004-11-01,2.5,0.00
51059,2004-12-01,2.4,0.00
51059,2005-01-01,2.8,0.13
51059,2005-02-01,2.7,0.20
51059,2005-03-01,2.6,0.27
51059,2005-04-01,2.5,0.17
51059,2005-05-01,2.6,0.13
51059,2005-06-01,2.8,0.20
51059,2005-07-01,2.5,0.20
51059,2005-08-01,2.6,0.20
51059,2005-09-01,2.5,0.10
51059,2005-10-01,2.3,0.03
51059,2005-11-01,2.3,0.00
51059,2005-12-01,2.1,0.00
51059,2006-01-01,2.3,0.00
51059,2006-02-01,2.3,0.00
51059,2006-03-01,2.2,0.03
51059,2006-04-01,2.1,0.00
51059,2006-05-01,2.2,0.00
51059,2006-06-01,2.5,0.10
51059,2006-07-01,2.4,0.20
51059,2006-08-01,2.4,0.27
51059,2006-09-01,2.2,0.17
51059,2006-10-01,2,0.03
51059,2006-11-01,2.1,0.00
51059,2006-12-01,1.9,0.00
51059,2007-01-01,2.3,0.10
51059,2007-02-01,2.2,0.13
51059,2007-03-01,2.1,0.20
51059,2007-04-01,2,0.10
51059,2007-05-01,2.1,0.07
51059,2007-06-01,2.4,0.17
51059,2007-07-01,2.3,0.27
51059,2007-08-01,2.3,0.33
51059,2007-09-01,2.2,0.27
51059,2007-10-01,2.2,0.23
51059,2007-11-01,2.2,0.20
51059,2007-12-01,2.3,0.23
51059,2008-01-01,2.7,0.33
51059,2008-02-01,2.5,0.43
51059,2008-03-01,2.6,0.53
51059,2008-04-01,2.4,0.43
51059,2008-05-01,2.8,0.53
51059,2008-06-01,3,0.57
51059,2008-07-01,3.1,0.77
51059,2008-08-01,3.2,0.90
51059,2008-09-01,3,0.90
51059,2008-10-01,3.1,0.90
51059,2008-11-01,3.2,0.90
51059,2008-12-01,3.4,1.00
51059,2009-01-01,4.3,1.23
51059,2009-02-01,4.6,1.60
51059,2009-03-01,4.7,2.03
51059,2009-04-01,4.6,2.13
51059,2009-05-01,4.9,2.13
51059,2009-06-01,5.2,2.17
51059,2009-07-01,5,2.07
51059,2009-08-01,5,1.97
51059,2009-09-01,5,1.90
51059,2009-10-01,4.9,1.87
51059,2009-11-01,4.7,1.77
51059,2009-12-01,4.8,1.57
51059,2010-01-01,5.5,1.37
51059,2010-02-01,5.4,1.13
51059,2010-03-01,5.3,0.87
51059,2010-04-01,4.7,0.50
51059,2010-05-01,4.9,0.23
51059,2010-06-01,4.9,0.03
51059,2010-07-01,4.8,0.07
51059,2010-08-01,4.8,0.03
51059,2010-09-01,4.6,0.00
51059,2010-10-01,4.5,0.00
51059,2010-11-01,4.5,0.00
51059,2010-12-01,4.3,0.00
51059,2011-01-01,4.8,0.10
51059,2011-02-01,4.7,0.17
51059,2011-03-01,4.6,0.27
51059,2011-04-01,4.2,0.07
51059,2011-05-01,4.4,0.00
51059,2011-06-01,4.8,0.07
51059,2011-07-01,4.6,0.20
51059,2011-08-01,4.7,0.30
51059,2011-09-01,4.7,0.27
51059,2011-10-01,4.4,0.20
51059,2011-11-01,4.2,0.03
51059,2011-12-01,4.3,0.00
51059,2012-01-01,4.6,0.07
51059,2012-02-01,4.7,0.23
51059,2012-03-01,4.5,0.30
51059,2012-04-01,4,0.10
51059,2012-05-01,4.3,0.00
51059,2012-06-01,4.6,0.03
51059,2012-07-01,4.5,0.20
51059,2012-08-01,4.4,0.23
51059,2012-09-01,4.2,0.10
51059,2012-10-01,4.1,0.00
51059,2012-11-01,3.9,0.00
51059,2012-12-01,4,0.00
51059,2013-01-01,4.5,0.13
51059,2013-02-01,4.4,0.30
51059,2013-03-01,4.1,0.33
51059,2013-04-01,3.9,0.13
51059,2013-05-01,4.3,0.10
51059,2013-06-01,4.6,0.27
51059,2013-07-01,4.5,0.47
51059,2013-08-01,4.4,0.50
51059,2013-09-01,4.3,0.40
51059,2013-10-01,4.5,0.40
51059,2013-11-01,4,0.27
51059,2013-12-01,3.9,0.13
51059,2014-01-01,4.3,0.00
51059,2014-02-01,4.3,0.10
51059,2014-03-01,4.3,0.23
51059,2014-04-01,3.7,0.03
51059,2014-05-01,4.2,0.00
51059,2014-06-01,4.2,0.00
51059,2014-07-01,4.3,0.20
51059,2014-08-01,4.3,0.23
51059,2014-09-01,4,0.17
51059,2014-10-01,3.8,0.00
51059,2014-11-01,3.7,0.00
51059,2014-12-01,3.5,0.00
51059,2015-01-01,3.9,0.03
51059,2015-02-01,3.9,0.10
51059,2015-03-01,3.7,0.17
51059,2015-04-01,3.3,0.00
51059,2015-05-01,3.7,0.00
51059,2015-06-01,3.7,0.00
51059,2015-07-01,3.5,0.07
51059,2015-08-01,3.5,0.00
51059,2015-09-01,3.4,0.00
51059,2015-10-01,3.3,0.00
51059,2015-11-01,3.2,0.00
51059,2015-12-01,3,0.00
51059,2016-01-01,3.3,0.00
51059,2016-02-01,3.2,0.00
51059,2016-03-01,3.2,0.07
51059,2016-04-01,2.8,0.00
51059,2016-05-01,3.1,0.00
51059,2016-06-01,3.3,0.03
51059,2016-07-01,3.3,0.20
51059,2016-08-01,3.4,0.30
51059,2016-09-01,3.4,0.33
51059,2016-10-01,3.3,0.33
51059,2016-11-01,3.1,0.23
51059,2016-12-01,2.9,0.07
51059,2017-01-01,3.3,0.07
51059,2017-02-01,3.2,0.10
51059,2017-03-01,3.1,0.17
51059,2017-04-01,2.8,0.00
51059,2017-05-01,3,0.00
51059,2017-06-01,3.1,0.00
51059,2017-07-01,3.1,0.10
51059,2017-08-01,3.1,0.13
51059,2017-09-01,2.9,0.07
51059,2017-10-01,2.8,0.00
51059,2017-11-01,2.7,0.00
51059,2017-12-01,2.5,0.00
51059,2018-01-01,2.8,0.00
51059,2018-02-01,2.6,0.00
51059,2018-03-01,2.6,0.03
51059,2018-04-01,2.2,0.00
51059,2018-05-01,2.4,0.00
51059,2018-06-01,2.6,0.00
51059,2018-07-01,2.5,0.10
51059,2018-08-01,2.5,0.13
51059,2018-09-01,2.3,0.03
51059,2018-10-01,2.3,0.00
51059,2018-11-01,2.2,0.00
51059,2018-12-01,2.1,0.00
51059,2019-01-01,2.8,0.17
51059,2019-02-01,2.4,0.23
51059,2019-03-01,2.4,0.33
51059,2019-04-01,2,0.07
51059,2019-05-01,2.3,0.03
51059,2019-06-01,2.3,0.00
51059,2019-07-01,2.4,0.13
51059,2019-08-01,2.4,0.17
51059,2019-09-01,2.2,0.13
51059,2019-10-01,2.1,0.03
51059,2019-11-01,2.1,0.00
51059,2019-12-01,1.8,0.00
51059,2020-01-01,2.3,0.07
51059,2020-02-01,2,0.03
51059,2020-03-01,2.5,0.27
51059,2020-04-01,10.3,2.93
51059,2020-05-01,9.3,5.37
51059,2020-06-01,9.8,7.80
51059,2020-07-01,8.7,7.27
51059,2020-08-01,7.3,6.60
51059,2020-09-01,6,5.33
51059,2020-10-01,5.3,4.20
51059,2020-11-01,5,3.43
51059,2020-12-01,4.3,2.87
51059,2021-01-01,4.4,2.53
51059,2021-02-01,4.2,2.27
51059,2021-03-01,4.1,1.97
51059,2021-04-01,3.7,0.00
51059,2021-05-01,3.8,0.00
51059,2021-06-01,4.2,0.03
51059,2021-07-01,3.9,0.10
51059,2021-08-01,3.6,0.03
51059,2021-09-01,2.9,0.00
51059,2021-10-01,2.5,0.00
51059,2021-11-01,1.8,0.00
51059,2021-12-01,2.2,0.00
51059,2022-01-01,2.3,0.00
51059,2022-02-01,2.2,0.13
51059,2022-03-01,2.2,0.13
51059,2022-04-01,2,0.03
51059,2022-05-01,2.4,0.10
51059,2022-06-01,2.5,0.20
51059,2022-07-01,2.5,0.37
51059,2022-08-01,2.7,0.47
51059,2022-09-01,2.3,0.40
51059,2022-10-01,2.3,0.33
51059,2022-11-01,2.3,0.20
51059,2022-12-01,2,0.10
51059,2023-01-01,2.4,0.13
51059,2023-02-01,2.3,0.10
51059,2023-03-01,2.3,0.20
51059,2023-04-01,2,0.07
51059,2023-05-01,2.3,0.00
51059,2023-06-01,2.5,0.07
51059,2023-07-01,2.3,0.17
51059,2023-08-01,2.6,0.27
51059,2023-09-01,2.4,0.23
51059,2023-10-01,2.4,0.27
51059,2023-11-01,2.3,0.17
51059,2023-12-01,2,0.03
51059,2024-01-01,2.4,0.03
51059,2024-02-01,2.5,0.10
51059,2024-03-01,2.3,0.20
51059,2024-04-01,2.2,0.13
51059,2024-05-01,2.5,0.13
51059,2024-06-01,2.7,0.23
51059,2024-07-01,2.8,0.43
51059,2024-08-01,2.9,0.57
51059,2024-09-01,2.6,0.53
51059,2024-10-01,2.6,0.47
51059,2024-11-01,2.7,0.40
51059,2024-12-01,2.4,0.33
51059,2025-01-01,2.8,0.40
51059,2025-02-01,2.9,0.40
51059,2025-03-01,3,0.57
51059,2025-04-01,2.8,0.57
51059,2025-05-01,3,0.60
51059,2025-06-01,3.2,0.53
51059,2025-07-01,3.3,0.60
51059,2025-08-01,3.4,0.73
51059,2025-09-01,3.3,0.77
51059,2025-10-01,3.55,0.85
51059,2025-11-01,3.8,0.98
51059,2025-12-01,3.4,1.02
51059,2026-01-01,3.7,1.00
51059,2026-02-01,3.8,0.93
51059,2026-03-01,3.6,0.80
51059,2026-04-01,3.2,0.63
51059,2026-05-01,3.4,0.47
51059,2026-06-01,3.6,0.40
51059,2026-07-01,3.4,0.30
51059,2026-08-01,3.3,0.13
51061,1990-01-01,2.4,NaN
51061,1990-02-01,2.1,NaN
51061,1990-03-01,1.9,NaN
51061,1990-04-01,2.1,NaN
51061,1990-05-01,2.2,NaN
51061,1990-06-01,2.3,NaN
51061,1990-07-01,2.3,NaN
51061,1990-08-01,2.7,NaN
51061,1990-09-01,3.1,NaN
51061,1990-10-01,2.7,NaN
51061,1990-11-01,3.2,NaN
51061,1990-12-01,3.6,NaN
51061,1991-01-01,4.9,NaN
51061,1991-02-01,5.7,NaN
51061,1991-03-01,5.5,3.33
51061,1991-04-01,4.9,3.33
51061,1991-05-01,4.9,3.03
51061,1991-06-01,4.7,2.63
51061,1991-07-01,4.1,2.30
51061,1991-08-01,4.1,1.87
51061,1991-09-01,4.3,1.47
51061,1991-10-01,4.2,1.37
51061,1991-11-01,4.3,1.27
51061,1991-12-01,4.8,1.27
51061,1992-01-01,6.2,1.20
51061,1992-02-01,6.5,1.67
51061,1992-03-01,6.1,2.10
51061,1992-04-01,5.3,1.80
51061,1992-05-01,5.3,1.40
51061,1992-06-01,4.8,0.97
51061,1992-07-01,4.2,0.60
51061,1992-08-01,4.2,0.23
51061,1992-09-01,4,0.00
51061,1992-10-01,4,0.00
51061,1992-11-01,3.9,0.00
51061,1992-12-01,3.8,0.00
51061,1993-01-01,4.3,0.10
51061,1993-02-01,4.1,0.17
51061,1993-03-01,3.6,0.10
51061,1993-04-01,3.6,0.00
51061,1993-05-01,3.4,0.00
51061,1993-06-01,3.6,0.00
51061,1993-07-01,3.3,0.00
51061,1993-08-01,3.3,0.00
51061,1993-09-01,2.7,0.00
51061,1993-10-01,2.8,0.00
51061,1993-11-01,2.6,0.00
51061,1993-12-01,2.5,0.00
51061,1994-01-01,3,0.07
51061,1994-02-01,3.5,0.37
51061,1994-03-01,3.2,0.60
51061,1994-04-01,2.7,0.50
51061,1994-05-01,3.5,0.50
51061,1994-06-01,4,0.77
51061,1994-07-01,3.5,1.03
51061,1994-08-01,3.4,1.00
51061,1994-09-01,3.1,0.70
51061,1994-10-01,2.8,0.47
51061,1994-11-01,2.7,0.23
51061,1994-12-01,2.5,0.03
51061,1995-01-01,3.6,0.27
51061,1995-02-01,3.8,0.63
51061,1995-03-01,3.4,0.93
51061,1995-04-01,3.5,0.90
51061,1995-05-01,3.3,0.73
51061,1995-06-01,3.2,0.67
51061,1995-07-01,3.1,0.53
51061,1995-08-01,3,0.43
51061,1995-09-01,2.9,0.33
51061,1995-10-01,2.8,0.23
51061,1995-11-01,2.8,0.17
51061,1995-12-01,2.7,0.10
51061,1996-01-01,3.5,0.23
51061,1996-02-01,4,0.63
51061,1996-03-01,3.3,0.83
51061,1996-04-01,2.7,0.57
51061,1996-05-01,3,0.23
51061,1996-06-01,3,0.13
51061,1996-07-01,2.6,0.10
51061,1996-08-01,2.4,0.00
51061,1996-09-01,2.2,0.00
51061,1996-10-01,2.2,0.00
51061,1996-11-01,2.4,0.00
51061,1996-12-01,2.1,0.00
51061,1997-01-01,3.1,0.30
51061,1997-02-01,3,0.50
51061,1997-03-01,2.8,0.73
51061,1997-04-01,2.1,0.40
51061,1997-05-01,2.1,0.10
51061,1997-06-01,2.2,0.00
51061,1997-07-01,1.9,0.00
51061,1997-08-01,2.2,0.03
51061,1997-09-01,1.9,0.00
51061,1997-10-01,1.9,0.00
51061,1997-11-01,1.8,0.00
51061,1997-12-01,1.8,0.00
51061,1998-01-01,2.3,0.13
51061,1998-02-01,2.1,0.23
51061,1998-03-01,2,0.30
51061,1998-04-01,1.3,0.00
51061,1998-05-01,1.7,0.00
51061,1998-06-01,1.9,0.00
51061,1998-07-01,1.6,0.10
51061,1998-08-01,1.7,0.10
51061,1998-09-01,1.8,0.07
51061,1998-10-01,1.7,0.10
51061,1998-11-01,1.4,0.00
51061,1998-12-01,1.1,0.00
51061,1999-01-01,1.5,0.00
51061,1999-02-01,1.7,0.10
51061,1999-03-01,1.5,0.23
51061,1999-04-01,1.4,0.20
51061,1999-05-01,1.4,0.10
51061,1999-06-01,1.8,0.20
51061,1999-07-01,1.5,0.23
51061,1999-08-01,1.6,0.30
51061,1999-09-01,1.3,0.13
51061,1999-10-01,1,0.00
51061,1999-11-01,1.2,0.00
51061,1999-12-01,1.1,0.00
51061,2000-01-01,1.8,0.27
51061,2000-02-01,1.9,0.50
51061,2000-03-01,1.8,0.73
51061,2000-04-01,1.3,0.57
51061,2000-05-01,1.6,0.47
51061,2000-06-01,1.8,0.47
51061,2000-07-01,1.5,0.53
51061,2000-08-01,1.6,0.53
51061,2000-09-01,1.4,0.40
51061,2000-10-01,1.3,0.33
51061,2000-11-01,1.3,0.23
51061,2000-12-01,1.3,0.20
51061,2001-01-01,1.8,0.17
51061,2001-02-01,1.9,0.37
51061,2001-03-01,1.9,0.57
51061,2001-04-01,1.6,0.50
51061,2001-05-01,1.9,0.50
51061,2001-06-01,2.1,0.57
51061,2001-07-01,1.8,0.63
51061,2001-08-01,2.3,0.77
51061,2001-09-01,2.2,0.80
51061,2001-10-01,2.4,1.00
51061,2001-11-01,2.8,1.17
51061,2001-12-01,2.7,1.33
51061,2002-01-01,3.2,1.43
51061,2002-02-01,3.4,1.43
51061,2002-03-01,3.2,1.47
51061,2002-04-01,3.1,1.43
51061,2002-05-01,3.2,1.37
51061,2002-06-01,3.4,1.37
51061,2002-07-01,3.1,1.30
51061,2002-08-01,3.2,1.17
51061,2002-09-01,2.9,0.97
51061,2002-10-01,2.7,0.63
51061,2002-11-01,2.9,0.37
51061,2002-12-01,2.7,0.13
51061,2003-01-01,3.4,0.23
51061,2003-02-01,3.5,0.43
51061,2003-03-01,3.6,0.73
51061,2003-04-01,3.1,0.63
51061,2003-05-01,3.1,0.50
51061,2003-06-01,3.6,0.50
51061,2003-07-01,3.1,0.50
51061,2003-08-01,3.2,0.53
51061,2003-09-01,2.8,0.27
51061,2003-10-01,2.6,0.10
51061,2003-11-01,2.8,0.00
51061,2003-12-01,2.6,0.00
51061,2004-01-01,3.3,0.23
51061,2004-02-01,3,0.30
51061,2004-03-01,2.9,0.40
51061,2004-04-01,2.6,0.17
51061,2004-05-01,2.7,0.07
51061,2004-06-01,3.1,0.13
51061,2004-07-01,2.7,0.17
51061,2004-08-01,2.8,0.20
51061,2004-09-01,2.6,0.03
51061,2004-10-01,2.5,0.00
51061,2004-11-01,2.6,0.00
51061,2004-12-01,2.5,0.00
51061,2005-01-01,2.9,0.13
51061,2005-02-01,2.9,0.23
51061,2005-03-01,2.7,0.30
51061,2005-04-01,2.6,0.20
51061,2005-05-01,2.7,0.13
51061,2005-06-01,2.9,0.20
51061,2005-07-01,2.6,0.20
51061,2005-08-01,2.7,0.20
51061,2005-09-01,2.5,0.07
51061,2005-10-01,2.3,0.00
51061,2005-11-01,2.4,0.00
51061,2005-12-01,2.2,0.00
51061,2006-01-01,2.6,0.10
51061,2006-02-01,2.6,0.17
51061,2006-03-01,2.4,0.23
51061,2006-04-01,2.3,0.13
51061,2006-05-01,2.3,0.03
51061,2006-06-01,2.7,0.13
51061,2006-07-01,2.6,0.23
51061,2006-08-01,2.6,0.33
51061,2006-09-01,2.4,0.23
51061,2006-10-01,2.2,0.10
51061,2006-11-01,2.4,0.03
51061,2006-12-01,2.2,0.00
51061,2007-01-01,2.6,0.13
51061,2007-02-01,2.7,0.23
51061,2007-03-01,2.6,0.37
51061,2007-04-01,2.4,0.30
51061,2007-05-01,2.4,0.20
51061,2007-06-01,2.6,0.20
51061,2007-07-01,2.5,0.23
51061,2007-08-01,2.6,0.30
51061,2007-09-01,2.5,0.27
51061,2007-10-01,2.5,0.27
51061,2007-11-01,2.5,0.23
51061,2007-12-01,2.7,0.30
51061,2008-01-01,3.2,0.40
51061,2008-02-01,3.2,0.57
51061,2008-03-01,3.1,0.70
51061,2008-04-01,2.7,0.53
51061,2008-05-01,3.1,0.50
51061,2008-06-01,3.4,0.60
51061,2008-07-01,3.4,0.80
51061,2008-08-01,3.6,0.97
51061,2008-09-01,3.4,0.97
51061,2008-10-01,3.6,1.03
51061,2008-11-01,4,1.17
51061,2008-12-01,4.5,1.47
51061,2009-01-01,5.5,1.87
51061,2009-02-01,5.6,2.23
51061,2009-03-01,5.6,2.60
51061,2009-04-01,5.3,2.53
51061,2009-05-01,5.4,2.47
51061,2009-06-01,5.7,2.40
51061,2009-07-01,5.6,2.27
51061,2009-08-01,5.4,2.10
51061,2009-09-01,5.5,2.03
51061,2009-10-01,5.6,1.97
51061,2009-11-01,5.6,1.90
51061,2009-12-01,5.8,1.63
51061,2010-01-01,6.7,1.37
51061,2010-02-01,6.8,1.23
51061,2010-03-01,6.5,1.23
51061,2010-04-01,5.7,0.90
51061,2010-05-01,5.8,0.57
51061,2010-06-01,5.8,0.30
51061,2010-07-01,5.7,0.27
51061,2010-08-01,5.8,0.27
51061,2010-09-01,5.6,0.20
51061,2010-10-01,5.5,0.13
51061,2010-11-01,5.5,0.00
51061,2010-12-01,5.3,0.00
51061,2011-01-01,5.8,0.10
51061,2011-02-01,5.7,0.17
51061,2011-03-01,5.4,0.20
51061,2011-04-01,4.9,0.00
51061,2011-05-01,5,0.00
51061,2011-06-01,5.4,0.00
51061,2011-07-01,5.3,0.13
51061,2011-08-01,5.4,0.27
51061,2011-09-01,5.4,0.27
51061,2011-10-01,5.1,0.20
51061,2011-11-01,4.9,0.03
51061,2011-12-01,4.8,0.00
51061,2012-01-01,5.3,0.07
51061,2012-02-01,5.4,0.23
51061,2012-03-01,5.1,0.33
51061,2012-04-01,4.6,0.10
51061,2012-05-01,4.8,0.00
51061,2012-06-01,5.1,0.00
51061,2012-07-01,5.1,0.17
51061,2012-08-01,5,0.23
51061,2012-09-01,4.8,0.13
51061,2012-10-01,4.7,0.00
51061,2012-11-01,4.6,0.00
51061,2012-12-01,4.7,0.00
51061,2013-01-01,5.2,0.17
51061,2013-02-01,5.1,0.33
51061,2013-03-01,4.8,0.37
51061,2013-04-01,4.4,0.10
51061,2013-05-01,4.7,0.00
51061,2013-06-01,5,0.07
51061,2013-07-01,4.8,0.20
51061,2013-08-01,4.7,0.20
51061,2013-09-01,4.8,0.13
51061,2013-10-01,4.9,0.17
51061,2013-11-01,4.5,0.10
51061,2013-12-01,4.4,0.00
51061,2014-01-01,4.9,0.00
51061,2014-02-01,5,0.17
51061,2014-03-01,4.9,0.33
51061,2014-04-01,4,0.03
51061,2014-05-01,4.5,0.00
51061,2014-06-01,4.6,0.00
51061,2014-07-01,4.6,0.20
51061,2014-08-01,4.6,0.23
51061,2014-09-01,4.3,0.13
51061,2014-10-01,4.2,0.00
51061,2014-11-01,4,0.00
51061,2014-12-01,3.8,0.00
51061,2015-01-01,4.6,0.13
51061,2015-02-01,4.4,0.27
51061,2015-03-01,4.2,0.40
51061,2015-04-01,3.7,0.10
51061,2015-05-01,4,0.00
51061,2015-06-01,4,0.00
51061,2015-07-01,3.8,0.03
51061,2015-08-01,3.8,0.00
51061,2015-09-01,3.6,0.00
51061,2015-10-01,3.6,0.00
51061,2015-11-01,3.4,0.00
51061,2015-12-01,3.3,0.00
51061,2016-01-01,3.6,0.00
51061,2016-02-01,3.5,0.03
51061,2016-03-01,3.4,0.07
51061,2016-04-01,2.9,0.00
51061,2016-05-01,3.1,0.00
51061,2016-06-01,3.4,0.00
51061,2016-07-01,3.3,0.13
51061,2016-08-01,3.4,0.23
51061,2016-09-01,3.4,0.23
51061,2016-10-01,3.4,0.27
51061,2016-11-01,3.1,0.17
51061,2016-12-01,3,0.03
51061,2017-01-01,3.6,0.10
51061,2017-02-01,3.4,0.20
51061,2017-03-01,3.2,0.27
51061,2017-04-01,2.8,0.00
51061,2017-05-01,3,0.00
51061,2017-06-01,3.2,0.00
51061,2017-07-01,3.2,0.13
51061,2017-08-01,3.2,0.20
51061,2017-09-01,3,0.13
51061,2017-10-01,2.7,0.00
51061,2017-11-01,2.8,0.00
51061,2017-12-01,2.5,0.00
51061,2018-01-01,2.9,0.07
51061,2018-02-01,2.7,0.03
51061,2018-03-01,2.6,0.07
51061,2018-04-01,2.2,0.00
51061,2018-05-01,2.3,0.00
51061,2018-06-01,2.6,0.00
51061,2018-07-01,2.5,0.10
51061,2018-08-01,2.5,0.17
51061,2018-09-01,2.4,0.10
51061,2018-10-01,2.3,0.03
51061,2018-11-01,2.3,0.00
51061,2018-12-01,2.2,0.00
51061,2019-01-01,2.8,0.17
51061,2019-02-01,2.6,0.27
51061,2019-03-01,2.5,0.37
51061,2019-04-01,2,0.10
51061,2019-05-01,2.3,0.00
51061,2019-06-01,2.4,0.00
51061,2019-07-01,2.4,0.13
51061,2019-08-01,2.3,0.13
51061,2019-09-01,2.1,0.03
51061,2019-10-01,2,0.00
51061,2019-11-01,2,0.00
51061,2019-12-01,1.8,0.00
51061,2020-01-01,2.3,0.10
51061,2020-02-01,2.1,0.13
51061,2020-03-01,2.5,0.37
51061,2020-04-01,8.5,2.43
51061,2020-05-01,7.2,4.13
51061,2020-06-01,7.2,5.70
51061,2020-07-01,6.2,4.93
51061,2020-08-01,5,4.20
51061,2020-09-01,4.1,3.17
51061,2020-10-01,3.5,2.27
51061,2020-11-01,3.5,1.77
51061,2020-12-01,3.1,1.43
51061,2021-01-01,3.4,1.30
51061,2021-02-01,3.3,1.20
51061,2021-03-01,3.2,1.00
51061,2021-04-01,2.7,0.00
51061,2021-05-01,2.9,0.00
51061,2021-06-01,3.4,0.07
51061,2021-07-01,3,0.17
51061,2021-08-01,2.9,0.17
51061,2021-09-01,2.5,0.00
51061,2021-10-01,2.2,0.00
51061,2021-11-01,1.5,0.00
51061,2021-12-01,2.1,0.00
51061,2022-01-01,2.2,0.00
51061,2022-02-01,2.1,0.20
51061,2022-03-01,2.1,0.20
51061,2022-04-01,1.9,0.10
51061,2022-05-01,2.3,0.17
51061,2022-06-01,2.4,0.27
51061,2022-07-01,2.4,0.43
51061,2022-08-01,2.7,0.57
51061,2022-09-01,2.3,0.53
51061,2022-10-01,2.3,0.50
51061,2022-11-01,2.3,0.37
51061,2022-12-01,1.9,0.23
51061,2023-01-01,2.4,0.27
51061,2023-02-01,2.3,0.17
51061,2023-03-01,2.2,0.27
51061,2023-04-01,1.9,0.10
51061,2023-05-01,2.2,0.00
51061,2023-06-01,2.4,0.07
51061,2023-07-01,2.2,0.17
51061,2023-08-01,2.4,0.23
51061,2023-09-01,2.3,0.20
51061,2023-10-01,2.2,0.20
51061,2023-11-01,2.1,0.10
51061,2023-12-01,1.9,0.00
51061,2024-01-01,2.2,0.00
51061,2024-02-01,2.4,0.10
51061,2024-03-01,2.2,0.20
51061,2024-04-01,2,0.13
51061,2024-05-01,2.3,0.10
51061,2024-06-01,2.6,0.23
51061,2024-07-01,2.7,0.47
51061,2024-08-01,2.8,0.63
51061,2024-09-01,2.4,0.57
51061,2024-10-01,2.5,0.50
51061,2024-11-01,2.5,0.40
51061,2024-12-01,2.2,0.33
51061,2025-01-01,2.7,0.40
51061,2025-02-01,2.8,0.40
51061,2025-03-01,2.7,0.57
51061,2025-04-01,2.5,0.50
51061,2025-05-01,2.7,0.47
51061,2025-06-01,2.8,0.37
51061,2025-07-01,2.7,0.33
51061,2025-08-01,2.8,0.37
51061,2025-09-01,2.6,0.30
51061,2025-10-01,2.95,0.38
51061,2025-11-01,3.3,0.55
51061,2025-12-01,2.8,0.62
51061,2026-01-01,3,0.57
51061,2026-02-01,3.2,0.43
51061,2026-03-01,3.1,0.47
51061,2026-04-01,2.7,0.37
51061,2026-05-01,3,0.30
51061,2026-06-01,3.2,0.30
51061,2026-07-01,2.9,0.33
51061,2026-08-01,2.8,0.27
51063,1990-01-01,9.3,NaN
51063,1990-02-01,8.3,NaN
51063,1990-03-01,6.7,NaN
51063,1990-04-01,5,NaN
51063,1990-05-01,5.5,NaN
51063,1990-06-01,6.2,NaN
51063,1990-07-01,10.4,NaN
51063,1990-08-01,7.6,NaN
51063,1990-09-01,6.6,NaN
51063,1990-10-01,15.1,NaN
51063,1990-11-01,8,NaN
51063,1990-12-01,9,NaN
51063,1991-01-01,10.3,NaN
51063,1991-02-01,10.2,NaN
51063,1991-03-01,8.8,4.20
51063,1991-04-01,9.3,3.87
51063,1991-05-01,9.3,3.57
51063,1991-06-01,10.1,4.00
51063,1991-07-01,11.8,3.03
51063,1991-08-01,11.5,3.07
51063,1991-09-01,11.4,3.37
51063,1991-10-01,10.5,2.03
51063,1991-11-01,11.1,1.90
51063,1991-12-01,11.5,1.93
51063,1992-01-01,12.9,2.73
51063,1992-02-01,12.6,3.20
51063,1992-03-01,10.9,3.00
51063,1992-04-01,8.9,1.67
51063,1992-05-01,8,0.13
51063,1992-06-01,8.2,0.00
51063,1992-07-01,7.3,0.00
51063,1992-08-01,7.4,0.00
51063,1992-09-01,7,0.00
51063,1992-10-01,7.2,0.00
51063,1992-11-01,7.4,0.00
51063,1992-12-01,7.2,0.07
51063,1993-01-01,10.7,1.23
51063,1993-02-01,9.4,1.90
51063,1993-03-01,8.5,2.33
51063,1993-04-01,8.5,1.60
51063,1993-05-01,7.7,1.03
51063,1993-06-01,7.7,0.77
51063,1993-07-01,6.7,0.17
51063,1993-08-01,7.3,0.03
51063,1993-09-01,5.6,0.00
51063,1993-10-01,5.6,0.00
51063,1993-11-01,5.5,0.00
51063,1993-12-01,6.2,0.20
51063,1994-01-01,7.2,0.73
51063,1994-02-01,7,1.23
51063,1994-03-01,5.7,1.07
51063,1994-04-01,5.7,0.57
51063,1994-05-01,5.3,0.00
51063,1994-06-01,5.8,0.03
51063,1994-07-01,6.8,0.40
51063,1994-08-01,6.7,0.87
51063,1994-09-01,6.3,1.03
51063,1994-10-01,5.6,0.63
51063,1994-11-01,6.1,0.43
51063,1994-12-01,6.3,0.43
51063,1995-01-01,7.4,1.03
51063,1995-02-01,5.7,0.90
51063,1995-03-01,4.7,0.37
51063,1995-04-01,4.1,0.00
51063,1995-05-01,4.5,0.00
51063,1995-06-01,4.8,0.03
51063,1995-07-01,4.7,0.23
51063,1995-08-01,5.5,0.57
51063,1995-09-01,4.2,0.37
51063,1995-10-01,3.4,0.00
51063,1995-11-01,5.6,0.03
51063,1995-12-01,5,0.30
51063,1996-01-01,8.2,1.90
51063,1996-02-01,6.5,2.20
51063,1996-03-01,5.7,2.43
51063,1996-04-01,5.8,1.63
51063,1996-05-01,4,0.80
51063,1996-06-01,3.8,0.17
51063,1996-07-01,4.5,0.00
51063,1996-08-01,3.4,0.00
51063,1996-09-01,2.9,0.00
51063,1996-10-01,4.4,0.00
51063,1996-11-01,5.9,0.83
51063,1996-12-01,5,1.53
51063,1997-01-01,6.3,2.17
51063,1997-02-01,5.3,1.97
51063,1997-03-01,3.6,1.50
51063,1997-04-01,2.5,0.23
51063,1997-05-01,2.3,0.00
51063,1997-06-01,4.3,0.23
51063,1997-07-01,3.3,0.50
51063,1997-08-01,3.4,0.87
51063,1997-09-01,2.9,0.40
51063,1997-10-01,2.3,0.07
51063,1997-11-01,3,0.00
51063,1997-12-01,3.2,0.10
51063,1998-01-01,4.2,0.73
51063,1998-02-01,3.6,0.93
51063,1998-03-01,3.2,0.93
51063,1998-04-01,2,0.20
51063,1998-05-01,2,0.00
51063,1998-06-01,2,0.00
51063,1998-07-01,1.9,0.00
51063,1998-08-01,2.5,0.17
51063,1998-09-01,2.4,0.30
51063,1998-10-01,2.8,0.60
51063,1998-11-01,4.3,1.20
51063,1998-12-01,3.5,1.57
51063,1999-01-01,7.6,3.17
51063,1999-02-01,6.1,3.77
51063,1999-03-01,5.7,4.50
51063,1999-04-01,4.4,3.43
51063,1999-05-01,4.9,3.03
51063,1999-06-01,4.2,2.53
51063,1999-07-01,2.8,2.00
51063,1999-08-01,3.1,1.23
51063,1999-09-01,2.3,0.47
51063,1999-10-01,3,0.23
51063,1999-11-01,3.9,0.33
51063,1999-12-01,3.2,0.63
51063,2000-01-01,4.7,1.20
51063,2000-02-01,3.9,1.20
51063,2000-03-01,3.2,1.20
51063,2000-04-01,3,0.63
51063,2000-05-01,3.3,0.43
51063,2000-06-01,4.2,0.77
51063,2000-07-01,4.3,1.20
51063,2000-08-01,4.2,1.50
51063,2000-09-01,3.5,1.27
51063,2000-10-01,3.7,1.00
51063,2000-11-01,3.4,0.47
51063,2000-12-01,3.3,0.30
51063,2001-01-01,4.8,0.67
51063,2001-02-01,4.2,0.93
51063,2001-03-01,4.1,1.20
51063,2001-04-01,3.7,0.83
51063,2001-05-01,3.8,0.70
51063,2001-06-01,4.1,0.40
51063,2001-07-01,4.8,0.77
51063,2001-08-01,4.2,0.90
51063,2001-09-01,3.9,0.83
51063,2001-10-01,4.8,0.83
51063,2001-11-01,4.3,0.87
51063,2001-12-01,4.2,0.97
51063,2002-01-01,5.3,0.77
51063,2002-02-01,5.5,1.13
51063,2002-03-01,4.8,1.33
51063,2002-04-01,4.4,1.03
51063,2002-05-01,4.1,0.57
51063,2002-06-01,4.3,0.40
51063,2002-07-01,4,0.00
51063,2002-08-01,4.3,0.07
51063,2002-09-01,3.7,0.00
51063,2002-10-01,3.9,0.00
51063,2002-11-01,4.2,0.00
51063,2002-12-01,4.2,0.17
51063,2003-01-01,4.9,0.50
51063,2003-02-01,4.7,0.67
51063,2003-03-01,4.4,0.73
51063,2003-04-01,3.9,0.40
51063,2003-05-01,3.8,0.10
51063,2003-06-01,4.2,0.03
51063,2003-07-01,4.2,0.13
51063,2003-08-01,3.8,0.13
51063,2003-09-01,3.4,0.00
51063,2003-10-01,3.6,0.00
51063,2003-11-01,3.9,0.03
51063,2003-12-01,3.9,0.20
51063,2004-01-01,5,0.67
51063,2004-02-01,4.6,0.90
51063,2004-03-01,4.6,1.13
51063,2004-04-01,3.7,0.70
51063,2004-05-01,3.8,0.43
51063,2004-06-01,4.2,0.30
51063,2004-07-01,4,0.40
51063,2004-08-01,3.9,0.43
51063,2004-09-01,3.4,0.17
51063,2004-10-01,3.4,0.00
51063,2004-11-01,3.9,0.00
51063,2004-12-01,4.1,0.23
51063,2005-01-01,4.4,0.57
51063,2005-02-01,4.3,0.70
51063,2005-03-01,3.9,0.63
51063,2005-04-01,3.4,0.30
51063,2005-05-01,3.6,0.07
51063,2005-06-01,3.8,0.03
51063,2005-07-01,3.4,0.03
51063,2005-08-01,3.6,0.03
51063,2005-09-01,3.3,0.00
51063,2005-10-01,3,0.00
51063,2005-11-01,3.2,0.00
51063,2005-12-01,3.5,0.07
51063,2006-01-01,4,0.40
51063,2006-02-01,3.8,0.60
51063,2006-03-01,3.3,0.53
51063,2006-04-01,2.9,0.17
51063,2006-05-01,2.9,0.00
51063,2006-06-01,3.4,0.03
51063,2006-07-01,3.5,0.23
51063,2006-08-01,3.6,0.47
51063,2006-09-01,2.9,0.30
51063,2006-10-01,2.8,0.07
51063,2006-11-01,3.1,0.00
51063,2006-12-01,3,0.03
51063,2007-01-01,4,0.43
51063,2007-02-01,4.9,1.03
51063,2007-03-01,3.7,1.27
51063,2007-04-01,3.4,1.07
51063,2007-05-01,3.5,0.60
51063,2007-06-01,3.6,0.57
51063,2007-07-01,3.3,0.53
51063,2007-08-01,3.5,0.53
51063,2007-09-01,3.2,0.40
51063,2007-10-01,3.1,0.33
51063,2007-11-01,3.1,0.20
51063,2007-12-01,3.3,0.20
51063,2008-01-01,4.2,0.40
51063,2008-02-01,4,0.70
51063,2008-03-01,3.7,0.83
51063,2008-04-01,3.1,0.47
51063,2008-05-01,3.8,0.40
51063,2008-06-01,4.6,0.70
51063,2008-07-01,4.8,1.27
51063,2008-08-01,4.9,1.63
51063,2008-09-01,4.7,1.67
51063,2008-10-01,4.9,1.70
51063,2008-11-01,5.4,1.87
51063,2008-12-01,6.2,2.33
51063,2009-01-01,7.2,2.73
51063,2009-02-01,9.4,4.07
51063,2009-03-01,8.5,4.83
51063,2009-04-01,8,5.10
51063,2009-05-01,7.4,4.43
51063,2009-06-01,7.9,3.93
51063,2009-07-01,7.4,3.17
51063,2009-08-01,7.4,2.80
51063,2009-09-01,7.3,2.57
51063,2009-10-01,7.2,2.47
51063,2009-11-01,7.5,2.33
51063,2009-12-01,7.7,1.97
51063,2010-01-01,7.8,1.40
51063,2010-02-01,7.8,0.47
51063,2010-03-01,7.5,0.40
51063,2010-04-01,5.9,0.00
51063,2010-05-01,6.2,0.00
51063,2010-06-01,6.4,0.00
51063,2010-07-01,6.3,0.13
51063,2010-08-01,6.5,0.23
51063,2010-09-01,6.1,0.13
51063,2010-10-01,6.1,0.07
51063,2010-11-01,6.5,0.07
51063,2010-12-01,6.4,0.17
51063,2011-01-01,7.1,0.50
51063,2011-02-01,6.7,0.57
51063,2011-03-01,6.2,0.50
51063,2011-04-01,5.6,0.00
51063,2011-05-01,5.7,0.00
51063,2011-06-01,6,0.00
51063,2011-07-01,6.1,0.17
51063,2011-08-01,6.4,0.40
51063,2011-09-01,6.1,0.43
51063,2011-10-01,5.6,0.27
51063,2011-11-01,5.4,0.00
51063,2011-12-01,5.6,0.00
51063,2012-01-01,6.3,0.23
51063,2012-02-01,5.9,0.40
51063,2012-03-01,5.3,0.30
51063,2012-04-01,4.9,0.00
51063,2012-05-01,5.2,0.00
51063,2012-06-01,5.8,0.17
51063,2012-07-01,5.8,0.47
51063,2012-08-01,6.1,0.77
51063,2012-09-01,5.4,0.63
51063,2012-10-01,4.9,0.33
51063,2012-11-01,4.8,0.00
51063,2012-12-01,5.2,0.00
51063,2013-01-01,7.2,0.77
51063,2013-02-01,6.3,1.27
51063,2013-03-01,5.3,1.30
51063,2013-04-01,4.9,0.53
51063,2013-05-01,4.9,0.07
51063,2013-06-01,5.3,0.07
51063,2013-07-01,5.1,0.13
51063,2013-08-01,5.1,0.20
51063,2013-09-01,5.1,0.13
51063,2013-10-01,4.8,0.03
51063,2013-11-01,4.5,0.00
51063,2013-12-01,4.4,0.00
51063,2014-01-01,5.3,0.17
51063,2014-02-01,5.1,0.37
51063,2014-03-01,4.8,0.50
51063,2014-04-01,4.3,0.17
51063,2014-05-01,4.4,0.00
51063,2014-06-01,4.5,0.00
51063,2014-07-01,4.5,0.07
51063,2014-08-01,4.7,0.17
51063,2014-09-01,4.1,0.03
51063,2014-10-01,4,0.00
51063,2014-11-01,4.1,0.00
51063,2014-12-01,4.2,0.03
51063,2015-01-01,5,0.37
51063,2015-02-01,4.4,0.47
51063,2015-03-01,4.3,0.50
51063,2015-04-01,3.6,0.03
51063,2015-05-01,3.9,0.00
51063,2015-06-01,3.9,0.00
51063,2015-07-01,3.9,0.10
51063,2015-08-01,3.7,0.03
51063,2015-09-01,3.5,0.00
51063,2015-10-01,3.4,0.00
51063,2015-11-01,3.6,0.00
51063,2015-12-01,3.5,0.00
51063,2016-01-01,4.5,0.37
51063,2016-02-01,4.7,0.73
51063,2016-03-01,4.3,1.00
51063,2016-04-01,3.4,0.63
51063,2016-05-01,3.7,0.30
51063,2016-06-01,4.1,0.23
51063,2016-07-01,3.9,0.40
51063,2016-08-01,4.7,0.73
51063,2016-09-01,3.9,0.67
51063,2016-10-01,3.8,0.63
51063,2016-11-01,3.8,0.33
51063,2016-12-01,3.8,0.30
51063,2017-01-01,5.1,0.50
51063,2017-02-01,4.1,0.60
51063,2017-03-01,4.2,0.73
51063,2017-04-01,3.2,0.10
51063,2017-05-01,3.5,0.00
51063,2017-06-01,3.7,0.00
51063,2017-07-01,3.6,0.13
51063,2017-08-01,3.6,0.17
51063,2017-09-01,3.1,0.00
51063,2017-10-01,3,0.00
51063,2017-11-01,2.9,0.00
51063,2017-12-01,2.8,0.00
51063,2018-01-01,3.6,0.20
51063,2018-02-01,3.1,0.27
51063,2018-03-01,3,0.33
51063,2018-04-01,2.5,0.00
51063,2018-05-01,2.6,0.00
51063,2018-06-01,2.9,0.00
51063,2018-07-01,2.6,0.03
51063,2018-08-01,2.6,0.03
51063,2018-09-01,2.3,0.00
51063,2018-10-01,2.4,0.00
51063,2018-11-01,2.3,0.00
51063,2018-12-01,2.5,0.07
51063,2019-01-01,3.3,0.37
51063,2019-02-01,2.8,0.53
51063,2019-03-01,2.7,0.60
51063,2019-04-01,2,0.17
51063,2019-05-01,2.4,0.03
51063,2019-06-01,2.6,0.00
51063,2019-07-01,2.5,0.17
51063,2019-08-01,2.4,0.17
51063,2019-09-01,2.3,0.07
51063,2019-10-01,2.2,0.00
51063,2019-11-01,2.3,0.00
51063,2019-12-01,2.7,0.13
51063,2020-01-01,3.1,0.43
51063,2020-02-01,2.8,0.60
51063,2020-03-01,3.2,0.77
51063,2020-04-01,10.9,3.37
51063,2020-05-01,8.6,5.30
51063,2020-06-01,8.1,6.93
51063,2020-07-01,6.9,5.60
51063,2020-08-01,5.9,4.70
51063,2020-09-01,4.2,3.40
51063,2020-10-01,3.5,2.27
51063,2020-11-01,3.6,1.50
51063,2020-12-01,3.5,1.13
51063,2021-01-01,4.1,1.03
51063,2021-02-01,3.8,0.93
51063,2021-03-01,3.7,0.83
51063,2021-04-01,3.3,0.07
51063,2021-05-01,3.5,0.00
51063,2021-06-01,4,0.10
51063,2021-07-01,3.4,0.13
51063,2021-08-01,3.2,0.03
51063,2021-09-01,2.7,0.00
51063,2021-10-01,2.2,0.00
51063,2021-11-01,1.6,0.00
51063,2021-12-01,1.9,0.00
51063,2022-01-01,2.4,0.07
51063,2022-02-01,2.3,0.30
51063,2022-03-01,2.3,0.43
51063,2022-04-01,1.9,0.27
51063,2022-05-01,2.4,0.30
51063,2022-06-01,2.5,0.37
51063,2022-07-01,2.3,0.50
51063,2022-08-01,2.9,0.67
51063,2022-09-01,2.2,0.57
51063,2022-10-01,2.2,0.53
51063,2022-11-01,2.3,0.33
51063,2022-12-01,2.1,0.30
51063,2023-01-01,2.8,0.43
51063,2023-02-01,2.5,0.30
51063,2023-03-01,2.4,0.40
51063,2023-04-01,2,0.13
51063,2023-05-01,2.4,0.07
51063,2023-06-01,2.6,0.13
51063,2023-07-01,2.5,0.30
51063,2023-08-01,2.5,0.33
51063,2023-09-01,2.3,0.23
51063,2023-10-01,2.3,0.17
51063,2023-11-01,2.4,0.13
51063,2023-12-01,2.2,0.10
51063,2024-01-01,2.8,0.20
51063,2024-02-01,2.8,0.33
51063,2024-03-01,2.4,0.40
51063,2024-04-01,2.3,0.23
51063,2024-05-01,2.5,0.13
51063,2024-06-01,2.8,0.23
51063,2024-07-01,2.9,0.43
51063,2024-08-01,3.2,0.67
51063,2024-09-01,2.6,0.60
51063,2024-10-01,2.7,0.53
51063,2024-11-01,2.7,0.37
51063,2024-12-01,2.3,0.27
51063,2025-01-01,2.9,0.23
51063,2025-02-01,3,0.33
51063,2025-03-01,2.8,0.50
51063,2025-04-01,2.5,0.37
51063,2025-05-01,2.8,0.30
51063,2025-06-01,3.6,0.43
51063,2025-07-01,2.8,0.50
51063,2025-08-01,3.6,0.77
51063,2025-09-01,3.3,0.67
51063,2025-10-01,3.35,0.85
51063,2025-11-01,3.4,0.78
51063,2025-12-01,3,0.68
51063,2026-01-01,3.5,0.67
51063,2026-02-01,3.5,0.63
51063,2026-03-01,3.7,0.87
51063,2026-04-01,2.9,0.67
51063,2026-05-01,3.2,0.57
51063,2026-06-01,3.6,0.27
51063,2026-07-01,3.4,0.33
51063,2026-08-01,3.1,0.13
51065,1990-01-01,3.8,NaN
51065,1990-02-01,4.2,NaN
51065,1990-03-01,2.7,NaN
51065,1990-04-01,2,NaN
51065,1990-05-01,2.1,NaN
51065,1990-06-01,2.3,NaN
51065,1990-07-01,2,NaN
51065,1990-08-01,2.4,NaN
51065,1990-09-01,2.5,NaN
51065,1990-10-01,2.2,NaN
51065,1990-11-01,3.2,NaN
51065,1990-12-01,4.2,NaN
51065,1991-01-01,6,NaN
51065,1991-02-01,4.8,NaN
51065,1991-03-01,5,3.13
51065,1991-04-01,4.1,2.50
51065,1991-05-01,5.5,2.73
51065,1991-06-01,5.2,2.80
51065,1991-07-01,4.9,3.07
51065,1991-08-01,5.6,3.00
51065,1991-09-01,5.1,2.90
51065,1991-10-01,5,2.87
51065,1991-11-01,5.5,2.57
51065,1991-12-01,5.4,2.10
51065,1992-01-01,6.3,1.27
51065,1992-02-01,6.2,1.33
51065,1992-03-01,6.1,1.57
51065,1992-04-01,4.5,0.97
51065,1992-05-01,5.4,0.47
51065,1992-06-01,5.2,0.10
51065,1992-07-01,4.7,0.07
51065,1992-08-01,5.1,0.00
51065,1992-09-01,5.1,0.00
51065,1992-10-01,4.5,0.00
51065,1992-11-01,4.9,0.00
51065,1992-12-01,4.7,0.00
51065,1993-01-01,4.7,0.07
51065,1993-02-01,4.2,0.00
51065,1993-03-01,3.2,0.00
51065,1993-04-01,2.7,0.00
51065,1993-05-01,2.7,0.00
51065,1993-06-01,4.1,0.30
51065,1993-07-01,3.6,0.60
51065,1993-08-01,3.9,1.00
51065,1993-09-01,3.4,0.77
51065,1993-10-01,3.9,0.87
51065,1993-11-01,3.5,0.73
51065,1993-12-01,3.1,0.63
51065,1994-01-01,3.9,0.63
51065,1994-02-01,4.6,1.00
51065,1994-03-01,4.3,1.40
51065,1994-04-01,3.8,1.37
51065,1994-05-01,3.7,1.07
51065,1994-06-01,4.1,0.70
51065,1994-07-01,3.6,0.33
51065,1994-08-01,3.4,0.20
51065,1994-09-01,3.3,0.00
51065,1994-10-01,3.4,0.00
51065,1994-11-01,3.4,0.00
51065,1994-12-01,3.7,0.13
51065,1995-01-01,3.8,0.27
51065,1995-02-01,3.2,0.20
51065,1995-03-01,2.8,0.00
51065,1995-04-01,2.8,0.00
51065,1995-05-01,3.1,0.00
51065,1995-06-01,3.3,0.17
51065,1995-07-01,3.3,0.33
51065,1995-08-01,3.6,0.50
51065,1995-09-01,2.6,0.27
51065,1995-10-01,2.6,0.03
51065,1995-11-01,2.3,0.00
51065,1995-12-01,1.9,0.00
51065,1996-01-01,3.9,0.43
51065,1996-02-01,2.7,0.57
51065,1996-03-01,2.5,0.77
51065,1996-04-01,2.7,0.37
51065,1996-05-01,2.9,0.43
51065,1996-06-01,2.9,0.57
51065,1996-07-01,2.6,0.53
51065,1996-08-01,2.3,0.33
51065,1996-09-01,1.9,0.00
51065,1996-10-01,2,0.00
51065,1996-11-01,2.1,0.00
51065,1996-12-01,2.2,0.10
51065,1997-01-01,3,0.43
51065,1997-02-01,2.8,0.67
51065,1997-03-01,2.3,0.70
51065,1997-04-01,1.9,0.33
51065,1997-05-01,2,0.07
51065,1997-06-01,2.5,0.13
51065,1997-07-01,1.9,0.13
51065,1997-08-01,2.5,0.30
51065,1997-09-01,1.9,0.10
51065,1997-10-01,1.6,0.00
51065,1997-11-01,2,0.00
51065,1997-12-01,1.7,0.00
51065,1998-01-01,2,0.13
51065,1998-02-01,1.8,0.07
51065,1998-03-01,1.7,0.07
51065,1998-04-01,1.3,0.00
51065,1998-05-01,1.4,0.00
51065,1998-06-01,1.5,0.00
51065,1998-07-01,1.3,0.00
51065,1998-08-01,1.7,0.10
51065,1998-09-01,1.5,0.10
51065,1998-10-01,1.4,0.13
51065,1998-11-01,1.1,0.00
51065,1998-12-01,1,0.00
51065,1999-01-01,1.1,0.00
51065,1999-02-01,1.1,0.00
51065,1999-03-01,1,0.00
51065,1999-04-01,1,0.00
51065,1999-05-01,1,0.00
51065,1999-06-01,1.2,0.07
51065,1999-07-01,0.8,0.00
51065,1999-08-01,1.2,0.07
51065,1999-09-01,1.1,0.03
51065,1999-10-01,1.6,0.30
51065,1999-11-01,1.2,0.30
51065,1999-12-01,1,0.27
51065,2000-01-01,2.1,0.43
51065,2000-02-01,2.1,0.73
51065,2000-03-01,1.9,1.03
51065,2000-04-01,1.6,0.87
51065,2000-05-01,1.9,0.80
51065,2000-06-01,2.1,0.87
51065,2000-07-01,1.9,0.97
51065,2000-08-01,2.6,1.17
51065,2000-09-01,2.3,1.23
51065,2000-10-01,1.9,1.00
51065,2000-11-01,1.9,0.77
51065,2000-12-01,1.5,0.50
51065,2001-01-01,1.8,0.30
51065,2001-02-01,2.1,0.07
51065,2001-03-01,2.2,0.30
51065,2001-04-01,2.1,0.40
51065,2001-05-01,2.3,0.47
51065,2001-06-01,2.6,0.60
51065,2001-07-01,2.5,0.73
51065,2001-08-01,2.7,0.87
51065,2001-09-01,2.6,0.87
51065,2001-10-01,2.7,0.93
51065,2001-11-01,2.9,1.00
51065,2001-12-01,2.9,1.10
51065,2002-01-01,3.1,1.23
51065,2002-02-01,3.4,1.33
51065,2002-03-01,3.2,1.20
51065,2002-04-01,3.1,1.10
51065,2002-05-01,3.2,0.97
51065,2002-06-01,3.5,0.93
51065,2002-07-01,3.1,0.80
51065,2002-08-01,3.5,0.77
51065,2002-09-01,2.8,0.53
51065,2002-10-01,3.1,0.47
51065,2002-11-01,3.1,0.27
51065,2002-12-01,3.1,0.27
51065,2003-01-01,3.5,0.27
51065,2003-02-01,3.8,0.47
51065,2003-03-01,3.4,0.57
51065,2003-04-01,3.1,0.43
51065,2003-05-01,3.4,0.30
51065,2003-06-01,3.7,0.40
51065,2003-07-01,3.5,0.53
51065,2003-08-01,3.8,0.67
51065,2003-09-01,3.5,0.60
51065,2003-10-01,3.1,0.47
51065,2003-11-01,3.3,0.30
51065,2003-12-01,3.2,0.10
51065,2004-01-01,3.8,0.23
51065,2004-02-01,3.7,0.37
51065,2004-03-01,3.2,0.37
51065,2004-04-01,3,0.10
51065,2004-05-01,3.1,0.00
51065,2004-06-01,3.4,0.07
51065,2004-07-01,3,0.07
51065,2004-08-01,3.1,0.07
51065,2004-09-01,2.7,0.00
51065,2004-10-01,2.6,0.00
51065,2004-11-01,2.7,0.00
51065,2004-12-01,2.6,0.00
51065,2005-01-01,3.6,0.33
51065,2005-02-01,3.2,0.50
51065,2005-03-01,3.1,0.67
51065,2005-04-01,2.8,0.40
51065,2005-05-01,2.8,0.27
51065,2005-06-01,3.9,0.53
51065,2005-07-01,2.7,0.50
51065,2005-08-01,2.8,0.50
51065,2005-09-01,3.9,0.50
51065,2005-10-01,2.4,0.40
51065,2005-11-01,2.5,0.30
51065,2005-12-01,2.3,0.00
51065,2006-01-01,2.6,0.07
51065,2006-02-01,2.6,0.10
51065,2006-03-01,2.4,0.13
51065,2006-04-01,2.3,0.03
51065,2006-05-01,2.4,0.00
51065,2006-06-01,2.6,0.07
51065,2006-07-01,2.7,0.20
51065,2006-08-01,2.5,0.23
51065,2006-09-01,2.3,0.13
51065,2006-10-01,2,0.00
51065,2006-11-01,2.2,0.00
51065,2006-12-01,2.1,0.00
51065,2007-01-01,2.5,0.17
51065,2007-02-01,2.4,0.23
51065,2007-03-01,2.2,0.27
51065,2007-04-01,2,0.10
51065,2007-05-01,2.2,0.03
51065,2007-06-01,2.5,0.13
51065,2007-07-01,2.5,0.30
51065,2007-08-01,2.4,0.37
51065,2007-09-01,2.4,0.33
51065,2007-10-01,2.3,0.27
51065,2007-11-01,2.3,0.23
51065,2007-12-01,3,0.43
51065,2008-01-01,3.6,0.83
51065,2008-02-01,3.2,1.13
51065,2008-03-01,3.2,1.20
51065,2008-04-01,2.7,0.90
51065,2008-05-01,3,0.83
51065,2008-06-01,3.1,0.70
51065,2008-07-01,3.3,0.80
51065,2008-08-01,3.6,1.00
51065,2008-09-01,3.4,1.10
51065,2008-10-01,3.5,1.17
51065,2008-11-01,3.8,1.23
51065,2008-12-01,4.4,1.37
51065,2009-01-01,5.3,1.57
51065,2009-02-01,5.5,2.13
51065,2009-03-01,5.6,2.53
51065,2009-04-01,5.3,2.53
51065,2009-05-01,5.8,2.63
51065,2009-06-01,6,2.77
51065,2009-07-01,5.8,2.73
51065,2009-08-01,6.1,2.63
51065,2009-09-01,6.2,2.60
51065,2009-10-01,5.9,2.57
51065,2009-11-01,5.9,2.43
51065,2009-12-01,6.3,2.13
51065,2010-01-01,6.9,1.87
51065,2010-02-01,6.7,1.57
51065,2010-03-01,6.6,1.27
51065,2010-04-01,5.8,0.90
51065,2010-05-01,5.9,0.53
51065,2010-06-01,6.1,0.23
51065,2010-07-01,6.2,0.20
51065,2010-08-01,6.1,0.20
51065,2010-09-01,5.7,0.07
51065,2010-10-01,5.4,0.00
51065,2010-11-01,5.6,0.00
51065,2010-12-01,5.4,0.00
51065,2011-01-01,6.2,0.27
51065,2011-02-01,5.8,0.33
51065,2011-03-01,5.5,0.37
51065,2011-04-01,5,0.00
51065,2011-05-01,5.4,0.00
51065,2011-06-01,5.7,0.07
51065,2011-07-01,5.7,0.30
51065,2011-08-01,5.9,0.47
51065,2011-09-01,5.6,0.43
51065,2011-10-01,5.4,0.33
51065,2011-11-01,5.2,0.10
51065,2011-12-01,5.2,0.00
51065,2012-01-01,5.7,0.10
51065,2012-02-01,5.6,0.23
51065,2012-03-01,5.3,0.27
51065,2012-04-01,4.7,0.00
51065,2012-05-01,4.9,0.00
51065,2012-06-01,5.5,0.07
51065,2012-07-01,5.4,0.30
51065,2012-08-01,5.3,0.43
51065,2012-09-01,4.7,0.17
51065,2012-10-01,4.5,0.00
51065,2012-11-01,4.3,0.00
51065,2012-12-01,4.4,0.00
51065,2013-01-01,5.2,0.23
51065,2013-02-01,4.9,0.43
51065,2013-03-01,4.6,0.50
51065,2013-04-01,4.2,0.17
51065,2013-05-01,4.7,0.10
51065,2013-06-01,5,0.23
51065,2013-07-01,4.8,0.43
51065,2013-08-01,4.8,0.47
51065,2013-09-01,4.5,0.30
51065,2013-10-01,4.5,0.20
51065,2013-11-01,4.2,0.00
51065,2013-12-01,4.1,0.00
51065,2014-01-01,4.7,0.07
51065,2014-02-01,4.7,0.23
51065,2014-03-01,4.5,0.37
51065,2014-04-01,3.7,0.03
51065,2014-05-01,4.3,0.00
51065,2014-06-01,4.5,0.00
51065,2014-07-01,4.6,0.30
51065,2014-08-01,4.7,0.43
51065,2014-09-01,4.1,0.30
51065,2014-10-01,3.9,0.07
51065,2014-11-01,3.8,0.00
51065,2014-12-01,3.5,0.00
51065,2015-01-01,4.1,0.07
51065,2015-02-01,4.1,0.17
51065,2015-03-01,3.9,0.30
51065,2015-04-01,3.5,0.10
51065,2015-05-01,3.9,0.03
51065,2015-06-01,3.9,0.03
51065,2015-07-01,3.8,0.13
51065,2015-08-01,3.8,0.10
51065,2015-09-01,3.5,0.00
51065,2015-10-01,3.4,0.00
51065,2015-11-01,3.3,0.00
51065,2015-12-01,3.2,0.00
51065,2016-01-01,3.9,0.17
51065,2016-02-01,3.5,0.23
51065,2016-03-01,3.5,0.33
51065,2016-04-01,2.9,0.00
51065,2016-05-01,3.2,0.00
51065,2016-06-01,3.5,0.00
51065,2016-07-01,3.5,0.20
51065,2016-08-01,3.6,0.33
51065,2016-09-01,3.4,0.30
51065,2016-10-01,3.4,0.27
51065,2016-11-01,3.2,0.13
51065,2016-12-01,3.2,0.07
51065,2017-01-01,3.8,0.20
51065,2017-02-01,3.3,0.23
51065,2017-03-01,3.2,0.23
51065,2017-04-01,2.7,0.00
51065,2017-05-01,3.2,0.00
51065,2017-06-01,3.2,0.00
51065,2017-07-01,3.2,0.17
51065,2017-08-01,3.2,0.17
51065,2017-09-01,2.9,0.07
51065,2017-10-01,2.8,0.00
51065,2017-11-01,2.7,0.00
51065,2017-12-01,2.5,0.00
51065,2018-01-01,3,0.07
51065,2018-02-01,2.8,0.10
51065,2018-03-01,2.7,0.17
51065,2018-04-01,2.3,0.00
51065,2018-05-01,2.5,0.00
51065,2018-06-01,2.9,0.07
51065,2018-07-01,2.7,0.20
51065,2018-08-01,2.8,0.30
51065,2018-09-01,2.4,0.13
51065,2018-10-01,2.4,0.03
51065,2018-11-01,2.2,0.00
51065,2018-12-01,2.2,0.00
51065,2019-01-01,2.8,0.13
51065,2019-02-01,2.4,0.20
51065,2019-03-01,2.5,0.30
51065,2019-04-01,2,0.03
51065,2019-05-01,2.4,0.03
51065,2019-06-01,2.5,0.03
51065,2019-07-01,2.5,0.20
51065,2019-08-01,2.6,0.27
51065,2019-09-01,2.2,0.17
51065,2019-10-01,2.1,0.03
51065,2019-11-01,2.2,0.00
51065,2019-12-01,1.8,0.00
51065,2020-01-01,2.4,0.10
51065,2020-02-01,2.2,0.10
51065,2020-03-01,2.8,0.43
51065,2020-04-01,9.8,2.90
51065,2020-05-01,9,5.17
51065,2020-06-01,9.5,7.40
51065,2020-07-01,8.1,6.83
51065,2020-08-01,6.6,6.03
51065,2020-09-01,5.2,4.60
51065,2020-10-01,4.4,3.37
51065,2020-11-01,4.2,2.57
51065,2020-12-01,3.9,2.13
51065,2021-01-01,4.4,2.03
51065,2021-02-01,4.1,2.00
51065,2021-03-01,3.9,1.67
51065,2021-04-01,3.4,0.00
51065,2021-05-01,3.6,0.00
51065,2021-06-01,4,0.03
51065,2021-07-01,3.6,0.10
51065,2021-08-01,3.4,0.03
51065,2021-09-01,3,0.00
51065,2021-10-01,2.6,0.00
51065,2021-11-01,1.8,0.00
51065,2021-12-01,2.3,0.00
51065,2022-01-01,2.5,0.00
51065,2022-02-01,2.3,0.17
51065,2022-03-01,2.3,0.17
51065,2022-04-01,2,0.00
51065,2022-05-01,2.5,0.07
51065,2022-06-01,2.8,0.23
51065,2022-07-01,2.8,0.50
51065,2022-08-01,3,0.67
51065,2022-09-01,2.6,0.60
51065,2022-10-01,2.4,0.47
51065,2022-11-01,2.6,0.33
51065,2022-12-01,2.2,0.20
51065,2023-01-01,2.9,0.37
51065,2023-02-01,2.7,0.40
51065,2023-03-01,2.5,0.50
51065,2023-04-01,2.1,0.23
51065,2023-05-01,2.5,0.10
51065,2023-06-01,2.6,0.03
51065,2023-07-01,2.4,0.13
51065,2023-08-01,2.7,0.20
51065,2023-09-01,2.4,0.13
51065,2023-10-01,2.4,0.13
51065,2023-11-01,2.4,0.03
51065,2023-12-01,2,0.00
51065,2024-01-01,2.6,0.07
51065,2024-02-01,2.5,0.10
51065,2024-03-01,2.2,0.17
51065,2024-04-01,2.1,0.00
51065,2024-05-01,2.4,0.00
51065,2024-06-01,2.7,0.17
51065,2024-07-01,2.8,0.40
51065,2024-08-01,2.8,0.53
51065,2024-09-01,2.5,0.47
51065,2024-10-01,2.5,0.37
51065,2024-11-01,2.7,0.33
51065,2024-12-01,2.3,0.27
51065,2025-01-01,2.9,0.40
51065,2025-02-01,2.8,0.43
51065,2025-03-01,2.7,0.57
51065,2025-04-01,2.6,0.47
51065,2025-05-01,2.9,0.50
51065,2025-06-01,3,0.43
51065,2025-07-01,3,0.47
51065,2025-08-01,3.1,0.53
51065,2025-09-01,2.9,0.50
51065,2025-10-01,3.25,0.58
51065,2025-11-01,3.6,0.75
51065,2025-12-01,3.1,0.82
51065,2026-01-01,3.4,0.73
51065,2026-02-01,3.4,0.63
51065,2026-03-01,3.3,0.67
51065,2026-04-01,2.9,0.50
51065,2026-05-01,3.1,0.37
51065,2026-06-01,3.4,0.30
51065,2026-07-01,3.2,0.27
51065,2026-08-01,3.1,0.23
51067,1990-01-01,6,NaN
51067,1990-02-01,5,NaN
51067,1990-03-01,3.9,NaN
51067,1990-04-01,3.9,NaN
51067,1990-05-01,3.9,NaN
51067,1990-06-01,4.8,NaN
51067,1990-07-01,4.6,NaN
51067,1990-08-01,5.3,NaN
51067,1990-09-01,5.5,NaN
51067,1990-10-01,9.8,NaN
51067,1990-11-01,7.4,NaN
51067,1990-12-01,9,NaN
51067,1991-01-01,9.6,NaN
51067,1991-02-01,12.9,NaN
51067,1991-03-01,11.4,7.40
51067,1991-04-01,10,7.53
51067,1991-05-01,7.4,5.70
51067,1991-06-01,8.4,4.40
51067,1991-07-01,8.4,3.63
51067,1991-08-01,6.6,2.90
51067,1991-09-01,6.1,1.90
51067,1991-10-01,7.2,0.00
51067,1991-11-01,7,0.13
51067,1991-12-01,7.1,0.47
51067,1992-01-01,7.4,0.53
51067,1992-02-01,8,0.87
51067,1992-03-01,6.3,0.60
51067,1992-04-01,5.3,0.00
51067,1992-05-01,5.2,0.00
51067,1992-06-01,5.5,0.00
51067,1992-07-01,5.4,0.03
51067,1992-08-01,6,0.30
51067,1992-09-01,5.4,0.27
51067,1992-10-01,4.8,0.07
51067,1992-11-01,4.9,0.00
51067,1992-12-01,4.5,0.00
51067,1993-01-01,4.8,0.00
51067,1993-02-01,4.3,0.00
51067,1993-03-01,3.8,0.00
51067,1993-04-01,4,0.00
51067,1993-05-01,4.9,0.20
51067,1993-06-01,4,0.27
51067,1993-07-01,4.3,0.37
51067,1993-08-01,3.9,0.03
51067,1993-09-01,3.8,0.00
51067,1993-10-01,4,0.00
51067,1993-11-01,4,0.03
51067,1993-12-01,4.4,0.23
51067,1994-01-01,4.6,0.43
51067,1994-02-01,4.8,0.70
51067,1994-03-01,5.3,1.00
51067,1994-04-01,3.6,0.67
51067,1994-05-01,4.2,0.47
51067,1994-06-01,4.5,0.20
51067,1994-07-01,6.7,1.23
51067,1994-08-01,4.4,1.30
51067,1994-09-01,4.1,1.17
51067,1994-10-01,4.1,0.30
51067,1994-11-01,4.8,0.40
51067,1994-12-01,4.5,0.37
51067,1995-01-01,4.3,0.43
51067,1995-02-01,4.2,0.23
51067,1995-03-01,7.1,1.10
51067,1995-04-01,4.3,1.10
51067,1995-05-01,5.3,1.47
51067,1995-06-01,4.3,0.53
51067,1995-07-01,6.5,1.17
51067,1995-08-01,7.5,1.90
51067,1995-09-01,4.6,2.00
51067,1995-10-01,4.5,1.33
51067,1995-11-01,5.4,0.50
51067,1995-12-01,5.4,0.77
51067,1996-01-01,14.8,4.20
51067,1996-02-01,4.9,4.03
51067,1996-03-01,4.3,3.37
51067,1996-04-01,3.3,0.00
51067,1996-05-01,2.9,0.00
51067,1996-06-01,3.6,0.00
51067,1996-07-01,4,0.23
51067,1996-08-01,3.3,0.37
51067,1996-09-01,3.4,0.30
51067,1996-10-01,3.7,0.20
51067,1996-11-01,5,0.77
51067,1996-12-01,4.4,1.10
51067,1997-01-01,5.5,1.70
51067,1997-02-01,5.2,1.77
51067,1997-03-01,4.5,1.80
51067,1997-04-01,3.9,1.27
51067,1997-05-01,3.6,0.73
51067,1997-06-01,3.4,0.37
51067,1997-07-01,2.7,0.00
51067,1997-08-01,3.1,0.00
51067,1997-09-01,2.5,0.00
51067,1997-10-01,2.2,0.00
51067,1997-11-01,2.5,0.00
51067,1997-12-01,2.4,0.00
51067,1998-01-01,4.2,0.67
51067,1998-02-01,3.3,0.93
51067,1998-03-01,2.4,0.93
51067,1998-04-01,1.8,0.13
51067,1998-05-01,1.8,0.00
51067,1998-06-01,2.2,0.00
51067,1998-07-01,2.6,0.27
51067,1998-08-01,2.6,0.53
51067,1998-09-01,2.5,0.63
51067,1998-10-01,4.2,1.17
51067,1998-11-01,2.3,1.07
51067,1998-12-01,2.3,1.00
51067,1999-01-01,2.4,0.40
51067,1999-02-01,3.1,0.67
51067,1999-03-01,3.4,1.03
51067,1999-04-01,2.3,1.00
51067,1999-05-01,3.2,1.03
51067,1999-06-01,4.3,1.33
51067,1999-07-01,4.1,1.67
51067,1999-08-01,5,2.13
51067,1999-09-01,5,2.37
51067,1999-10-01,4.5,2.50
51067,1999-11-01,5,2.50
51067,1999-12-01,4.7,2.40
51067,2000-01-01,4.2,2.30
51067,2000-02-01,3.9,1.67
51067,2000-03-01,3.4,0.90
51067,2000-04-01,2.9,0.47
51067,2000-05-01,2.8,0.07
51067,2000-06-01,2.9,0.00
51067,2000-07-01,3.6,0.23
51067,2000-08-01,2.6,0.17
51067,2000-09-01,2.4,0.00
51067,2000-10-01,2.6,0.00
51067,2000-11-01,2.4,0.00
51067,2000-12-01,2.3,0.00
51067,2001-01-01,3.1,0.17
51067,2001-02-01,3.1,0.40
51067,2001-03-01,3.1,0.67
51067,2001-04-01,2.9,0.60
51067,2001-05-01,3,0.57
51067,2001-06-01,3.1,0.57
51067,2001-07-01,4.1,0.97
51067,2001-08-01,3.8,1.23
51067,2001-09-01,4.9,1.83
51067,2001-10-01,5.3,2.23
51067,2001-11-01,5.7,2.87
51067,2001-12-01,5.5,3.07
51067,2002-01-01,6.5,3.30
51067,2002-02-01,6.1,3.20
51067,2002-03-01,5,2.87
51067,2002-04-01,5.1,2.40
51067,2002-05-01,5,2.03
51067,2002-06-01,5.3,2.13
51067,2002-07-01,5.4,1.83
51067,2002-08-01,5.3,1.67
51067,2002-09-01,4.6,0.83
51067,2002-10-01,4.4,0.10
51067,2002-11-01,4.7,0.00
51067,2002-12-01,4.9,0.10
51067,2003-01-01,5.6,0.50
51067,2003-02-01,5.7,0.83
51067,2003-03-01,4.9,0.83
51067,2003-04-01,4.2,0.37
51067,2003-05-01,4.1,0.00
51067,2003-06-01,4.5,0.00
51067,2003-07-01,4.4,0.07
51067,2003-08-01,4.2,0.10
51067,2003-09-01,4.2,0.00
51067,2003-10-01,3.8,0.00
51067,2003-11-01,4,0.00
51067,2003-12-01,3.7,0.00
51067,2004-01-01,4.7,0.30
51067,2004-02-01,4.5,0.47
51067,2004-03-01,4.4,0.70
51067,2004-04-01,3.9,0.43
51067,2004-05-01,3.9,0.23
51067,2004-06-01,4.2,0.17
51067,2004-07-01,3.8,0.13
51067,2004-08-01,3.5,0.00
51067,2004-09-01,3.3,0.00
51067,2004-10-01,3.4,0.00
51067,2004-11-01,3.5,0.00
51067,2004-12-01,3.5,0.07
51067,2005-01-01,4.1,0.30
51067,2005-02-01,4,0.47
51067,2005-03-01,3.7,0.53
51067,2005-04-01,3.5,0.33
51067,2005-05-01,3.7,0.23
51067,2005-06-01,3.9,0.30
51067,2005-07-01,3.8,0.40
51067,2005-08-01,3.5,0.33
51067,2005-09-01,3.4,0.17
51067,2005-10-01,3.1,0.00
51067,2005-11-01,3.2,0.00
51067,2005-12-01,3.1,0.00
51067,2006-01-01,3.3,0.07
51067,2006-02-01,3.5,0.17
51067,2006-03-01,3.2,0.20
51067,2006-04-01,2.9,0.07
51067,2006-05-01,3.1,0.00
51067,2006-06-01,3.5,0.10
51067,2006-07-01,3.3,0.23
51067,2006-08-01,3.2,0.27
51067,2006-09-01,3.1,0.13
51067,2006-10-01,3.1,0.07
51067,2006-11-01,3.2,0.07
51067,2006-12-01,3,0.03
51067,2007-01-01,3.5,0.17
51067,2007-02-01,3.3,0.20
51067,2007-03-01,3,0.20
51067,2007-04-01,2.9,0.00
51067,2007-05-01,3.1,0.00
51067,2007-06-01,3.3,0.10
51067,2007-07-01,3.2,0.20
51067,2007-08-01,3.3,0.27
51067,2007-09-01,4.2,0.57
51067,2007-10-01,3.3,0.60
51067,2007-11-01,3.7,0.73
51067,2007-12-01,3.8,0.60
51067,2008-01-01,4.1,0.87
51067,2008-02-01,4.1,1.00
51067,2008-03-01,4.4,1.20
51067,2008-04-01,3.9,1.13
51067,2008-05-01,4.7,1.33
51067,2008-06-01,4.5,1.27
51067,2008-07-01,5.2,1.60
51067,2008-08-01,5,1.63
51067,2008-09-01,5.1,1.53
51067,2008-10-01,5.3,1.53
51067,2008-11-01,6,1.87
51067,2008-12-01,6.6,2.37
51067,2009-01-01,8.4,3.13
51067,2009-02-01,8.9,3.97
51067,2009-03-01,8.4,4.43
51067,2009-04-01,7.7,4.20
51067,2009-05-01,8.2,3.77
51067,2009-06-01,8,3.60
51067,2009-07-01,8.5,3.43
51067,2009-08-01,8.2,3.33
51067,2009-09-01,8.2,3.20
51067,2009-10-01,8.2,3.07
51067,2009-11-01,8.3,2.77
51067,2009-12-01,8.6,2.40
51067,2010-01-01,9.7,1.87
51067,2010-02-01,9.7,1.37
51067,2010-03-01,9,1.50
51067,2010-04-01,8,0.93
51067,2010-05-01,7.9,0.33
51067,2010-06-01,7.9,0.00
51067,2010-07-01,7.9,0.00
51067,2010-08-01,8.3,0.13
51067,2010-09-01,7.9,0.13
51067,2010-10-01,7.6,0.03
51067,2010-11-01,7.9,0.00
51067,2010-12-01,7.8,0.00
51067,2011-01-01,8.4,0.27
51067,2011-02-01,7.8,0.23
51067,2011-03-01,7.3,0.07
51067,2011-04-01,6.9,0.00
51067,2011-05-01,6.9,0.00
51067,2011-06-01,7.3,0.00
51067,2011-07-01,7.1,0.07
51067,2011-08-01,7.2,0.17
51067,2011-09-01,7.1,0.10
51067,2011-10-01,6.8,0.00
51067,2011-11-01,6.6,0.00
51067,2011-12-01,6.6,0.00
51067,2012-01-01,7.1,0.10
51067,2012-02-01,7,0.23
51067,2012-03-01,6.6,0.23
51067,2012-04-01,6,0.00
51067,2012-05-01,6.3,0.00
51067,2012-06-01,6.6,0.00
51067,2012-07-01,6.5,0.17
51067,2012-08-01,6.3,0.17
51067,2012-09-01,5.9,0.00
51067,2012-10-01,5.8,0.00
51067,2012-11-01,5.7,0.00
51067,2012-12-01,5.9,0.00
51067,2013-01-01,6.7,0.30
51067,2013-02-01,6.6,0.60
51067,2013-03-01,5.9,0.60
51067,2013-04-01,5.4,0.17
51067,2013-05-01,5.7,0.00
51067,2013-06-01,6.1,0.07
51067,2013-07-01,5.7,0.17
51067,2013-08-01,5.6,0.13
51067,2013-09-01,5.5,0.00
51067,2013-10-01,5.4,0.00
51067,2013-11-01,5.1,0.00
51067,2013-12-01,5,0.00
51067,2014-01-01,5.8,0.13
51067,2014-02-01,5.7,0.33
51067,2014-03-01,5.4,0.47
51067,2014-04-01,4.6,0.07
51067,2014-05-01,5.2,0.00
51067,2014-06-01,5.2,0.00
51067,2014-07-01,5.4,0.27
51067,2014-08-01,5.5,0.37
51067,2014-09-01,5.1,0.33
51067,2014-10-01,4.9,0.17
51067,2014-11-01,4.8,0.00
51067,2014-12-01,4.7,0.00
51067,2015-01-01,5.4,0.17
51067,2015-02-01,5.2,0.30
51067,2015-03-01,4.9,0.37
51067,2015-04-01,4.3,0.00
51067,2015-05-01,4.7,0.00
51067,2015-06-01,4.7,0.00
51067,2015-07-01,4.6,0.10
51067,2015-08-01,4.6,0.07
51067,2015-09-01,4.4,0.00
51067,2015-10-01,4.2,0.00
51067,2015-11-01,4.1,0.00
51067,2015-12-01,3.9,0.00
51067,2016-01-01,4.5,0.10
51067,2016-02-01,4.4,0.20
51067,2016-03-01,4.2,0.30
51067,2016-04-01,3.9,0.10
51067,2016-05-01,4.3,0.07
51067,2016-06-01,4.6,0.20
51067,2016-07-01,4.6,0.43
51067,2016-08-01,4.5,0.50
51067,2016-09-01,4.5,0.47
51067,2016-10-01,4.3,0.37
51067,2016-11-01,4.2,0.27
51067,2016-12-01,4.1,0.13
51067,2017-01-01,4.5,0.13
51067,2017-02-01,4.3,0.17
51067,2017-03-01,4,0.13
51067,2017-04-01,3.6,0.00
51067,2017-05-01,3.9,0.00
51067,2017-06-01,4,0.00
51067,2017-07-01,4,0.13
51067,2017-08-01,4.1,0.20
51067,2017-09-01,3.8,0.13
51067,2017-10-01,3.6,0.00
51067,2017-11-01,3.6,0.00
51067,2017-12-01,3.2,0.00
51067,2018-01-01,3.7,0.03
51067,2018-02-01,3.5,0.00
51067,2018-03-01,3.4,0.07
51067,2018-04-01,2.9,0.00
51067,2018-05-01,3.1,0.00
51067,2018-06-01,3.4,0.00
51067,2018-07-01,3.2,0.10
51067,2018-08-01,3.2,0.13
51067,2018-09-01,2.9,0.00
51067,2018-10-01,2.9,0.00
51067,2018-11-01,2.8,0.00
51067,2018-12-01,2.8,0.00
51067,2019-01-01,3.4,0.17
51067,2019-02-01,3.2,0.30
51067,2019-03-01,3.2,0.43
51067,2019-04-01,2.6,0.17
51067,2019-05-01,2.9,0.07
51067,2019-06-01,3,0.00
51067,2019-07-01,3,0.13
51067,2019-08-01,2.9,0.13
51067,2019-09-01,2.9,0.10
51067,2019-10-01,2.8,0.03
51067,2019-11-01,2.9,0.03
51067,2019-12-01,2.7,0.00
51067,2020-01-01,3.3,0.17
51067,2020-02-01,3.1,0.23
51067,2020-03-01,3.5,0.50
51067,2020-04-01,9.7,2.63
51067,2020-05-01,8.9,4.57
51067,2020-06-01,8.9,6.37
51067,2020-07-01,8,5.80
51067,2020-08-01,6.6,5.03
51067,2020-09-01,5.4,3.87
51067,2020-10-01,4.7,2.77
51067,2020-11-01,4.6,2.10
51067,2020-12-01,4.2,1.70
51067,2021-01-01,4.7,1.53
51067,2021-02-01,4.4,1.40
51067,2021-03-01,4.3,1.17
51067,2021-04-01,3.6,0.00
51067,2021-05-01,3.9,0.00
51067,2021-06-01,4.4,0.03
51067,2021-07-01,3.9,0.13
51067,2021-08-01,3.7,0.07
51067,2021-09-01,3.3,0.00
51067,2021-10-01,2.9,0.00
51067,2021-11-01,2.1,0.00
51067,2021-12-01,2.4,0.00
51067,2022-01-01,2.8,0.00
51067,2022-02-01,2.6,0.17
51067,2022-03-01,2.6,0.23
51067,2022-04-01,2.3,0.07
51067,2022-05-01,2.9,0.17
51067,2022-06-01,3.1,0.33
51067,2022-07-01,3,0.57
51067,2022-08-01,3.4,0.73
51067,2022-09-01,3,0.70
51067,2022-10-01,2.9,0.67
51067,2022-11-01,2.9,0.50
51067,2022-12-01,2.5,0.33
51067,2023-01-01,3.1,0.40
51067,2023-02-01,3,0.37
51067,2023-03-01,2.8,0.47
51067,2023-04-01,2.4,0.23
51067,2023-05-01,2.9,0.10
51067,2023-06-01,3,0.07
51067,2023-07-01,2.8,0.20
51067,2023-08-01,3.1,0.27
51067,2023-09-01,2.8,0.20
51067,2023-10-01,2.8,0.20
51067,2023-11-01,2.7,0.07
51067,2023-12-01,2.4,0.00
51067,2024-01-01,2.9,0.03
51067,2024-02-01,3,0.13
51067,2024-03-01,2.8,0.27
51067,2024-04-01,2.6,0.17
51067,2024-05-01,3,0.17
51067,2024-06-01,3.3,0.33
51067,2024-07-01,3.4,0.60
51067,2024-08-01,3.5,0.77
51067,2024-09-01,3.1,0.70
51067,2024-10-01,3.1,0.60
51067,2024-11-01,3.2,0.50
51067,2024-12-01,2.9,0.43
51067,2025-01-01,3.4,0.50
51067,2025-02-01,3.5,0.50
51067,2025-03-01,3.3,0.60
51067,2025-04-01,3,0.47
51067,2025-05-01,3.3,0.40
51067,2025-06-01,3.6,0.33
51067,2025-07-01,3.5,0.40
51067,2025-08-01,3.6,0.50
51067,2025-09-01,3.3,0.40
51067,2025-10-01,3.65,0.45
51067,2025-11-01,4,0.58
51067,2025-12-01,3.5,0.65
51067,2026-01-01,3.9,0.63
51067,2026-02-01,4,0.60
51067,2026-03-01,3.8,0.70
51067,2026-04-01,3.5,0.57
51067,2026-05-01,3.7,0.47
51067,2026-06-01,4.1,0.47
51067,2026-07-01,3.9,0.43
51067,2026-08-01,3.6,0.40
51069,1990-01-01,3.7,NaN
51069,1990-02-01,3.8,NaN
51069,1990-03-01,3,NaN
51069,1990-04-01,2.7,NaN
51069,1990-05-01,2.8,NaN
51069,1990-06-01,3.1,NaN
51069,1990-07-01,3.8,NaN
51069,1990-08-01,4.5,NaN
51069,1990-09-01,4.6,NaN
51069,1990-10-01,4.5,NaN
51069,1990-11-01,5.2,NaN
51069,1990-12-01,5.3,NaN
51069,1991-01-01,6.9,NaN
51069,1991-02-01,6.9,NaN
51069,1991-03-01,6.3,3.87
51069,1991-04-01,5.2,3.30
51069,1991-05-01,5.2,2.73
51069,1991-06-01,5.1,2.30
51069,1991-07-01,4.8,1.80
51069,1991-08-01,4.6,1.03
51069,1991-09-01,4.3,0.27
51069,1991-10-01,4.5,0.00
51069,1991-11-01,4.8,0.07
51069,1991-12-01,5.4,0.43
51069,1992-01-01,7.1,1.30
51069,1992-02-01,7.7,2.27
51069,1992-03-01,6.3,2.57
51069,1992-04-01,5.1,1.90
51069,1992-05-01,4.9,0.97
51069,1992-06-01,4.9,0.50
51069,1992-07-01,4.8,0.40
51069,1992-08-01,4.9,0.40
51069,1992-09-01,4.8,0.37
51069,1992-10-01,4.5,0.27
51069,1992-11-01,4.6,0.10
51069,1992-12-01,4.9,0.03
51069,1993-01-01,6.3,0.63
51069,1993-02-01,6.3,1.20
51069,1993-03-01,5.9,1.53
51069,1993-04-01,4.8,1.03
51069,1993-05-01,4.2,0.33
51069,1993-06-01,4.4,0.00
51069,1993-07-01,4.5,0.00
51069,1993-08-01,4.2,0.00
51069,1993-09-01,3.4,0.00
51069,1993-10-01,3.5,0.00
51069,1993-11-01,3.5,0.00
51069,1993-12-01,3.4,0.00
51069,1994-01-01,5.4,0.63
51069,1994-02-01,5.6,1.33
51069,1994-03-01,5.2,1.93
51069,1994-04-01,3.5,1.30
51069,1994-05-01,3.4,0.57
51069,1994-06-01,3.6,0.03
51069,1994-07-01,3.5,0.03
51069,1994-08-01,3.9,0.20
51069,1994-09-01,3.6,0.20
51069,1994-10-01,3.8,0.30
51069,1994-11-01,3.6,0.20
51069,1994-12-01,3.4,0.13
51069,1995-01-01,5,0.50
51069,1995-02-01,5.3,1.07
51069,1995-03-01,4.8,1.53
51069,1995-04-01,4.2,1.27
51069,1995-05-01,4.2,0.90
51069,1995-06-01,4.2,0.70
51069,1995-07-01,4.3,0.73
51069,1995-08-01,4.2,0.63
51069,1995-09-01,3.2,0.30
51069,1995-10-01,2.8,0.00
51069,1995-11-01,3.1,0.00
51069,1995-12-01,2.7,0.00
51069,1996-01-01,5.4,0.87
51069,1996-02-01,4.8,1.43
51069,1996-03-01,3.8,1.80
51069,1996-04-01,2.9,0.97
51069,1996-05-01,2.9,0.33
51069,1996-06-01,3.1,0.10
51069,1996-07-01,3,0.13
51069,1996-08-01,3.1,0.20
51069,1996-09-01,2.9,0.13
51069,1996-10-01,2.9,0.10
51069,1996-11-01,2.8,0.00
51069,1996-12-01,2.9,0.00
51069,1997-01-01,4.7,0.60
51069,1997-02-01,4.8,1.27
51069,1997-03-01,4.4,1.77
51069,1997-04-01,3.5,1.37
51069,1997-05-01,3.5,0.93
51069,1997-06-01,3.6,0.67
51069,1997-07-01,3.4,0.63
51069,1997-08-01,3.6,0.67
51069,1997-09-01,3,0.47
51069,1997-10-01,3.1,0.37
51069,1997-11-01,2.8,0.10
51069,1997-12-01,2.9,0.07
51069,1998-01-01,3.9,0.27
51069,1998-02-01,4,0.67
51069,1998-03-01,3.7,0.93
51069,1998-04-01,2.4,0.43
51069,1998-05-01,2.6,0.00
51069,1998-06-01,2.6,0.00
51069,1998-07-01,2.4,0.00
51069,1998-08-01,2.5,0.00
51069,1998-09-01,2.4,0.00
51069,1998-10-01,2.1,0.00
51069,1998-11-01,2.1,0.00
51069,1998-12-01,1.8,0.00
51069,1999-01-01,2.9,0.27
51069,1999-02-01,3.1,0.60
51069,1999-03-01,2.6,0.87
51069,1999-04-01,1.8,0.50
51069,1999-05-01,1.8,0.07
51069,1999-06-01,2,0.00
51069,1999-07-01,2.1,0.10
51069,1999-08-01,2,0.17
51069,1999-09-01,1.9,0.13
51069,1999-10-01,1.9,0.07
51069,1999-11-01,1.7,0.00
51069,1999-12-01,1.6,0.00
51069,2000-01-01,2.8,0.30
51069,2000-02-01,3,0.73
51069,2000-03-01,2.7,1.10
51069,2000-04-01,2.3,0.93
51069,2000-05-01,2.8,0.87
51069,2000-06-01,3,0.97
51069,2000-07-01,3,1.20
51069,2000-08-01,2.9,1.23
51069,2000-09-01,2.5,1.07
51069,2000-10-01,2.5,0.90
51069,2000-11-01,2.6,0.80
51069,2000-12-01,2.4,0.77
51069,2001-01-01,3.1,0.67
51069,2001-02-01,3.2,0.43
51069,2001-03-01,3,0.60
51069,2001-04-01,2.7,0.47
51069,2001-05-01,2.8,0.33
51069,2001-06-01,3.4,0.47
51069,2001-07-01,3.4,0.70
51069,2001-08-01,3.4,0.90
51069,2001-09-01,3.3,0.87
51069,2001-10-01,3.6,0.93
51069,2001-11-01,3.5,0.97
51069,2001-12-01,3.4,1.00
51069,2002-01-01,4.1,0.97
51069,2002-02-01,4.1,1.03
51069,2002-03-01,3.8,1.17
51069,2002-04-01,3.4,0.93
51069,2002-05-01,3.3,0.67
51069,2002-06-01,3.7,0.50
51069,2002-07-01,3.6,0.33
51069,2002-08-01,3.4,0.20
51069,2002-09-01,3,0.00
51069,2002-10-01,3,0.00
51069,2002-11-01,3.1,0.00
51069,2002-12-01,3.1,0.03
51069,2003-01-01,3.9,0.33
51069,2003-02-01,4,0.63
51069,2003-03-01,3.8,0.87
51069,2003-04-01,3.4,0.70
51069,2003-05-01,3.5,0.53
51069,2003-06-01,3.9,0.57
51069,2003-07-01,3.7,0.67
51069,2003-08-01,3.3,0.60
51069,2003-09-01,3.1,0.33
51069,2003-10-01,3.2,0.17
51069,2003-11-01,3.2,0.13
51069,2003-12-01,3.1,0.10
51069,2004-01-01,3.7,0.17
51069,2004-02-01,3.7,0.33
51069,2004-03-01,3.7,0.53
51069,2004-04-01,3.1,0.33
51069,2004-05-01,3.2,0.17
51069,2004-06-01,3.7,0.17
51069,2004-07-01,3.7,0.37
51069,2004-08-01,3.3,0.40
51069,2004-09-01,3,0.17
51069,2004-10-01,3.1,0.00
51069,2004-11-01,3.1,0.00
51069,2004-12-01,3,0.00
51069,2005-01-01,3.5,0.13
51069,2005-02-01,3.8,0.37
51069,2005-03-01,3.6,0.57
51069,2005-04-01,3.1,0.43
51069,2005-05-01,3.1,0.20
51069,2005-06-01,3.5,0.17
51069,2005-07-01,3.4,0.27
51069,2005-08-01,3.1,0.27
51069,2005-09-01,2.8,0.03
51069,2005-10-01,2.8,0.00
51069,2005-11-01,2.9,0.00
51069,2005-12-01,2.5,0.00
51069,2006-01-01,3.1,0.10
51069,2006-02-01,3.2,0.20
51069,2006-03-01,3,0.37
51069,2006-04-01,2.8,0.27
51069,2006-05-01,3,0.20
51069,2006-06-01,3.6,0.40
51069,2006-07-01,3.6,0.67
51069,2006-08-01,3.3,0.77
51069,2006-09-01,3,0.57
51069,2006-10-01,3,0.37
51069,2006-11-01,3.1,0.30
51069,2006-12-01,2.8,0.23
51069,2007-01-01,3.4,0.27
51069,2007-02-01,3.5,0.30
51069,2007-03-01,3,0.37
51069,2007-04-01,2.6,0.10
51069,2007-05-01,2.7,0.00
51069,2007-06-01,3.1,0.03
51069,2007-07-01,3,0.17
51069,2007-08-01,2.7,0.17
51069,2007-09-01,2.7,0.03
51069,2007-10-01,2.6,0.00
51069,2007-11-01,2.4,0.00
51069,2007-12-01,2.5,0.00
51069,2008-01-01,3.1,0.17
51069,2008-02-01,3.1,0.40
51069,2008-03-01,3.1,0.60
51069,2008-04-01,2.8,0.50
51069,2008-05-01,3.3,0.57
51069,2008-06-01,3.7,0.77
51069,2008-07-01,3.8,1.10
51069,2008-08-01,3.9,1.30
51069,2008-09-01,3.9,1.37
51069,2008-10-01,4.3,1.53
51069,2008-11-01,4.3,1.67
51069,2008-12-01,4.8,1.97
51069,2009-01-01,5.9,2.33
51069,2009-02-01,6.4,2.80
51069,2009-03-01,6.3,3.20
51069,2009-04-01,5.9,3.20
51069,2009-05-01,6.3,3.10
51069,2009-06-01,6.7,3.03
51069,2009-07-01,6.6,2.93
51069,2009-08-01,6.3,2.73
51069,2009-09-01,6.5,2.60
51069,2009-10-01,6.8,2.50
51069,2009-11-01,6.5,2.43
51069,2009-12-01,6.7,2.20
51069,2010-01-01,7.7,1.97
51069,2010-02-01,7.7,1.67
51069,2010-03-01,7.4,1.43
51069,2010-04-01,6.8,1.13
51069,2010-05-01,6.9,0.87
51069,2010-06-01,7.1,0.63
51069,2010-07-01,7.1,0.57
51069,2010-08-01,7,0.60
51069,2010-09-01,6.7,0.47
51069,2010-10-01,6.6,0.23
51069,2010-11-01,6.7,0.07
51069,2010-12-01,6.4,0.00
51069,2011-01-01,6.9,0.10
51069,2011-02-01,6.9,0.17
51069,2011-03-01,6.6,0.23
51069,2011-04-01,6.3,0.03
51069,2011-05-01,6.4,0.00
51069,2011-06-01,6.9,0.10
51069,2011-07-01,6.7,0.23
51069,2011-08-01,6.6,0.30
51069,2011-09-01,6.4,0.13
51069,2011-10-01,6.2,0.00
51069,2011-11-01,5.9,0.00
51069,2011-12-01,5.9,0.00
51069,2012-01-01,6.5,0.10
51069,2012-02-01,6.6,0.33
51069,2012-03-01,6.3,0.47
51069,2012-04-01,5.8,0.23
51069,2012-05-01,6,0.03
51069,2012-06-01,6.4,0.07
51069,2012-07-01,6.2,0.20
51069,2012-08-01,6,0.20
51069,2012-09-01,5.6,0.00
51069,2012-10-01,5.7,0.00
51069,2012-11-01,5.6,0.00
51069,2012-12-01,5.7,0.03
51069,2013-01-01,6.4,0.27
51069,2013-02-01,6.3,0.50
51069,2013-03-01,6,0.60
51069,2013-04-01,5.6,0.33
51069,2013-05-01,5.8,0.17
51069,2013-06-01,6.3,0.27
51069,2013-07-01,5.9,0.37
51069,2013-08-01,5.6,0.30
51069,2013-09-01,5.4,0.00
51069,2013-10-01,5.6,0.00
51069,2013-11-01,5.1,0.00
51069,2013-12-01,4.8,0.00
51069,2014-01-01,5.3,0.00
51069,2014-02-01,5.5,0.13
51069,2014-03-01,5.3,0.30
51069,2014-04-01,4.6,0.07
51069,2014-05-01,5,0.00
51069,2014-06-01,5.3,0.00
51069,2014-07-01,5.3,0.23
51069,2014-08-01,5.1,0.27
51069,2014-09-01,4.7,0.07
51069,2014-10-01,4.7,0.00
51069,2014-11-01,4.6,0.00
51069,2014-12-01,4.4,0.00
51069,2015-01-01,5.1,0.13
51069,2015-02-01,4.9,0.23
51069,2015-03-01,4.7,0.33
51069,2015-04-01,4.2,0.03
51069,2015-05-01,4.6,0.00
51069,2015-06-01,4.7,0.00
51069,2015-07-01,4.6,0.13
51069,2015-08-01,4.3,0.03
51069,2015-09-01,4.2,0.00
51069,2015-10-01,4.2,0.00
51069,2015-11-01,4,0.00
51069,2015-12-01,3.7,0.00
51069,2016-01-01,3.9,0.00
51069,2016-02-01,3.9,0.00
51069,2016-03-01,3.7,0.00
51069,2016-04-01,3.2,0.00
51069,2016-05-01,3.2,0.00
51069,2016-06-01,3.7,0.00
51069,2016-07-01,3.7,0.17
51069,2016-08-01,3.5,0.27
51069,2016-09-01,3.4,0.17
51069,2016-10-01,3.5,0.10
51069,2016-11-01,3.2,0.00
51069,2016-12-01,3.1,0.00
51069,2017-01-01,3.8,0.10
51069,2017-02-01,3.7,0.27
51069,2017-03-01,3.4,0.37
51069,2017-04-01,2.9,0.07
51069,2017-05-01,3.1,0.00
51069,2017-06-01,3.5,0.03
51069,2017-07-01,3.6,0.27
51069,2017-08-01,3.3,0.33
51069,2017-09-01,3.2,0.23
51069,2017-10-01,3.4,0.17
51069,2017-11-01,3.3,0.17
51069,2017-12-01,3,0.10
51069,2018-01-01,3.7,0.20
51069,2018-02-01,3.7,0.33
51069,2018-03-01,3.4,0.47
51069,2018-04-01,2.9,0.20
51069,2018-05-01,3,0.00
51069,2018-06-01,3.6,0.07
51069,2018-07-01,3.3,0.20
51069,2018-08-01,3,0.20
51069,2018-09-01,2.9,0.00
51069,2018-10-01,3,0.00
51069,2018-11-01,2.8,0.00
51069,2018-12-01,2.7,0.00
51069,2019-01-01,3.4,0.13
51069,2019-02-01,3.3,0.30
51069,2019-03-01,3,0.40
51069,2019-04-01,2.4,0.07
51069,2019-05-01,2.6,0.00
51069,2019-06-01,3.1,0.03
51069,2019-07-01,3.1,0.27
51069,2019-08-01,2.8,0.33
51069,2019-09-01,2.5,0.13
51069,2019-10-01,2.6,0.00
51069,2019-11-01,2.4,0.00
51069,2019-12-01,2.3,0.00
51069,2020-01-01,2.9,0.10
51069,2020-02-01,2.9,0.27
51069,2020-03-01,3.3,0.60
51069,2020-04-01,7.7,2.20
51069,2020-05-01,7.9,3.87
51069,2020-06-01,6.9,5.07
51069,2020-07-01,6.5,4.67
51069,2020-08-01,5.5,3.87
51069,2020-09-01,5.5,3.40
51069,2020-10-01,5,2.90
51069,2020-11-01,4.9,2.70
51069,2020-12-01,5,2.53
51069,2021-01-01,5.1,2.47
51069,2021-02-01,5,2.33
51069,2021-03-01,4.6,1.87
51069,2021-04-01,4.1,0.00
51069,2021-05-01,4.2,0.00
51069,2021-06-01,4.9,0.10
51069,2021-07-01,4.1,0.10
51069,2021-08-01,4,0.03
51069,2021-09-01,3.6,0.00
51069,2021-10-01,3.4,0.00
51069,2021-11-01,3,0.00
51069,2021-12-01,2.5,0.00
51069,2022-01-01,2.9,0.00
51069,2022-02-01,3,0.00
51069,2022-03-01,2.7,0.07
51069,2022-04-01,2.2,0.00
51069,2022-05-01,2.4,0.00
51069,2022-06-01,3.1,0.13
51069,2022-07-01,2.7,0.30
51069,2022-08-01,2.8,0.43
51069,2022-09-01,2.3,0.17
51069,2022-10-01,2.4,0.07
51069,2022-11-01,2.1,0.00
51069,2022-12-01,1.8,0.00
51069,2023-01-01,2.1,0.00
51069,2023-02-01,2.2,0.03
51069,2023-03-01,1.8,0.03
51069,2023-04-01,1.3,0.00
51069,2023-05-01,1.5,0.00
51069,2023-06-01,1.8,0.00
51069,2023-07-01,1.9,0.20
51069,2023-08-01,2.1,0.40
51069,2023-09-01,2,0.47
51069,2023-10-01,2.2,0.57
51069,2023-11-01,2,0.53
51069,2023-12-01,2.1,0.57
51069,2024-01-01,2.5,0.67
51069,2024-02-01,2.8,0.93
51069,2024-03-01,2.7,1.13
51069,2024-04-01,2.2,1.03
51069,2024-05-01,2.4,0.90
51069,2024-06-01,3.1,1.03
51069,2024-07-01,3.1,1.13
51069,2024-08-01,3.1,1.17
51069,2024-09-01,2.7,0.97
51069,2024-10-01,2.9,0.83
51069,2024-11-01,2.9,0.77
51069,2024-12-01,2.5,0.67
51069,2025-01-01,3,0.60
51069,2025-02-01,3.4,0.53
51069,2025-03-01,3.3,0.80
51069,2025-04-01,3.1,0.83
51069,2025-05-01,3.3,0.80
51069,2025-06-01,3.7,0.80
51069,2025-07-01,3.8,0.83
51069,2025-08-01,3.9,1.03
51069,2025-09-01,3.9,1.10
51069,2025-10-01,3.8,1.10
51069,2025-11-01,3.7,1.03
51069,2025-12-01,3.2,0.80
51069,2026-01-01,3.9,0.80
51069,2026-02-01,4.4,0.87
51069,2026-03-01,3.9,0.83
51069,2026-04-01,3.9,0.83
51069,2026-05-01,3.4,0.50
51069,2026-06-01,3.5,0.23
51069,2026-07-01,3.5,0.00
51069,2026-08-01,3.3,0.00
51071,1990-01-01,10.9,NaN
51071,1990-02-01,10.7,NaN
51071,1990-03-01,8.8,NaN
51071,1990-04-01,6.8,NaN
51071,1990-05-01,6.4,NaN
51071,1990-06-01,6.9,NaN
51071,1990-07-01,13,NaN
51071,1990-08-01,6.9,NaN
51071,1990-09-01,7.8,NaN
51071,1990-10-01,7.8,NaN
51071,1990-11-01,8.9,NaN
51071,1990-12-01,9.5,NaN
51071,1991-01-01,11,NaN
51071,1991-02-01,9.7,NaN
51071,1991-03-01,9.4,3.33
51071,1991-04-01,9.2,2.73
51071,1991-05-01,11.4,3.30
51071,1991-06-01,11.1,3.87
51071,1991-07-01,10.3,3.43
51071,1991-08-01,10.5,3.13
51071,1991-09-01,9.8,2.70
51071,1991-10-01,10.2,2.67
51071,1991-11-01,9.7,1.73
51071,1991-12-01,11.5,1.73
51071,1992-01-01,11.8,1.57
51071,1992-02-01,10.7,1.90
51071,1992-03-01,10.2,1.47
51071,1992-04-01,9.3,0.63
51071,1992-05-01,8,0.00
51071,1992-06-01,8,0.00
51071,1992-07-01,6.6,0.00
51071,1992-08-01,7.8,0.00
51071,1992-09-01,7,0.00
51071,1992-10-01,5.7,0.00
51071,1992-11-01,7.3,0.00
51071,1992-12-01,6,0.00
51071,1993-01-01,7.1,0.47
51071,1993-02-01,8.4,0.83
51071,1993-03-01,7.9,1.47
51071,1993-04-01,8.9,2.07
51071,1993-05-01,8.9,2.23
51071,1993-06-01,9.1,2.63
51071,1993-07-01,8,2.33
51071,1993-08-01,8.1,2.07
51071,1993-09-01,7.1,1.40
51071,1993-10-01,7.8,1.33
51071,1993-11-01,6.4,0.77
51071,1993-12-01,5.1,0.10
51071,1994-01-01,7.6,0.00
51071,1994-02-01,8.3,0.63
51071,1994-03-01,7.8,1.53
51071,1994-04-01,6.8,1.27
51071,1994-05-01,7,0.83
51071,1994-06-01,5.9,0.20
51071,1994-07-01,7.5,0.43
51071,1994-08-01,4.9,0.00
51071,1994-09-01,5.3,0.00
51071,1994-10-01,5.7,0.00
51071,1994-11-01,7,0.70
51071,1994-12-01,8.9,1.90
51071,1995-01-01,8.1,2.70
51071,1995-02-01,9.8,3.63
51071,1995-03-01,7.2,3.07
51071,1995-04-01,6.7,2.60
51071,1995-05-01,5.7,1.23
51071,1995-06-01,6.6,1.03
51071,1995-07-01,5.2,0.53
51071,1995-08-01,6.4,0.77
51071,1995-09-01,6.3,0.67
51071,1995-10-01,7,1.27
51071,1995-11-01,8.1,1.30
51071,1995-12-01,8.1,1.90
51071,1996-01-01,11.2,3.30
51071,1996-02-01,7.7,3.17
51071,1996-03-01,7.4,2.93
51071,1996-04-01,7.8,1.80
51071,1996-05-01,5.2,0.97
51071,1996-06-01,5.2,0.23
51071,1996-07-01,9,0.63
51071,1996-08-01,5.4,0.57
51071,1996-09-01,5.7,0.73
51071,1996-10-01,5.2,0.00
51071,1996-11-01,5.5,0.03
51071,1996-12-01,5.6,0.00
51071,1997-01-01,8.7,1.17
51071,1997-02-01,7.7,1.90
51071,1997-03-01,7.2,2.43
51071,1997-04-01,5.7,1.43
51071,1997-05-01,5.5,0.70
51071,1997-06-01,4.4,0.00
51071,1997-07-01,6.1,0.13
51071,1997-08-01,3.2,0.00
51071,1997-09-01,2.8,0.00
51071,1997-10-01,4.3,0.00
51071,1997-11-01,4.9,0.57
51071,1997-12-01,13.1,4.00
51071,1998-01-01,7.3,5.00
51071,1998-02-01,6.1,5.40
51071,1998-03-01,5.7,2.93
51071,1998-04-01,8,3.17
51071,1998-05-01,10,4.47
51071,1998-06-01,8.2,5.30
51071,1998-07-01,8.4,5.43
51071,1998-08-01,7.8,4.70
51071,1998-09-01,7.5,4.47
51071,1998-10-01,6.4,3.80
51071,1998-11-01,5.3,2.40
51071,1998-12-01,5.3,0.00
51071,1999-01-01,7.5,0.37
51071,1999-02-01,8.2,1.33
51071,1999-03-01,5.5,1.40
51071,1999-04-01,5,0.57
51071,1999-05-01,5.4,0.00
51071,1999-06-01,6.2,0.23
51071,1999-07-01,7.4,1.03
51071,1999-08-01,5.5,1.07
51071,1999-09-01,5.2,0.73
51071,1999-10-01,5.3,0.03
51071,1999-11-01,5.3,0.00
51071,1999-12-01,4.5,0.00
51071,2000-01-01,6.8,0.50
51071,2000-02-01,5.6,0.60
51071,2000-03-01,4.4,0.57
51071,2000-04-01,3.9,0.00
51071,2000-05-01,3.8,0.00
51071,2000-06-01,3.6,0.00
51071,2000-07-01,4.3,0.13
51071,2000-08-01,4,0.20
51071,2000-09-01,3.5,0.17
51071,2000-10-01,3.4,0.00
51071,2000-11-01,3.8,0.00
51071,2000-12-01,3.9,0.13
51071,2001-01-01,5.3,0.77
51071,2001-02-01,5.3,1.27
51071,2001-03-01,5.6,1.83
51071,2001-04-01,4.3,1.50
51071,2001-05-01,4.4,1.20
51071,2001-06-01,5,1.00
51071,2001-07-01,6.4,1.70
51071,2001-08-01,5.7,2.13
51071,2001-09-01,5.9,2.43
51071,2001-10-01,6.4,2.43
51071,2001-11-01,6.3,2.63
51071,2001-12-01,6.6,2.73
51071,2002-01-01,7.9,2.60
51071,2002-02-01,6.9,2.57
51071,2002-03-01,7.1,2.73
51071,2002-04-01,6.1,2.13
51071,2002-05-01,5.6,1.70
51071,2002-06-01,5.2,1.07
51071,2002-07-01,5.1,0.03
51071,2002-08-01,5.1,0.00
51071,2002-09-01,5.3,0.03
51071,2002-10-01,5.5,0.17
51071,2002-11-01,5.6,0.33
51071,2002-12-01,6.6,0.77
51071,2003-01-01,7.2,1.33
51071,2003-02-01,7,1.80
51071,2003-03-01,5.9,1.57
51071,2003-04-01,5.4,0.97
51071,2003-05-01,5,0.30
51071,2003-06-01,5.4,0.13
51071,2003-07-01,5.6,0.20
51071,2003-08-01,4.9,0.17
51071,2003-09-01,4.4,0.00
51071,2003-10-01,4.5,0.00
51071,2003-11-01,4.6,0.00
51071,2003-12-01,4.9,0.17
51071,2004-01-01,6.2,0.73
51071,2004-02-01,6.2,1.27
51071,2004-03-01,5.9,1.60
51071,2004-04-01,4.8,1.13
51071,2004-05-01,4.7,0.63
51071,2004-06-01,5.2,0.40
51071,2004-07-01,4.7,0.37
51071,2004-08-01,4.6,0.33
51071,2004-09-01,3.9,0.00
51071,2004-10-01,4.3,0.00
51071,2004-11-01,4.9,0.10
51071,2004-12-01,4.9,0.43
51071,2005-01-01,5.3,0.77
51071,2005-02-01,5.6,1.00
51071,2005-03-01,5.8,1.30
51071,2005-04-01,4.3,0.97
51071,2005-05-01,5.7,1.00
51071,2005-06-01,5.8,1.00
51071,2005-07-01,5.4,1.37
51071,2005-08-01,4.9,1.10
51071,2005-09-01,4.6,0.70
51071,2005-10-01,4.2,0.30
51071,2005-11-01,4.2,0.00
51071,2005-12-01,4.6,0.00
51071,2006-01-01,4.5,0.10
51071,2006-02-01,4.2,0.10
51071,2006-03-01,4.1,0.00
51071,2006-04-01,3.4,0.00
51071,2006-05-01,3.3,0.00
51071,2006-06-01,3.6,0.00
51071,2006-07-01,3.6,0.07
51071,2006-08-01,4.2,0.37
51071,2006-09-01,3.2,0.23
51071,2006-10-01,2.9,0.00
51071,2006-11-01,3.9,0.00
51071,2006-12-01,3.9,0.23
51071,2007-01-01,4.7,0.83
51071,2007-02-01,5.3,1.30
51071,2007-03-01,4.8,1.60
51071,2007-04-01,4.6,1.57
51071,2007-05-01,4.9,1.43
51071,2007-06-01,4.6,1.37
51071,2007-07-01,4.1,1.20
51071,2007-08-01,5.4,1.37
51071,2007-09-01,4.1,1.20
51071,2007-10-01,3.9,1.13
51071,2007-11-01,3.9,0.63
51071,2007-12-01,4.6,0.57
51071,2008-01-01,5.4,0.67
51071,2008-02-01,5.4,1.17
51071,2008-03-01,5.1,1.33
51071,2008-04-01,4.4,1.00
51071,2008-05-01,4.2,0.60
51071,2008-06-01,5.6,0.77
51071,2008-07-01,5.5,1.13
51071,2008-08-01,5.7,1.63
51071,2008-09-01,6,1.77
51071,2008-10-01,5.5,1.77
51071,2008-11-01,6,1.87
51071,2008-12-01,7.4,2.17
51071,2009-01-01,8.6,2.77
51071,2009-02-01,8.9,3.73
51071,2009-03-01,10.1,4.63
51071,2009-04-01,9,4.77
51071,2009-05-01,9.2,4.87
51071,2009-06-01,9.9,4.63
51071,2009-07-01,8.9,4.23
51071,2009-08-01,9.6,3.87
51071,2009-09-01,8.9,3.40
51071,2009-10-01,9.2,3.50
51071,2009-11-01,9.1,3.23
51071,2009-12-01,9.7,3.03
51071,2010-01-01,10.7,2.50
51071,2010-02-01,11.6,2.37
51071,2010-03-01,10.3,1.80
51071,2010-04-01,8.8,1.17
51071,2010-05-01,8.7,0.20
51071,2010-06-01,8.8,0.00
51071,2010-07-01,8.9,0.03
51071,2010-08-01,9.5,0.30
51071,2010-09-01,8.4,0.17
51071,2010-10-01,7.9,0.00
51071,2010-11-01,8,0.00
51071,2010-12-01,7.9,0.00
51071,2011-01-01,9.1,0.40
51071,2011-02-01,8.4,0.53
51071,2011-03-01,7.8,0.50
51071,2011-04-01,7.1,0.00
51071,2011-05-01,7.4,0.00
51071,2011-06-01,7.8,0.00
51071,2011-07-01,7.7,0.20
51071,2011-08-01,8.4,0.53
51071,2011-09-01,7.3,0.37
51071,2011-10-01,6.8,0.07
51071,2011-11-01,6.5,0.00
51071,2011-12-01,7,0.00
51071,2012-01-01,9,0.73
51071,2012-02-01,7.4,1.03
51071,2012-03-01,6.8,0.97
51071,2012-04-01,6.4,0.10
51071,2012-05-01,6.7,0.00
51071,2012-06-01,7.5,0.23
51071,2012-07-01,7.8,0.70
51071,2012-08-01,7.4,0.93
51071,2012-09-01,6.5,0.60
51071,2012-10-01,6.3,0.10
51071,2012-11-01,6,0.00
51071,2012-12-01,6.1,0.00
51071,2013-01-01,9.6,1.10
51071,2013-02-01,8.2,1.83
51071,2013-03-01,6.5,1.97
51071,2013-04-01,6,0.77
51071,2013-05-01,6.1,0.07
51071,2013-06-01,6.9,0.20
51071,2013-07-01,7.1,0.57
51071,2013-08-01,6.6,0.73
51071,2013-09-01,6.4,0.57
51071,2013-10-01,6.1,0.23
51071,2013-11-01,6,0.03
51071,2013-12-01,5.8,0.00
51071,2014-01-01,7,0.30
51071,2014-02-01,6.5,0.47
51071,2014-03-01,6.2,0.60
51071,2014-04-01,5.6,0.13
51071,2014-05-01,5.8,0.00
51071,2014-06-01,6,0.00
51071,2014-07-01,6.6,0.33
51071,2014-08-01,6.5,0.57
51071,2014-09-01,5.7,0.47
51071,2014-10-01,5.4,0.07
51071,2014-11-01,5.5,0.00
51071,2014-12-01,5.2,0.00
51071,2015-01-01,6.3,0.30
51071,2015-02-01,5.5,0.30
51071,2015-03-01,5.2,0.30
51071,2015-04-01,4.8,0.00
51071,2015-05-01,5.2,0.00
51071,2015-06-01,5.2,0.00
51071,2015-07-01,5.4,0.20
51071,2015-08-01,5.1,0.17
51071,2015-09-01,4.6,0.00
51071,2015-10-01,4.6,0.00
51071,2015-11-01,4.6,0.00
51071,2015-12-01,4.4,0.00
51071,2016-01-01,5.4,0.27
51071,2016-02-01,6.2,0.80
51071,2016-03-01,5.2,1.07
51071,2016-04-01,4.8,0.87
51071,2016-05-01,4.9,0.43
51071,2016-06-01,5.4,0.50
51071,2016-07-01,5.4,0.70
51071,2016-08-01,7.4,1.53
51071,2016-09-01,5.7,1.63
51071,2016-10-01,5.4,1.63
51071,2016-11-01,5.2,0.90
51071,2016-12-01,4.9,0.63
51071,2017-01-01,7.4,1.03
51071,2017-02-01,5,0.80
51071,2017-03-01,6.2,1.23
51071,2017-04-01,4.3,0.20
51071,2017-05-01,4.4,0.00
51071,2017-06-01,4.5,0.00
51071,2017-07-01,4.6,0.10
51071,2017-08-01,4.7,0.20
51071,2017-09-01,4.2,0.10
51071,2017-10-01,4.1,0.00
51071,2017-11-01,3.9,0.00
51071,2017-12-01,3.6,0.00
51071,2018-01-01,4.3,0.07
51071,2018-02-01,4.1,0.13
51071,2018-03-01,3.9,0.23
51071,2018-04-01,3.2,0.00
51071,2018-05-01,3.3,0.00
51071,2018-06-01,3.7,0.00
51071,2018-07-01,3.6,0.13
51071,2018-08-01,3.4,0.17
51071,2018-09-01,3.1,0.00
51071,2018-10-01,3,0.00
51071,2018-11-01,3,0.00
51071,2018-12-01,2.8,0.00
51071,2019-01-01,4.1,0.37
51071,2019-02-01,3.5,0.53
51071,2019-03-01,3.4,0.73
51071,2019-04-01,2.7,0.27
51071,2019-05-01,3.1,0.13
51071,2019-06-01,3.5,0.17
51071,2019-07-01,3.3,0.37
51071,2019-08-01,3.1,0.37
51071,2019-09-01,2.9,0.17
51071,2019-10-01,2.8,0.00
51071,2019-11-01,3,0.00
51071,2019-12-01,4.3,0.47
51071,2020-01-01,3.5,0.70
51071,2020-02-01,3.6,0.90
51071,2020-03-01,4.4,0.93
51071,2020-04-01,13.4,4.23
51071,2020-05-01,11.4,6.83
51071,2020-06-01,10.3,8.80
51071,2020-07-01,8.5,7.17
51071,2020-08-01,7.4,5.83
51071,2020-09-01,5.5,4.23
51071,2020-10-01,4.3,2.83
51071,2020-11-01,4.4,1.83
51071,2020-12-01,4,0.87
51071,2021-01-01,4.5,0.70
51071,2021-02-01,4.3,0.47
51071,2021-03-01,4,0.43
51071,2021-04-01,3.6,0.00
51071,2021-05-01,3.6,0.00
51071,2021-06-01,4.8,0.27
51071,2021-07-01,4.1,0.43
51071,2021-08-01,3.9,0.53
51071,2021-09-01,3.1,0.00
51071,2021-10-01,2.8,0.00
51071,2021-11-01,2,0.00
51071,2021-12-01,2.3,0.00
51071,2022-01-01,2.9,0.03
51071,2022-02-01,2.9,0.33
51071,2022-03-01,3.1,0.60
51071,2022-04-01,2.4,0.43
51071,2022-05-01,2.9,0.43
51071,2022-06-01,3.4,0.53
51071,2022-07-01,3.3,0.83
51071,2022-08-01,3.6,1.07
51071,2022-09-01,3,0.93
51071,2022-10-01,2.9,0.80
51071,2022-11-01,3.3,0.70
51071,2022-12-01,2.7,0.60
51071,2023-01-01,3.3,0.70
51071,2023-02-01,3,0.30
51071,2023-03-01,2.6,0.17
51071,2023-04-01,2.3,0.00
51071,2023-05-01,3,0.00
51071,2023-06-01,3,0.13
51071,2023-07-01,2.8,0.30
51071,2023-08-01,3,0.30
51071,2023-09-01,2.6,0.17
51071,2023-10-01,2.7,0.13
51071,2023-11-01,2.6,0.00
51071,2023-12-01,2.4,0.00
51071,2024-01-01,2.9,0.07
51071,2024-02-01,2.7,0.10
51071,2024-03-01,2.4,0.10
51071,2024-04-01,2.5,0.00
51071,2024-05-01,2.8,0.03
51071,2024-06-01,3.3,0.33
51071,2024-07-01,3.5,0.67
51071,2024-08-01,4,1.07
51071,2024-09-01,3,0.97
51071,2024-10-01,4.2,1.20
51071,2024-11-01,3.5,1.03
51071,2024-12-01,3.1,1.07
51071,2025-01-01,3.9,0.97
51071,2025-02-01,4.3,1.23
51071,2025-03-01,3.6,1.40
51071,2025-04-01,3,1.10
51071,2025-05-01,3.3,0.73
51071,2025-06-01,5.4,1.03
51071,2025-07-01,3.8,0.97
51071,2025-08-01,6.3,1.87
51071,2025-09-01,6.1,2.10
51071,2025-10-01,5.05,2.52
51071,2025-11-01,4,1.75
51071,2025-12-01,3.4,0.85
51071,2026-01-01,3.8,0.43
51071,2026-02-01,3.7,0.33
51071,2026-03-01,4.7,0.77
51071,2026-04-01,3.4,0.63
51071,2026-05-01,3.6,0.60
51071,2026-06-01,4.2,0.10
51071,2026-07-01,3.9,0.27
51071,2026-08-01,3.6,0.27
51073,1990-01-01,4.2,NaN
51073,1990-02-01,3.7,NaN
51073,1990-03-01,3.2,NaN
51073,1990-04-01,2.9,NaN
51073,1990-05-01,3.1,NaN
51073,1990-06-01,3.5,NaN
51073,1990-07-01,3,NaN
51073,1990-08-01,3.5,NaN
51073,1990-09-01,3.6,NaN
51073,1990-10-01,3.5,NaN
51073,1990-11-01,3.9,NaN
51073,1990-12-01,4.1,NaN
51073,1991-01-01,5.2,NaN
51073,1991-02-01,5.8,NaN
51073,1991-03-01,5.1,2.30
51073,1991-04-01,4.3,2.00
51073,1991-05-01,4.4,1.53
51073,1991-06-01,4.2,1.13
51073,1991-07-01,3.8,0.93
51073,1991-08-01,3.6,0.53
51073,1991-09-01,3.3,0.20
51073,1991-10-01,3.6,0.00
51073,1991-11-01,4.5,0.30
51073,1991-12-01,4.8,0.80
51073,1992-01-01,6.1,1.63
51073,1992-02-01,5.4,1.93
51073,1992-03-01,5.1,2.03
51073,1992-04-01,4.4,1.47
51073,1992-05-01,4.7,1.23
51073,1992-06-01,4.9,1.17
51073,1992-07-01,4.2,1.10
51073,1992-08-01,4.1,0.90
51073,1992-09-01,4,0.60
51073,1992-10-01,4.2,0.60
51073,1992-11-01,4.5,0.43
51073,1992-12-01,4,0.13
51073,1993-01-01,5.7,0.63
51073,1993-02-01,5.1,0.83
51073,1993-03-01,4.6,1.03
51073,1993-04-01,4,0.47
51073,1993-05-01,4.1,0.13
51073,1993-06-01,4.1,0.00
51073,1993-07-01,3.9,0.00
51073,1993-08-01,4.7,0.20
51073,1993-09-01,4.2,0.23
51073,1993-10-01,4.5,0.43
51073,1993-11-01,4.5,0.37
51073,1993-12-01,4.6,0.50
51073,1994-01-01,6.4,1.13
51073,1994-02-01,6.1,1.67
51073,1994-03-01,5.6,2.00
51073,1994-04-01,4.8,1.47
51073,1994-05-01,4.2,0.83
51073,1994-06-01,4,0.30
51073,1994-07-01,3.6,0.00
51073,1994-08-01,3.9,0.00
51073,1994-09-01,3.6,0.00
51073,1994-10-01,3.6,0.00
51073,1994-11-01,3.8,0.00
51073,1994-12-01,4.1,0.17
51073,1995-01-01,5,0.63
51073,1995-02-01,4.1,0.73
51073,1995-03-01,3.4,0.50
51073,1995-04-01,3.1,0.00
51073,1995-05-01,3.2,0.00
51073,1995-06-01,3.5,0.03
51073,1995-07-01,3.5,0.17
51073,1995-08-01,3.3,0.20
51073,1995-09-01,3.5,0.20
51073,1995-10-01,3.2,0.10
51073,1995-11-01,3.2,0.07
51073,1995-12-01,3.4,0.03
51073,1996-01-01,4.4,0.43
51073,1996-02-01,4.1,0.73
51073,1996-03-01,3.6,0.80
51073,1996-04-01,3.1,0.37
51073,1996-05-01,3.7,0.23
51073,1996-06-01,3.6,0.20
51073,1996-07-01,3.2,0.23
51073,1996-08-01,3.4,0.13
51073,1996-09-01,3.4,0.07
51073,1996-10-01,3.4,0.13
51073,1996-11-01,3.3,0.10
51073,1996-12-01,3.1,0.00
51073,1997-01-01,3.8,0.13
51073,1997-02-01,3.9,0.33
51073,1997-03-01,3.6,0.50
51073,1997-04-01,2.9,0.20
51073,1997-05-01,2.6,0.00
51073,1997-06-01,2.8,0.00
51073,1997-07-01,2.5,0.00
51073,1997-08-01,2.3,0.00
51073,1997-09-01,2.1,0.00
51073,1997-10-01,2.4,0.00
51073,1997-11-01,2.5,0.07
51073,1997-12-01,2.3,0.13
51073,1998-01-01,3.2,0.40
51073,1998-02-01,2.6,0.43
51073,1998-03-01,2.6,0.53
51073,1998-04-01,1.7,0.03
51073,1998-05-01,1.9,0.00
51073,1998-06-01,2.5,0.00
51073,1998-07-01,2.5,0.27
51073,1998-08-01,2.8,0.57
51073,1998-09-01,2.5,0.57
51073,1998-10-01,2.3,0.50
51073,1998-11-01,2.1,0.27
51073,1998-12-01,2.1,0.13
51073,1999-01-01,3,0.37
51073,1999-02-01,2.9,0.63
51073,1999-03-01,2.4,0.73
51073,1999-04-01,2,0.40
51073,1999-05-01,2.2,0.17
51073,1999-06-01,2.3,0.13
51073,1999-07-01,2,0.00
51073,1999-08-01,2.3,0.03
51073,1999-09-01,2.2,0.00
51073,1999-10-01,2,0.00
51073,1999-11-01,1.8,0.00
51073,1999-12-01,1.9,0.00
51073,2000-01-01,2.7,0.23
51073,2000-02-01,2.5,0.47
51073,2000-03-01,2.1,0.53
51073,2000-04-01,1.6,0.17
51073,2000-05-01,1.8,0.00
51073,2000-06-01,2.1,0.00
51073,2000-07-01,1.8,0.07
51073,2000-08-01,2,0.13
51073,2000-09-01,1.8,0.03
51073,2000-10-01,1.6,0.00
51073,2000-11-01,1.6,0.00
51073,2000-12-01,1.6,0.00
51073,2001-01-01,2.3,0.23
51073,2001-02-01,2.4,0.50
51073,2001-03-01,2.3,0.73
51073,2001-04-01,2,0.63
51073,2001-05-01,2.2,0.57
51073,2001-06-01,2.5,0.63
51073,2001-07-01,2.2,0.70
51073,2001-08-01,2.6,0.83
51073,2001-09-01,2.5,0.83
51073,2001-10-01,2.4,0.90
51073,2001-11-01,2.8,0.97
51073,2001-12-01,2.7,1.03
51073,2002-01-01,3.5,1.17
51073,2002-02-01,3.6,1.17
51073,2002-03-01,3.3,1.30
51073,2002-04-01,3,1.13
51073,2002-05-01,3.1,0.97
51073,2002-06-01,3.4,0.93
51073,2002-07-01,3,0.87
51073,2002-08-01,3.2,0.77
51073,2002-09-01,3,0.63
51073,2002-10-01,2.8,0.50
51073,2002-11-01,3.1,0.40
51073,2002-12-01,3,0.33
51073,2003-01-01,3.8,0.33
51073,2003-02-01,3.8,0.57
51073,2003-03-01,3.2,0.63
51073,2003-04-01,2.9,0.33
51073,2003-05-01,2.8,0.00
51073,2003-06-01,3.4,0.07
51073,2003-07-01,2.9,0.07
51073,2003-08-01,3.1,0.17
51073,2003-09-01,3.1,0.07
51073,2003-10-01,3,0.10
51073,2003-11-01,3.2,0.13
51073,2003-12-01,2.9,0.07
51073,2004-01-01,3.7,0.30
51073,2004-02-01,3.5,0.40
51073,2004-03-01,3.2,0.50
51073,2004-04-01,2.8,0.20
51073,2004-05-01,2.8,0.00
51073,2004-06-01,3.2,0.00
51073,2004-07-01,3,0.07
51073,2004-08-01,3.1,0.17
51073,2004-09-01,2.7,0.00
51073,2004-10-01,2.8,0.00
51073,2004-11-01,3,0.00
51073,2004-12-01,2.9,0.07
51073,2005-01-01,3.4,0.27
51073,2005-02-01,3.5,0.43
51073,2005-03-01,3.2,0.53
51073,2005-04-01,3,0.40
51073,2005-05-01,3,0.23
51073,2005-06-01,3.3,0.27
51073,2005-07-01,3.1,0.30
51073,2005-08-01,3,0.30
51073,2005-09-01,2.8,0.13
51073,2005-10-01,2.6,0.00
51073,2005-11-01,2.9,0.00
51073,2005-12-01,2.7,0.00
51073,2006-01-01,3,0.13
51073,2006-02-01,3.1,0.20
51073,2006-03-01,2.6,0.17
51073,2006-04-01,2.5,0.00
51073,2006-05-01,2.5,0.00
51073,2006-06-01,2.8,0.07
51073,2006-07-01,2.8,0.17
51073,2006-08-01,2.9,0.30
51073,2006-09-01,2.5,0.20
51073,2006-10-01,2.3,0.03
51073,2006-11-01,2.4,0.00
51073,2006-12-01,2.4,0.00
51073,2007-01-01,2.9,0.20
51073,2007-02-01,2.7,0.30
51073,2007-03-01,2.4,0.30
51073,2007-04-01,2.2,0.07
51073,2007-05-01,2.3,0.00
51073,2007-06-01,2.5,0.03
51073,2007-07-01,2.5,0.13
51073,2007-08-01,2.6,0.23
51073,2007-09-01,2.4,0.20
51073,2007-10-01,2.5,0.20
51073,2007-11-01,2.5,0.17
51073,2007-12-01,2.7,0.27
51073,2008-01-01,3.3,0.53
51073,2008-02-01,3.2,0.77
51073,2008-03-01,3.2,0.93
51073,2008-04-01,2.8,0.77
51073,2008-05-01,3.3,0.80
51073,2008-06-01,3.6,0.90
51073,2008-07-01,3.6,1.07
51073,2008-08-01,3.6,1.13
51073,2008-09-01,3.5,1.10
51073,2008-10-01,3.8,1.17
51073,2008-11-01,4.1,1.33
51073,2008-12-01,4.9,1.70
51073,2009-01-01,6,2.17
51073,2009-02-01,6.4,2.70
51073,2009-03-01,6.3,3.17
51073,2009-04-01,5.9,3.13
51073,2009-05-01,6.3,3.07
51073,2009-06-01,6.5,3.00
51073,2009-07-01,6.1,2.80
51073,2009-08-01,5.8,2.57
51073,2009-09-01,6,2.40
51073,2009-10-01,6,2.30
51073,2009-11-01,5.9,2.17
51073,2009-12-01,5.9,1.67
51073,2010-01-01,7.4,1.40
51073,2010-02-01,7.1,1.03
51073,2010-03-01,6.9,1.20
51073,2010-04-01,6.3,0.83
51073,2010-05-01,6.5,0.63
51073,2010-06-01,6.5,0.50
51073,2010-07-01,6.4,0.53
51073,2010-08-01,6.3,0.47
51073,2010-09-01,6.1,0.33
51073,2010-10-01,6.1,0.23
51073,2010-11-01,6.3,0.23
51073,2010-12-01,6.1,0.23
51073,2011-01-01,6.8,0.23
51073,2011-02-01,6.7,0.37
51073,2011-03-01,6.2,0.40
51073,2011-04-01,5.7,0.03
51073,2011-05-01,5.8,0.00
51073,2011-06-01,6.1,0.00
51073,2011-07-01,6,0.10
51073,2011-08-01,6,0.17
51073,2011-09-01,6,0.13
51073,2011-10-01,5.6,0.00
51073,2011-11-01,5.4,0.00
51073,2011-12-01,5.6,0.00
51073,2012-01-01,6.2,0.20
51073,2012-02-01,6.2,0.47
51073,2012-03-01,5.6,0.47
51073,2012-04-01,4.9,0.03
51073,2012-05-01,5.3,0.00
51073,2012-06-01,5.6,0.00
51073,2012-07-01,5.5,0.20
51073,2012-08-01,5.5,0.27
51073,2012-09-01,5.2,0.13
51073,2012-10-01,5,0.00
51073,2012-11-01,4.9,0.00
51073,2012-12-01,5,0.00
51073,2013-01-01,5.9,0.30
51073,2013-02-01,5.6,0.53
51073,2013-03-01,5.1,0.57
51073,2013-04-01,4.7,0.17
51073,2013-05-01,5,0.00
51073,2013-06-01,5.3,0.07
51073,2013-07-01,5,0.17
51073,2013-08-01,5,0.17
51073,2013-09-01,4.9,0.03
51073,2013-10-01,4.8,0.00
51073,2013-11-01,4.7,0.00
51073,2013-12-01,4.4,0.00
51073,2014-01-01,5.3,0.17
51073,2014-02-01,5.3,0.37
51073,2014-03-01,5,0.57
51073,2014-04-01,4.4,0.27
51073,2014-05-01,4.7,0.07
51073,2014-06-01,4.7,0.00
51073,2014-07-01,4.7,0.10
51073,2014-08-01,4.9,0.17
51073,2014-09-01,4.5,0.10
51073,2014-10-01,4.3,0.00
51073,2014-11-01,4.3,0.00
51073,2014-12-01,4.1,0.00
51073,2015-01-01,4.9,0.20
51073,2015-02-01,4.6,0.30
51073,2015-03-01,4.4,0.40
51073,2015-04-01,3.8,0.03
51073,2015-05-01,4.1,0.00
51073,2015-06-01,3.9,0.00
51073,2015-07-01,3.8,0.00
51073,2015-08-01,3.7,0.00
51073,2015-09-01,3.8,0.00
51073,2015-10-01,3.7,0.00
51073,2015-11-01,3.7,0.00
51073,2015-12-01,3.5,0.00
51073,2016-01-01,4.2,0.17
51073,2016-02-01,4.1,0.30
51073,2016-03-01,3.9,0.43
51073,2016-04-01,3.4,0.17
51073,2016-05-01,3.6,0.00
51073,2016-06-01,3.6,0.00
51073,2016-07-01,3.6,0.07
51073,2016-08-01,3.7,0.10
51073,2016-09-01,3.7,0.13
51073,2016-10-01,3.6,0.13
51073,2016-11-01,3.5,0.07
51073,2016-12-01,3.4,0.00
51073,2017-01-01,4.1,0.17
51073,2017-02-01,3.9,0.30
51073,2017-03-01,3.5,0.33
51073,2017-04-01,3.1,0.00
51073,2017-05-01,3.3,0.00
51073,2017-06-01,3.3,0.00
51073,2017-07-01,3.3,0.07
51073,2017-08-01,3.3,0.07
51073,2017-09-01,3.1,0.00
51073,2017-10-01,3,0.00
51073,2017-11-01,3.1,0.00
51073,2017-12-01,2.7,0.00
51073,2018-01-01,3.3,0.10
51073,2018-02-01,3.1,0.10
51073,2018-03-01,2.9,0.17
51073,2018-04-01,2.5,0.00
51073,2018-05-01,2.6,0.00
51073,2018-06-01,2.9,0.00
51073,2018-07-01,2.7,0.07
51073,2018-08-01,2.8,0.13
51073,2018-09-01,2.6,0.03
51073,2018-10-01,2.6,0.00
51073,2018-11-01,2.5,0.00
51073,2018-12-01,2.5,0.00
51073,2019-01-01,3.1,0.17
51073,2019-02-01,2.9,0.30
51073,2019-03-01,2.8,0.40
51073,2019-04-01,2.3,0.13
51073,2019-05-01,2.6,0.03
51073,2019-06-01,2.6,0.00
51073,2019-07-01,2.6,0.10
51073,2019-08-01,2.6,0.10
51073,2019-09-01,2.5,0.07
51073,2019-10-01,2.4,0.00
51073,2019-11-01,2.4,0.00
51073,2019-12-01,2.2,0.00
51073,2020-01-01,2.8,0.13
51073,2020-02-01,2.6,0.20
51073,2020-03-01,2.9,0.43
51073,2020-04-01,10.5,3.00
51073,2020-05-01,8.7,5.03
51073,2020-06-01,8.7,6.97
51073,2020-07-01,7.8,6.07
51073,2020-08-01,6.5,5.33
51073,2020-09-01,5.4,4.23
51073,2020-10-01,4.5,3.13
51073,2020-11-01,4.2,2.37
51073,2020-12-01,3.9,1.87
51073,2021-01-01,4.3,1.67
51073,2021-02-01,4.2,1.60
51073,2021-03-01,4,1.40
51073,2021-04-01,3.5,0.00
51073,2021-05-01,3.5,0.00
51073,2021-06-01,3.9,0.00
51073,2021-07-01,3.4,0.00
51073,2021-08-01,3.4,0.00
51073,2021-09-01,3.1,0.00
51073,2021-10-01,2.7,0.00
51073,2021-11-01,1.9,0.00
51073,2021-12-01,2.4,0.00
51073,2022-01-01,2.5,0.00
51073,2022-02-01,2.3,0.13
51073,2022-03-01,2.4,0.13
51073,2022-04-01,2.2,0.03
51073,2022-05-01,2.6,0.13
51073,2022-06-01,2.7,0.23
51073,2022-07-01,2.7,0.40
51073,2022-08-01,3,0.53
51073,2022-09-01,2.6,0.50
51073,2022-10-01,2.6,0.47
51073,2022-11-01,2.7,0.37
51073,2022-12-01,2.3,0.27
51073,2023-01-01,2.7,0.30
51073,2023-02-01,2.6,0.23
51073,2023-03-01,2.5,0.30
51073,2023-04-01,2.2,0.13
51073,2023-05-01,2.5,0.00
51073,2023-06-01,2.6,0.03
51073,2023-07-01,2.4,0.10
51073,2023-08-01,2.6,0.13
51073,2023-09-01,2.5,0.10
51073,2023-10-01,2.5,0.13
51073,2023-11-01,2.5,0.10
51073,2023-12-01,2.2,0.00
51073,2024-01-01,2.6,0.03
51073,2024-02-01,2.6,0.07
51073,2024-03-01,2.4,0.13
51073,2024-04-01,2.2,0.00
51073,2024-05-01,2.5,0.00
51073,2024-06-01,2.8,0.13
51073,2024-07-01,2.9,0.37
51073,2024-08-01,2.9,0.50
51073,2024-09-01,2.6,0.43
51073,2024-10-01,2.6,0.33
51073,2024-11-01,2.7,0.27
51073,2024-12-01,2.3,0.17
51073,2025-01-01,2.9,0.27
51073,2025-02-01,2.8,0.30
51073,2025-03-01,2.7,0.43
51073,2025-04-01,2.6,0.33
51073,2025-05-01,2.9,0.37
51073,2025-06-01,3,0.33
51073,2025-07-01,2.8,0.37
51073,2025-08-01,2.9,0.37
51073,2025-09-01,2.8,0.30
51073,2025-10-01,3.1,0.40
51073,2025-11-01,3.4,0.57
51073,2025-12-01,3,0.63
51073,2026-01-01,3.1,0.53
51073,2026-02-01,3.3,0.47
51073,2026-03-01,3.3,0.53
51073,2026-04-01,3,0.50
51073,2026-05-01,3.1,0.40
51073,2026-06-01,3.4,0.33
51073,2026-07-01,3.1,0.37
51073,2026-08-01,2.9,0.30
51075,1990-01-01,3.3,NaN
51075,1990-02-01,3.6,NaN
51075,1990-03-01,3.2,NaN
51075,1990-04-01,2.7,NaN
51075,1990-05-01,2.7,NaN
51075,1990-06-01,3.2,NaN
51075,1990-07-01,3.1,NaN
51075,1990-08-01,3.1,NaN
51075,1990-09-01,3,NaN
51075,1990-10-01,2.9,NaN
51075,1990-11-01,3.4,NaN
51075,1990-12-01,3.2,NaN
51075,1991-01-01,4.7,NaN
51075,1991-02-01,5,NaN
51075,1991-03-01,5,2.03
51075,1991-04-01,4.5,1.97
51075,1991-05-01,5.6,2.17
51075,1991-06-01,5.5,2.33
51075,1991-07-01,5.1,2.40
51075,1991-08-01,5.6,2.40
51075,1991-09-01,5,2.23
51075,1991-10-01,4.4,2.00
51075,1991-11-01,4.9,1.67
51075,1991-12-01,5.2,1.67
51075,1992-01-01,6.2,1.67
51075,1992-02-01,5.8,1.43
51075,1992-03-01,6.2,1.30
51075,1992-04-01,5,0.90
51075,1992-05-01,5.6,0.83
51075,1992-06-01,5.8,0.70
51075,1992-07-01,5.7,0.93
51075,1992-08-01,5.5,0.90
51075,1992-09-01,5.9,0.93
51075,1992-10-01,6,1.03
51075,1992-11-01,5.8,1.13
51075,1992-12-01,5,0.77
51075,1993-01-01,6.1,0.20
51075,1993-02-01,5.2,0.00
51075,1993-03-01,3.8,0.00
51075,1993-04-01,3.9,0.00
51075,1993-05-01,4.4,0.00
51075,1993-06-01,4.9,0.37
51075,1993-07-01,4.1,0.43
51075,1993-08-01,3.9,0.27
51075,1993-09-01,4,0.00
51075,1993-10-01,3.9,0.00
51075,1993-11-01,3.3,0.00
51075,1993-12-01,3.7,0.00
51075,1994-01-01,4.7,0.27
51075,1994-02-01,4,0.50
51075,1994-03-01,4.1,0.63
51075,1994-04-01,3.8,0.33
51075,1994-05-01,3.8,0.27
51075,1994-06-01,3.4,0.03
51075,1994-07-01,3.3,0.00
51075,1994-08-01,3.2,0.00
51075,1994-09-01,3.1,0.00
51075,1994-10-01,3.8,0.17
51075,1994-11-01,3.3,0.20
51075,1994-12-01,3.5,0.33
51075,1995-01-01,3.6,0.27
51075,1995-02-01,3,0.17
51075,1995-03-01,3.2,0.07
51075,1995-04-01,2.3,0.00
51075,1995-05-01,2.4,0.00
51075,1995-06-01,3,0.00
51075,1995-07-01,2.8,0.17
51075,1995-08-01,2.9,0.33
51075,1995-09-01,2.7,0.23
51075,1995-10-01,2.7,0.20
51075,1995-11-01,2.6,0.10
51075,1995-12-01,2.5,0.03
51075,1996-01-01,3,0.13
51075,1996-02-01,3,0.27
51075,1996-03-01,2.7,0.33
51075,1996-04-01,1.9,0.00
51075,1996-05-01,2.1,0.00
51075,1996-06-01,2,0.00
51075,1996-07-01,1.9,0.00
51075,1996-08-01,1.9,0.00
51075,1996-09-01,1.9,0.00
51075,1996-10-01,2.1,0.07
51075,1996-11-01,2.2,0.17
51075,1996-12-01,2.4,0.33
51075,1997-01-01,3,0.63
51075,1997-02-01,3.2,0.97
51075,1997-03-01,2.8,1.10
51075,1997-04-01,2,0.77
51075,1997-05-01,2,0.37
51075,1997-06-01,2,0.10
51075,1997-07-01,1.9,0.07
51075,1997-08-01,2.2,0.13
51075,1997-09-01,2.4,0.27
51075,1997-10-01,2,0.23
51075,1997-11-01,1.8,0.10
51075,1997-12-01,2,0.00
51075,1998-01-01,2.6,0.20
51075,1998-02-01,2.6,0.47
51075,1998-03-01,2.3,0.57
51075,1998-04-01,1.6,0.23
51075,1998-05-01,1.8,0.00
51075,1998-06-01,2.1,0.00
51075,1998-07-01,2,0.13
51075,1998-08-01,2.2,0.27
51075,1998-09-01,2,0.23
51075,1998-10-01,2.1,0.27
51075,1998-11-01,1.7,0.10
51075,1998-12-01,1.6,0.00
51075,1999-01-01,1.6,0.00
51075,1999-02-01,1.7,0.00
51075,1999-03-01,1.5,0.00
51075,1999-04-01,1.7,0.03
51075,1999-05-01,1.7,0.03
51075,1999-06-01,2.2,0.27
51075,1999-07-01,1.9,0.33
51075,1999-08-01,1.5,0.27
51075,1999-09-01,1.4,0.00
51075,1999-10-01,1.5,0.00
51075,1999-11-01,1.5,0.00
51075,1999-12-01,1.2,0.00
51075,2000-01-01,1.9,0.13
51075,2000-02-01,2,0.30
51075,2000-03-01,1.9,0.53
51075,2000-04-01,1.6,0.43
51075,2000-05-01,1.9,0.40
51075,2000-06-01,2,0.43
51075,2000-07-01,1.8,0.50
51075,2000-08-01,1.8,0.47
51075,2000-09-01,1.8,0.40
51075,2000-10-01,1.6,0.33
51075,2000-11-01,1.4,0.20
51075,2000-12-01,1.4,0.07
51075,2001-01-01,1.8,0.07
51075,2001-02-01,2,0.27
51075,2001-03-01,2.1,0.50
51075,2001-04-01,2,0.57
51075,2001-05-01,2.2,0.63
51075,2001-06-01,2.6,0.80
51075,2001-07-01,2.4,0.93
51075,2001-08-01,2.8,1.13
51075,2001-09-01,2.8,1.20
51075,2001-10-01,3,1.40
51075,2001-11-01,2.9,1.43
51075,2001-12-01,3,1.50
51075,2002-01-01,3.4,1.57
51075,2002-02-01,3.4,1.53
51075,2002-03-01,3.3,1.40
51075,2002-04-01,3.1,1.23
51075,2002-05-01,3.4,1.17
51075,2002-06-01,3.6,1.10
51075,2002-07-01,3.2,1.00
51075,2002-08-01,3.4,0.80
51075,2002-09-01,3.2,0.60
51075,2002-10-01,3.5,0.50
51075,2002-11-01,3.3,0.43
51075,2002-12-01,3.4,0.43
51075,2003-01-01,3.7,0.37
51075,2003-02-01,3.8,0.37
51075,2003-03-01,3.5,0.40
51075,2003-04-01,3.1,0.20
51075,2003-05-01,3.3,0.03
51075,2003-06-01,3.7,0.10
51075,2003-07-01,3.4,0.20
51075,2003-08-01,3.6,0.30
51075,2003-09-01,3.2,0.13
51075,2003-10-01,3.2,0.03
51075,2003-11-01,3.1,0.00
51075,2003-12-01,2.9,0.00
51075,2004-01-01,3.2,0.00
51075,2004-02-01,3.2,0.03
51075,2004-03-01,3,0.07
51075,2004-04-01,2.8,0.00
51075,2004-05-01,3,0.00
51075,2004-06-01,3.4,0.13
51075,2004-07-01,3.3,0.30
51075,2004-08-01,3.5,0.47
51075,2004-09-01,3.6,0.53
51075,2004-10-01,3.8,0.70
51075,2004-11-01,3.8,0.80
51075,2004-12-01,2.9,0.57
51075,2005-01-01,3,0.30
51075,2005-02-01,3.4,0.17
51075,2005-03-01,3.1,0.23
51075,2005-04-01,2.9,0.20
51075,2005-05-01,2.9,0.03
51075,2005-06-01,3.2,0.03
51075,2005-07-01,2.8,0.00
51075,2005-08-01,3.1,0.07
51075,2005-09-01,3,0.00
51075,2005-10-01,2.5,0.00
51075,2005-11-01,2.6,0.00
51075,2005-12-01,2.7,0.00
51075,2006-01-01,2.8,0.10
51075,2006-02-01,2.7,0.13
51075,2006-03-01,2.6,0.10
51075,2006-04-01,2.4,0.00
51075,2006-05-01,2.4,0.00
51075,2006-06-01,2.7,0.03
51075,2006-07-01,2.5,0.07
51075,2006-08-01,2.6,0.13
51075,2006-09-01,2.4,0.03
51075,2006-10-01,2.3,0.00
51075,2006-11-01,2.2,0.00
51075,2006-12-01,2,0.00
51075,2007-01-01,2.4,0.03
51075,2007-02-01,2.3,0.07
51075,2007-03-01,2.2,0.13
51075,2007-04-01,2,0.00
51075,2007-05-01,2.1,0.00
51075,2007-06-01,2.5,0.10
51075,2007-07-01,2.4,0.23
51075,2007-08-01,2.6,0.40
51075,2007-09-01,2.4,0.37
51075,2007-10-01,2.5,0.40
51075,2007-11-01,2.8,0.47
51075,2007-12-01,3.1,0.70
51075,2008-01-01,3.2,0.93
51075,2008-02-01,3.1,1.03
51075,2008-03-01,3.1,1.03
51075,2008-04-01,2.9,0.93
51075,2008-05-01,3.3,1.00
51075,2008-06-01,3.4,1.00
51075,2008-07-01,3.3,1.00
51075,2008-08-01,3.4,0.90
51075,2008-09-01,3.4,0.90
51075,2008-10-01,3.5,0.93
51075,2008-11-01,3.8,1.00
51075,2008-12-01,4.4,1.10
51075,2009-01-01,5.5,1.53
51075,2009-02-01,5.9,2.23
51075,2009-03-01,6.2,2.83
51075,2009-04-01,6.6,3.20
51075,2009-05-01,6.9,3.47
51075,2009-06-01,7.1,3.67
51075,2009-07-01,6.8,3.60
51075,2009-08-01,7.1,3.63
51075,2009-09-01,7,3.60
51075,2009-10-01,6.5,3.43
51075,2009-11-01,6.5,3.10
51075,2009-12-01,7,2.77
51075,2010-01-01,7.9,2.57
51075,2010-02-01,7.8,2.30
51075,2010-03-01,7.5,1.87
51075,2010-04-01,6.6,1.07
51075,2010-05-01,6.6,0.33
51075,2010-06-01,6.6,0.00
51075,2010-07-01,6.9,0.10
51075,2010-08-01,6.8,0.17
51075,2010-09-01,6.6,0.17
51075,2010-10-01,6.3,0.00
51075,2010-11-01,6.3,0.00
51075,2010-12-01,6,0.00
51075,2011-01-01,6.6,0.10
51075,2011-02-01,6.5,0.17
51075,2011-03-01,6.2,0.23
51075,2011-04-01,5.7,0.00
51075,2011-05-01,5.9,0.00
51075,2011-06-01,6.2,0.00
51075,2011-07-01,6.2,0.17
51075,2011-08-01,6.3,0.30
51075,2011-09-01,6.1,0.27
51075,2011-10-01,5.8,0.13
51075,2011-11-01,5.7,0.00
51075,2011-12-01,5.6,0.00
51075,2012-01-01,6.1,0.10
51075,2012-02-01,6.1,0.23
51075,2012-03-01,5.7,0.27
51075,2012-04-01,5,0.00
51075,2012-05-01,5.2,0.00
51075,2012-06-01,5.6,0.00
51075,2012-07-01,5.5,0.17
51075,2012-08-01,5.3,0.20
51075,2012-09-01,5.2,0.07
51075,2012-10-01,4.9,0.00
51075,2012-11-01,4.8,0.00
51075,2012-12-01,5,0.00
51075,2013-01-01,5.7,0.27
51075,2013-02-01,5.5,0.50
51075,2013-03-01,5,0.50
51075,2013-04-01,4.5,0.10
51075,2013-05-01,5.1,0.00
51075,2013-06-01,5.3,0.10
51075,2013-07-01,5,0.27
51075,2013-08-01,5.1,0.27
51075,2013-09-01,5,0.17
51075,2013-10-01,4.8,0.10
51075,2013-11-01,4.6,0.00
51075,2013-12-01,4.4,0.00
51075,2014-01-01,4.9,0.03
51075,2014-02-01,5,0.17
51075,2014-03-01,4.8,0.30
51075,2014-04-01,4.3,0.10
51075,2014-05-01,4.7,0.00
51075,2014-06-01,4.7,0.00
51075,2014-07-01,4.8,0.17
51075,2014-08-01,5,0.27
51075,2014-09-01,4.7,0.27
51075,2014-10-01,4.5,0.17
51075,2014-11-01,4.3,0.00
51075,2014-12-01,4,0.00
51075,2015-01-01,4.8,0.10
51075,2015-02-01,4.6,0.20
51075,2015-03-01,4.4,0.33
51075,2015-04-01,3.8,0.00
51075,2015-05-01,4.2,0.00
51075,2015-06-01,4.2,0.00
51075,2015-07-01,4.1,0.10
51075,2015-08-01,4.1,0.07
51075,2015-09-01,4.1,0.03
51075,2015-10-01,3.8,0.00
51075,2015-11-01,3.6,0.00
51075,2015-12-01,3.5,0.00
51075,2016-01-01,3.9,0.03
51075,2016-02-01,3.8,0.10
51075,2016-03-01,3.7,0.17
51075,2016-04-01,3.2,0.00
51075,2016-05-01,3.6,0.00
51075,2016-06-01,3.8,0.03
51075,2016-07-01,3.8,0.23
51075,2016-08-01,3.9,0.33
51075,2016-09-01,4,0.40
51075,2016-10-01,3.8,0.40
51075,2016-11-01,3.6,0.30
51075,2016-12-01,3.3,0.07
51075,2017-01-01,3.9,0.10
51075,2017-02-01,3.8,0.17
51075,2017-03-01,3.7,0.30
51075,2017-04-01,3.1,0.03
51075,2017-05-01,3.5,0.00
51075,2017-06-01,3.4,0.00
51075,2017-07-01,3.3,0.07
51075,2017-08-01,3.6,0.10
51075,2017-09-01,3.3,0.07
51075,2017-10-01,3,0.00
51075,2017-11-01,3,0.00
51075,2017-12-01,2.7,0.00
51075,2018-01-01,3.4,0.13
51075,2018-02-01,3.2,0.20
51075,2018-03-01,3.1,0.33
51075,2018-04-01,2.7,0.10
51075,2018-05-01,2.9,0.00
51075,2018-06-01,3.2,0.03
51075,2018-07-01,2.8,0.07
51075,2018-08-01,3,0.10
51075,2018-09-01,2.8,0.00
51075,2018-10-01,2.8,0.00
51075,2018-11-01,2.7,0.00
51075,2018-12-01,2.7,0.00
51075,2019-01-01,3.3,0.17
51075,2019-02-01,2.9,0.23
51075,2019-03-01,2.9,0.30
51075,2019-04-01,2.4,0.00
51075,2019-05-01,2.7,0.00
51075,2019-06-01,2.8,0.00
51075,2019-07-01,2.8,0.13
51075,2019-08-01,2.8,0.17
51075,2019-09-01,2.6,0.10
51075,2019-10-01,2.4,0.00
51075,2019-11-01,2.5,0.00
51075,2019-12-01,2.1,0.00
51075,2020-01-01,2.7,0.10
51075,2020-02-01,2.4,0.07
51075,2020-03-01,2.9,0.33
51075,2020-04-01,8.5,2.27
51075,2020-05-01,7.3,3.90
51075,2020-06-01,7.8,5.53
51075,2020-07-01,6.6,4.90
51075,2020-08-01,5.3,4.23
51075,2020-09-01,4.5,3.13
51075,2020-10-01,3.8,2.20
51075,2020-11-01,3.7,1.67
51075,2020-12-01,3.4,1.30
51075,2021-01-01,3.7,1.20
51075,2021-02-01,3.5,1.13
51075,2021-03-01,3.5,0.90
51075,2021-04-01,2.8,0.00
51075,2021-05-01,3.2,0.00
51075,2021-06-01,3.7,0.07
51075,2021-07-01,3.3,0.23
51075,2021-08-01,3,0.17
51075,2021-09-01,2.5,0.00
51075,2021-10-01,2.3,0.00
51075,2021-11-01,1.8,0.00
51075,2021-12-01,2.2,0.00
51075,2022-01-01,2.6,0.10
51075,2022-02-01,2.3,0.27
51075,2022-03-01,2.3,0.30
51075,2022-04-01,2.1,0.13
51075,2022-05-01,2.6,0.23
51075,2022-06-01,2.8,0.40
51075,2022-07-01,2.7,0.60
51075,2022-08-01,3,0.73
51075,2022-09-01,2.6,0.67
51075,2022-10-01,2.6,0.63
51075,2022-11-01,2.6,0.50
51075,2022-12-01,2.2,0.37
51075,2023-01-01,2.9,0.37
51075,2023-02-01,2.8,0.40
51075,2023-03-01,2.6,0.53
51075,2023-04-01,2.2,0.30
51075,2023-05-01,2.5,0.10
51075,2023-06-01,2.7,0.03
51075,2023-07-01,2.5,0.13
51075,2023-08-01,2.9,0.27
51075,2023-09-01,2.8,0.30
51075,2023-10-01,2.6,0.33
51075,2023-11-01,2.7,0.27
51075,2023-12-01,2.3,0.10
51075,2024-01-01,2.8,0.17
51075,2024-02-01,3,0.27
51075,2024-03-01,2.6,0.37
51075,2024-04-01,2.6,0.30
51075,2024-05-01,2.7,0.20
51075,2024-06-01,2.9,0.27
51075,2024-07-01,3.1,0.37
51075,2024-08-01,3.1,0.50
51075,2024-09-01,2.9,0.50
51075,2024-10-01,2.8,0.40
51075,2024-11-01,2.9,0.33
51075,2024-12-01,2.5,0.20
51075,2025-01-01,3.1,0.23
51075,2025-02-01,2.9,0.20
51075,2025-03-01,2.7,0.27
51075,2025-04-01,2.7,0.13
51075,2025-05-01,3,0.17
51075,2025-06-01,3.1,0.20
51075,2025-07-01,2.9,0.27
51075,2025-08-01,3,0.27
51075,2025-09-01,3,0.23
51075,2025-10-01,3.3,0.37
51075,2025-11-01,3.6,0.57
51075,2025-12-01,3,0.57
51075,2026-01-01,3.2,0.50
51075,2026-02-01,3.4,0.43
51075,2026-03-01,3.4,0.57
51075,2026-04-01,3.1,0.53
51075,2026-05-01,3.2,0.43
51075,2026-06-01,3.6,0.37
51075,2026-07-01,3.4,0.43
51075,2026-08-01,3.3,0.47
51077,1990-01-01,9.6,NaN
51077,1990-02-01,7.9,NaN
51077,1990-03-01,7,NaN
51077,1990-04-01,6.3,NaN
51077,1990-05-01,5.6,NaN
51077,1990-06-01,7.3,NaN
51077,1990-07-01,12.7,NaN
51077,1990-08-01,10.7,NaN
51077,1990-09-01,13.8,NaN
51077,1990-10-01,7.8,NaN
51077,1990-11-01,12,NaN
51077,1990-12-01,11.9,NaN
51077,1991-01-01,12.4,NaN
51077,1991-02-01,16.3,NaN
51077,1991-03-01,9.8,6.53
51077,1991-04-01,8.5,5.23
51077,1991-05-01,7.9,2.43
51077,1991-06-01,7.9,1.70
51077,1991-07-01,7.9,0.00
51077,1991-08-01,9.9,0.67
51077,1991-09-01,7.1,0.40
51077,1991-10-01,7.4,0.23
51077,1991-11-01,7.4,0.00
51077,1991-12-01,7.7,0.20
51077,1992-01-01,9.3,0.83
51077,1992-02-01,8.2,1.10
51077,1992-03-01,6.9,0.83
51077,1992-04-01,5.2,0.00
51077,1992-05-01,7,0.00
51077,1992-06-01,7.6,0.23
51077,1992-07-01,7,0.83
51077,1992-08-01,6.8,0.77
51077,1992-09-01,5,0.00
51077,1992-10-01,5.9,0.00
51077,1992-11-01,7.3,0.17
51077,1992-12-01,6.3,0.60
51077,1993-01-01,6.2,0.70
51077,1993-02-01,5.4,0.07
51077,1993-03-01,5,0.00
51077,1993-04-01,5.2,0.00
51077,1993-05-01,5.1,0.00
51077,1993-06-01,5.4,0.13
51077,1993-07-01,5,0.07
51077,1993-08-01,5.2,0.10
51077,1993-09-01,4.5,0.00
51077,1993-10-01,4.9,0.00
51077,1993-11-01,4.6,0.00
51077,1993-12-01,4.1,0.00
51077,1994-01-01,5.6,0.23
51077,1994-02-01,4.6,0.23
51077,1994-03-01,3.9,0.17
51077,1994-04-01,5,0.00
51077,1994-05-01,4.1,0.00
51077,1994-06-01,4.6,0.23
51077,1994-07-01,4.4,0.03
51077,1994-08-01,4.8,0.27
51077,1994-09-01,3.9,0.03
51077,1994-10-01,3.7,0.00
51077,1994-11-01,4,0.00
51077,1994-12-01,3.6,0.00
51077,1995-01-01,4.7,0.33
51077,1995-02-01,3.9,0.30
51077,1995-03-01,3.1,0.13
51077,1995-04-01,4.9,0.20
51077,1995-05-01,4.4,0.37
51077,1995-06-01,4.8,0.93
51077,1995-07-01,6.7,1.53
51077,1995-08-01,6.6,2.27
51077,1995-09-01,4.7,2.23
51077,1995-10-01,4.8,1.60
51077,1995-11-01,5.8,1.33
51077,1995-12-01,6.3,1.87
51077,1996-01-01,8.4,2.93
51077,1996-02-01,7.7,3.57
51077,1996-03-01,5.8,3.40
51077,1996-04-01,6.7,2.77
51077,1996-05-01,6.7,2.27
51077,1996-06-01,6.5,1.93
51077,1996-07-01,5.4,1.10
51077,1996-08-01,6.5,1.03
51077,1996-09-01,7.2,1.27
51077,1996-10-01,6.4,1.60
51077,1996-11-01,6.4,1.57
51077,1996-12-01,5.9,0.60
51077,1997-01-01,6.8,0.23
51077,1997-02-01,5.6,0.00
51077,1997-03-01,5,0.00
51077,1997-04-01,8,0.40
51077,1997-05-01,3,0.00
51077,1997-06-01,3.9,0.00
51077,1997-07-01,6.5,0.00
51077,1997-08-01,3.5,0.17
51077,1997-09-01,4.6,0.40
51077,1997-10-01,4.5,0.00
51077,1997-11-01,4.7,0.40
51077,1997-12-01,4.1,0.23
51077,1998-01-01,5.8,0.67
51077,1998-02-01,4.9,0.73
51077,1998-03-01,4.1,0.73
51077,1998-04-01,6.3,0.90
51077,1998-05-01,2.9,0.23
51077,1998-06-01,5.7,0.77
51077,1998-07-01,5.7,0.57
51077,1998-08-01,5.9,1.57
51077,1998-09-01,5.6,1.53
51077,1998-10-01,4.7,1.20
51077,1998-11-01,4.4,0.47
51077,1998-12-01,7.8,1.20
51077,1999-01-01,7.9,2.27
51077,1999-02-01,7.6,3.33
51077,1999-03-01,6.3,2.83
51077,1999-04-01,4.6,1.73
51077,1999-05-01,4.5,0.70
51077,1999-06-01,4.5,0.00
51077,1999-07-01,4.9,0.10
51077,1999-08-01,5,0.27
51077,1999-09-01,4.8,0.37
51077,1999-10-01,5,0.40
51077,1999-11-01,6.8,1.00
51077,1999-12-01,4.6,0.93
51077,2000-01-01,5.2,1.00
51077,2000-02-01,5,0.40
51077,2000-03-01,4,0.20
51077,2000-04-01,3.3,0.00
51077,2000-05-01,3.4,0.00
51077,2000-06-01,4.9,0.30
51077,2000-07-01,5.3,0.97
51077,2000-08-01,5.7,1.73
51077,2000-09-01,6,2.10
51077,2000-10-01,6.3,2.43
51077,2000-11-01,6.5,2.70
51077,2000-12-01,5.9,2.67
51077,2001-01-01,8.2,3.30
51077,2001-02-01,7.3,3.57
51077,2001-03-01,7.3,4.03
51077,2001-04-01,6.3,3.40
51077,2001-05-01,5.5,2.80
51077,2001-06-01,6.4,2.20
51077,2001-07-01,13.4,3.90
51077,2001-08-01,8.2,4.03
51077,2001-09-01,7.4,4.00
51077,2001-10-01,6.8,1.47
51077,2001-11-01,6.3,0.77
51077,2001-12-01,6.2,0.37
51077,2002-01-01,8.2,0.83
51077,2002-02-01,7.1,1.10
51077,2002-03-01,6.5,1.20
51077,2002-04-01,6,0.47
51077,2002-05-01,10,1.43
51077,2002-06-01,5.7,1.17
51077,2002-07-01,10.1,2.17
51077,2002-08-01,10.5,2.33
51077,2002-09-01,6.5,2.60
51077,2002-10-01,9.7,2.47
51077,2002-11-01,8.7,1.87
51077,2002-12-01,6.4,1.83
51077,2003-01-01,7.3,0.93
51077,2003-02-01,7.2,0.43
51077,2003-03-01,6.9,0.60
51077,2003-04-01,7.3,0.60
51077,2003-05-01,6.3,0.00
51077,2003-06-01,6.2,0.00
51077,2003-07-01,10.4,1.03
51077,2003-08-01,4.9,0.57
51077,2003-09-01,4.8,0.10
51077,2003-10-01,4.9,0.00
51077,2003-11-01,4.6,0.00
51077,2003-12-01,4.4,0.00
51077,2004-01-01,5,0.03
51077,2004-02-01,4.9,0.13
51077,2004-03-01,4.7,0.23
51077,2004-04-01,4.1,0.00
51077,2004-05-01,4.3,0.00
51077,2004-06-01,5.1,0.13
51077,2004-07-01,6.2,0.83
51077,2004-08-01,5.1,1.10
51077,2004-09-01,4.7,0.97
51077,2004-10-01,4.4,0.37
51077,2004-11-01,4.2,0.07
51077,2004-12-01,4.8,0.10
51077,2005-01-01,4.8,0.23
51077,2005-02-01,4.8,0.43
51077,2005-03-01,4.8,0.43
51077,2005-04-01,4,0.17
51077,2005-05-01,4.2,0.00
51077,2005-06-01,4.5,0.00
51077,2005-07-01,4.3,0.10
51077,2005-08-01,4.4,0.17
51077,2005-09-01,4.3,0.10
51077,2005-10-01,4.4,0.13
51077,2005-11-01,5.4,0.47
51077,2005-12-01,5.4,0.83
51077,2006-01-01,4.6,0.90
51077,2006-02-01,6.1,1.13
51077,2006-03-01,5.2,1.07
51077,2006-04-01,4.4,1.00
51077,2006-05-01,4.7,0.53
51077,2006-06-01,5.7,0.70
51077,2006-07-01,5.9,1.10
51077,2006-08-01,6,1.53
51077,2006-09-01,6.3,1.73
51077,2006-10-01,5.6,1.60
51077,2006-11-01,5.8,1.20
51077,2006-12-01,5.5,0.87
51077,2007-01-01,6.2,1.07
51077,2007-02-01,7.8,1.73
51077,2007-03-01,6,1.90
51077,2007-04-01,4.8,1.43
51077,2007-05-01,4.9,0.47
51077,2007-06-01,4.7,0.00
51077,2007-07-01,4.2,0.00
51077,2007-08-01,5.5,0.20
51077,2007-09-01,5.5,0.47
51077,2007-10-01,5.2,0.80
51077,2007-11-01,3.6,0.17
51077,2007-12-01,3.9,0.00
51077,2008-01-01,6.2,0.33
51077,2008-02-01,5.9,1.10
51077,2008-03-01,6.3,1.90
51077,2008-04-01,4.6,1.37
51077,2008-05-01,6.8,1.67
51077,2008-06-01,6.5,1.73
51077,2008-07-01,6.5,2.37
51077,2008-08-01,7,2.43
51077,2008-09-01,6.9,2.57
51077,2008-10-01,7,2.73
51077,2008-11-01,7.2,2.80
51077,2008-12-01,9,3.50
51077,2009-01-01,10.2,4.23
51077,2009-02-01,10.6,4.60
51077,2009-03-01,10.7,4.90
51077,2009-04-01,10.4,4.97
51077,2009-05-01,11.1,4.83
51077,2009-06-01,11.1,4.90
51077,2009-07-01,10.6,4.33
51077,2009-08-01,11,4.23
51077,2009-09-01,10.7,3.97
51077,2009-10-01,11.3,4.03
51077,2009-11-01,11,3.97
51077,2009-12-01,11.5,3.53
51077,2010-01-01,13.3,3.13
51077,2010-02-01,13.8,2.93
51077,2010-03-01,13.6,3.07
51077,2010-04-01,11.5,2.40
51077,2010-05-01,11,1.30
51077,2010-06-01,10.8,0.33
51077,2010-07-01,10.9,0.13
51077,2010-08-01,11.9,0.43
51077,2010-09-01,11.2,0.57
51077,2010-10-01,11,0.47
51077,2010-11-01,11.6,0.37
51077,2010-12-01,11.7,0.53
51077,2011-01-01,12.6,1.07
51077,2011-02-01,12,1.20
51077,2011-03-01,11.2,1.03
51077,2011-04-01,9.9,0.13
51077,2011-05-01,9.9,0.00
51077,2011-06-01,10.1,0.00
51077,2011-07-01,9.6,0.00
51077,2011-08-01,10.3,0.13
51077,2011-09-01,9.7,0.00
51077,2011-10-01,9.5,0.00
51077,2011-11-01,9.6,0.00
51077,2011-12-01,9.7,0.00
51077,2012-01-01,10.6,0.37
51077,2012-02-01,10.9,0.80
51077,2012-03-01,9.4,0.70
51077,2012-04-01,9.4,0.30
51077,2012-05-01,8.6,0.00
51077,2012-06-01,8.6,0.00
51077,2012-07-01,8.7,0.00
51077,2012-08-01,9.3,0.23
51077,2012-09-01,8.5,0.20
51077,2012-10-01,8.7,0.20
51077,2012-11-01,8.3,0.00
51077,2012-12-01,9.2,0.23
51077,2013-01-01,12.4,1.47
51077,2013-02-01,11.6,2.57
51077,2013-03-01,10.2,2.90
51077,2013-04-01,9.1,1.80
51077,2013-05-01,8.7,0.83
51077,2013-06-01,8.9,0.40
51077,2013-07-01,10.2,0.77
51077,2013-08-01,9.2,0.93
51077,2013-09-01,8.4,0.77
51077,2013-10-01,8,0.03
51077,2013-11-01,7.8,0.00
51077,2013-12-01,7.8,0.00
51077,2014-01-01,8.5,0.17
51077,2014-02-01,8.6,0.43
51077,2014-03-01,9.8,1.10
51077,2014-04-01,7.1,0.63
51077,2014-05-01,7.1,0.13
51077,2014-06-01,7.1,0.00
51077,2014-07-01,8.1,0.33
51077,2014-08-01,7.4,0.43
51077,2014-09-01,6.8,0.33
51077,2014-10-01,6.4,0.00
51077,2014-11-01,6.5,0.00
51077,2014-12-01,6.9,0.03
51077,2015-01-01,8.2,0.63
51077,2015-02-01,7.3,0.90
51077,2015-03-01,6.9,0.90
51077,2015-04-01,5.5,0.00
51077,2015-05-01,5.6,0.00
51077,2015-06-01,5.6,0.00
51077,2015-07-01,5.4,0.00
51077,2015-08-01,5.4,0.00
51077,2015-09-01,5,0.00
51077,2015-10-01,4.9,0.00
51077,2015-11-01,4.8,0.00
51077,2015-12-01,4.6,0.00
51077,2016-01-01,6,0.37
51077,2016-02-01,6.4,0.90
51077,2016-03-01,5.9,1.33
51077,2016-04-01,5.5,1.17
51077,2016-05-01,5.4,0.83
51077,2016-06-01,5.8,0.80
51077,2016-07-01,5.4,0.77
51077,2016-08-01,6.2,1.03
51077,2016-09-01,5.5,0.93
51077,2016-10-01,6.1,1.17
51077,2016-11-01,5,0.77
51077,2016-12-01,4.9,0.57
51077,2017-01-01,6.7,0.40
51077,2017-02-01,5.8,0.47
51077,2017-03-01,5.6,0.70
51077,2017-04-01,4.1,0.00
51077,2017-05-01,4.4,0.00
51077,2017-06-01,4.4,0.00
51077,2017-07-01,4.4,0.10
51077,2017-08-01,4.7,0.20
51077,2017-09-01,4,0.07
51077,2017-10-01,3.8,0.00
51077,2017-11-01,4,0.00
51077,2017-12-01,3.8,0.00
51077,2018-01-01,4.9,0.37
51077,2018-02-01,4.6,0.57
51077,2018-03-01,4.3,0.73
51077,2018-04-01,3.2,0.17
51077,2018-05-01,3.2,0.00
51077,2018-06-01,3.6,0.00
51077,2018-07-01,3.5,0.10
51077,2018-08-01,3.7,0.27
51077,2018-09-01,3.3,0.17
51077,2018-10-01,3.2,0.07
51077,2018-11-01,3.1,0.00
51077,2018-12-01,3.1,0.00
51077,2019-01-01,4.2,0.33
51077,2019-02-01,3.9,0.60
51077,2019-03-01,3.8,0.83
51077,2019-04-01,2.8,0.37
51077,2019-05-01,3,0.07
51077,2019-06-01,3.1,0.00
51077,2019-07-01,3.4,0.20
51077,2019-08-01,3.5,0.37
51077,2019-09-01,3,0.33
51077,2019-10-01,2.9,0.17
51077,2019-11-01,3.2,0.07
51077,2019-12-01,3.4,0.20
51077,2020-01-01,4,0.57
51077,2020-02-01,4.1,0.87
51077,2020-03-01,6.2,1.80
51077,2020-04-01,13.9,5.10
51077,2020-05-01,9.8,7.00
51077,2020-06-01,10.2,8.33
51077,2020-07-01,9.2,6.70
51077,2020-08-01,7.6,5.97
51077,2020-09-01,5.9,4.53
51077,2020-10-01,4.7,3.03
51077,2020-11-01,4.7,2.07
51077,2020-12-01,4.5,1.47
51077,2021-01-01,5.4,1.33
51077,2021-02-01,5.1,1.17
51077,2021-03-01,4.8,0.47
51077,2021-04-01,4.2,0.07
51077,2021-05-01,4.3,0.00
51077,2021-06-01,5,0.07
51077,2021-07-01,4.6,0.20
51077,2021-08-01,4.2,0.17
51077,2021-09-01,3.3,0.00
51077,2021-10-01,3.1,0.00
51077,2021-11-01,2.2,0.00
51077,2021-12-01,2.4,0.00
51077,2022-01-01,3,0.00
51077,2022-02-01,3.1,0.30
51077,2022-03-01,2.8,0.43
51077,2022-04-01,2.5,0.27
51077,2022-05-01,2.9,0.20
51077,2022-06-01,3.2,0.33
51077,2022-07-01,3.2,0.57
51077,2022-08-01,3.5,0.77
51077,2022-09-01,2.9,0.67
51077,2022-10-01,2.8,0.53
51077,2022-11-01,2.7,0.27
51077,2022-12-01,2.8,0.23
51077,2023-01-01,3.1,0.33
51077,2023-02-01,2.8,0.17
51077,2023-03-01,2.9,0.20
51077,2023-04-01,2.6,0.03
51077,2023-05-01,2.8,0.03
51077,2023-06-01,3.9,0.33
51077,2023-07-01,3.1,0.50
51077,2023-08-01,4.2,0.97
51077,2023-09-01,2.7,0.57
51077,2023-10-01,2.9,0.50
51077,2023-11-01,2.8,0.03
51077,2023-12-01,2.5,0.00
51077,2024-01-01,3.3,0.13
51077,2024-02-01,3,0.20
51077,2024-03-01,3,0.37
51077,2024-04-01,2.6,0.13
51077,2024-05-01,2.8,0.07
51077,2024-06-01,3,0.07
51077,2024-07-01,3.4,0.33
51077,2024-08-01,4.9,1.03
51077,2024-09-01,2.8,0.97
51077,2024-10-01,3.1,0.87
51077,2024-11-01,3.1,0.27
51077,2024-12-01,2.8,0.27
51077,2025-01-01,4.4,0.63
51077,2025-02-01,3.4,0.73
51077,2025-03-01,3.3,0.90
51077,2025-04-01,3,0.43
51077,2025-05-01,3.3,0.40
51077,2025-06-01,4,0.63
51077,2025-07-01,3.4,0.57
51077,2025-08-01,4.3,0.90
51077,2025-09-01,4,0.90
51077,2025-10-01,4.1,1.13
51077,2025-11-01,4.2,1.10
51077,2025-12-01,3.7,1.00
51077,2026-01-01,4.3,0.87
51077,2026-02-01,4,0.80
51077,2026-03-01,4.2,0.97
51077,2026-04-01,3.4,0.67
51077,2026-05-01,3.4,0.47
51077,2026-06-01,3.9,0.13
51077,2026-07-01,3.5,0.03
51077,2026-08-01,3.4,0.03
51079,1990-01-01,2.6,NaN
51079,1990-02-01,2.9,NaN
51079,1990-03-01,2.3,NaN
51079,1990-04-01,1.6,NaN
51079,1990-05-01,1.8,NaN
51079,1990-06-01,2.2,NaN
51079,1990-07-01,1.8,NaN
51079,1990-08-01,2.6,NaN
51079,1990-09-01,3.2,NaN
51079,1990-10-01,4.6,NaN
51079,1990-11-01,4.6,NaN
51079,1990-12-01,4.2,NaN
51079,1991-01-01,6.6,NaN
51079,1991-02-01,6.7,NaN
51079,1991-03-01,12.1,6.60
51079,1991-04-01,6.4,6.53
51079,1991-05-01,7,6.63
51079,1991-06-01,8,5.27
51079,1991-07-01,7.5,5.57
51079,1991-08-01,7,5.30
51079,1991-09-01,6.9,4.60
51079,1991-10-01,6.9,3.47
51079,1991-11-01,7.8,3.07
51079,1991-12-01,8.3,3.20
51079,1992-01-01,10.1,3.60
51079,1992-02-01,8.7,3.20
51079,1992-03-01,7.4,1.80
51079,1992-04-01,6.4,0.57
51079,1992-05-01,5.9,0.00
51079,1992-06-01,6.3,0.00
51079,1992-07-01,4.5,0.00
51079,1992-08-01,4.1,0.00
51079,1992-09-01,4.1,0.00
51079,1992-10-01,4.9,0.13
51079,1992-11-01,5,0.43
51079,1992-12-01,5.9,1.03
51079,1993-01-01,6.3,1.50
51079,1993-02-01,4.8,1.43
51079,1993-03-01,5.4,1.27
51079,1993-04-01,4,0.50
51079,1993-05-01,4,0.23
51079,1993-06-01,4.7,0.00
51079,1993-07-01,3.8,0.00
51079,1993-08-01,4,0.00
51079,1993-09-01,3.2,0.00
51079,1993-10-01,2.8,0.00
51079,1993-11-01,2.6,0.00
51079,1993-12-01,2.3,0.00
51079,1994-01-01,4.3,0.50
51079,1994-02-01,5.2,1.37
51079,1994-03-01,5,2.27
51079,1994-04-01,4.5,2.33
51079,1994-05-01,4.7,2.17
51079,1994-06-01,4.3,1.93
51079,1994-07-01,3.7,1.67
51079,1994-08-01,3.5,1.27
51079,1994-09-01,2.7,0.73
51079,1994-10-01,3.1,0.53
51079,1994-11-01,2.2,0.10
51079,1994-12-01,2.5,0.03
51079,1995-01-01,3.1,0.00
51079,1995-02-01,2.9,0.23
51079,1995-03-01,2.8,0.33
51079,1995-04-01,3,0.30
51079,1995-05-01,2.9,0.30
51079,1995-06-01,3.6,0.57
51079,1995-07-01,3.5,0.73
51079,1995-08-01,2.8,0.70
51079,1995-09-01,2.9,0.47
51079,1995-10-01,1.9,0.00
51079,1995-11-01,2.6,0.00
51079,1995-12-01,2.5,0.00
51079,1996-01-01,5.3,1.13
51079,1996-02-01,2.6,1.13
51079,1996-03-01,2.3,1.07
51079,1996-04-01,1.4,0.00
51079,1996-05-01,2.3,0.00
51079,1996-06-01,3,0.23
51079,1996-07-01,2.3,0.53
51079,1996-08-01,2.9,0.73
51079,1996-09-01,3.1,0.77
51079,1996-10-01,3.1,1.03
51079,1996-11-01,2.7,0.97
51079,1996-12-01,4.2,1.33
51079,1997-01-01,4.7,1.87
51079,1997-02-01,4.5,2.47
51079,1997-03-01,5.1,2.77
51079,1997-04-01,4.5,2.70
51079,1997-05-01,3.7,2.43
51079,1997-06-01,3.4,1.63
51079,1997-07-01,2.2,0.57
51079,1997-08-01,2,0.00
51079,1997-09-01,2.3,0.00
51079,1997-10-01,1.6,0.00
51079,1997-11-01,1.9,0.00
51079,1997-12-01,1.4,0.00
51079,1998-01-01,1.8,0.07
51079,1998-02-01,2.1,0.13
51079,1998-03-01,1.8,0.27
51079,1998-04-01,1.1,0.03
51079,1998-05-01,1.4,0.00
51079,1998-06-01,1.2,0.00
51079,1998-07-01,1.2,0.03
51079,1998-08-01,1.5,0.07
51079,1998-09-01,0.8,0.00
51079,1998-10-01,1.2,0.00
51079,1998-11-01,1.3,0.00
51079,1998-12-01,1.2,0.13
51079,1999-01-01,1.7,0.30
51079,1999-02-01,1.5,0.37
51079,1999-03-01,1.5,0.47
51079,1999-04-01,1,0.23
51079,1999-05-01,1.1,0.10
51079,1999-06-01,1.1,0.00
51079,1999-07-01,1.3,0.10
51079,1999-08-01,1.4,0.20
51079,1999-09-01,1.4,0.30
51079,1999-10-01,1.3,0.30
51079,1999-11-01,1.5,0.33
51079,1999-12-01,1.3,0.30
51079,2000-01-01,2.1,0.57
51079,2000-02-01,2,0.73
51079,2000-03-01,1.9,0.93
51079,2000-04-01,1.3,0.67
51079,2000-05-01,1.6,0.53
51079,2000-06-01,1.9,0.53
51079,2000-07-01,1.5,0.50
51079,2000-08-01,2.5,0.70
51079,2000-09-01,2.3,0.73
51079,2000-10-01,1.7,0.80
51079,2000-11-01,2,0.63
51079,2000-12-01,1.3,0.30
51079,2001-01-01,1.7,0.07
51079,2001-02-01,1.9,0.03
51079,2001-03-01,1.9,0.23
51079,2001-04-01,1.8,0.27
51079,2001-05-01,2.1,0.33
51079,2001-06-01,2.5,0.53
51079,2001-07-01,2.4,0.70
51079,2001-08-01,2.9,0.97
51079,2001-09-01,2.4,0.93
51079,2001-10-01,2.3,0.90
51079,2001-11-01,2.7,0.83
51079,2001-12-01,2.6,0.90
51079,2002-01-01,3.5,1.30
51079,2002-02-01,4.2,1.80
51079,2002-03-01,4,2.07
51079,2002-04-01,3.6,2.07
51079,2002-05-01,3.4,1.73
51079,2002-06-01,3.6,1.40
51079,2002-07-01,3.5,1.17
51079,2002-08-01,3.6,1.10
51079,2002-09-01,3.3,1.00
51079,2002-10-01,3.1,0.87
51079,2002-11-01,3.3,0.77
51079,2002-12-01,3.3,0.70
51079,2003-01-01,3.6,0.47
51079,2003-02-01,3.7,0.30
51079,2003-03-01,3.7,0.43
51079,2003-04-01,3.6,0.43
51079,2003-05-01,4.2,0.60
51079,2003-06-01,5.1,1.07
51079,2003-07-01,5,1.53
51079,2003-08-01,4.8,1.73
51079,2003-09-01,4.5,1.53
51079,2003-10-01,4.2,1.27
51079,2003-11-01,3.6,0.87
51079,2003-12-01,3,0.37
51079,2004-01-01,3.4,0.00
51079,2004-02-01,3.4,0.00
51079,2004-03-01,3.7,0.23
51079,2004-04-01,3.1,0.13
51079,2004-05-01,3.1,0.03
51079,2004-06-01,3.5,0.00
51079,2004-07-01,3.3,0.07
51079,2004-08-01,3.2,0.10
51079,2004-09-01,2.7,0.00
51079,2004-10-01,2.6,0.00
51079,2004-11-01,2.5,0.00
51079,2004-12-01,2.5,0.00
51079,2005-01-01,3,0.13
51079,2005-02-01,3.1,0.33
51079,2005-03-01,3.3,0.60
51079,2005-04-01,2.8,0.53
51079,2005-05-01,2.8,0.43
51079,2005-06-01,3.1,0.37
51079,2005-07-01,2.8,0.37
51079,2005-08-01,3,0.43
51079,2005-09-01,2.6,0.27
51079,2005-10-01,2.7,0.23
51079,2005-11-01,2.7,0.13
51079,2005-12-01,2.5,0.10
51079,2006-01-01,2.4,0.00
51079,2006-02-01,2.4,0.00
51079,2006-03-01,2.1,0.00
51079,2006-04-01,1.9,0.00
51079,2006-05-01,2,0.00
51079,2006-06-01,2.5,0.13
51079,2006-07-01,2.5,0.33
51079,2006-08-01,2.7,0.57
51079,2006-09-01,2.5,0.57
51079,2006-10-01,2.3,0.50
51079,2006-11-01,2.3,0.37
51079,2006-12-01,2.3,0.30
51079,2007-01-01,2.4,0.33
51079,2007-02-01,2.2,0.30
51079,2007-03-01,2.1,0.23
51079,2007-04-01,1.8,0.03
51079,2007-05-01,1.8,0.00
51079,2007-06-01,2.3,0.07
51079,2007-07-01,2.3,0.23
51079,2007-08-01,2.3,0.40
51079,2007-09-01,2.1,0.33
51079,2007-10-01,2,0.23
51079,2007-11-01,2.3,0.23
51079,2007-12-01,2.4,0.33
51079,2008-01-01,3.1,0.70
51079,2008-02-01,3,0.93
51079,2008-03-01,2.9,1.10
51079,2008-04-01,2.7,0.97
51079,2008-05-01,3.2,1.03
51079,2008-06-01,3.6,1.20
51079,2008-07-01,3.7,1.37
51079,2008-08-01,3.8,1.57
51079,2008-09-01,3.3,1.47
51079,2008-10-01,3.3,1.33
51079,2008-11-01,3.6,1.27
51079,2008-12-01,4.2,1.47
51079,2009-01-01,5.5,1.83
51079,2009-02-01,5.8,2.33
51079,2009-03-01,6.1,2.93
51079,2009-04-01,5.4,2.90
51079,2009-05-01,5.7,2.80
51079,2009-06-01,6.2,2.60
51079,2009-07-01,6,2.57
51079,2009-08-01,6,2.67
51079,2009-09-01,5.9,2.57
51079,2009-10-01,6,2.57
51079,2009-11-01,5.7,2.47
51079,2009-12-01,6,2.20
51079,2010-01-01,7.3,1.90
51079,2010-02-01,7,1.60
51079,2010-03-01,6.9,1.33
51079,2010-04-01,6.1,0.93
51079,2010-05-01,6.3,0.70
51079,2010-06-01,6.5,0.53
51079,2010-07-01,6.7,0.63
51079,2010-08-01,6.6,0.73
51079,2010-09-01,6,0.57
51079,2010-10-01,5.8,0.27
51079,2010-11-01,5.8,0.00
51079,2010-12-01,5.7,0.00
51079,2011-01-01,6.4,0.20
51079,2011-02-01,6.1,0.30
51079,2011-03-01,5.7,0.30
51079,2011-04-01,5.2,0.00
51079,2011-05-01,5.4,0.00
51079,2011-06-01,6,0.10
51079,2011-07-01,6,0.37
51079,2011-08-01,6.2,0.63
51079,2011-09-01,6,0.63
51079,2011-10-01,5.6,0.50
51079,2011-11-01,5.3,0.20
51079,2011-12-01,5.4,0.00
51079,2012-01-01,6,0.13
51079,2012-02-01,6,0.37
51079,2012-03-01,5.6,0.43
51079,2012-04-01,5,0.10
51079,2012-05-01,5.1,0.00
51079,2012-06-01,5.6,0.00
51079,2012-07-01,5.7,0.23
51079,2012-08-01,5.6,0.40
51079,2012-09-01,5.1,0.23
51079,2012-10-01,4.8,0.00
51079,2012-11-01,4.6,0.00
51079,2012-12-01,4.8,0.00
51079,2013-01-01,5.4,0.20
51079,2013-02-01,5.2,0.40
51079,2013-03-01,4.8,0.40
51079,2013-04-01,4.3,0.03
51079,2013-05-01,4.8,0.00
51079,2013-06-01,5,0.07
51079,2013-07-01,4.9,0.27
51079,2013-08-01,4.8,0.27
51079,2013-09-01,4.6,0.13
51079,2013-10-01,4.4,0.00
51079,2013-11-01,4,0.00
51079,2013-12-01,3.9,0.00
51079,2014-01-01,4.4,0.00
51079,2014-02-01,4.5,0.17
51079,2014-03-01,4.5,0.37
51079,2014-04-01,3.7,0.13
51079,2014-05-01,4.2,0.03
51079,2014-06-01,4.4,0.00
51079,2014-07-01,4.6,0.30
51079,2014-08-01,4.8,0.50
51079,2014-09-01,4.4,0.50
51079,2014-10-01,4.1,0.33
51079,2014-11-01,4,0.07
51079,2014-12-01,3.6,0.00
51079,2015-01-01,4.3,0.07
51079,2015-02-01,4.1,0.10
51079,2015-03-01,3.9,0.20
51079,2015-04-01,3.5,0.00
51079,2015-05-01,3.8,0.00
51079,2015-06-01,3.9,0.00
51079,2015-07-01,3.7,0.07
51079,2015-08-01,3.7,0.03
51079,2015-09-01,3.4,0.00
51079,2015-10-01,3.5,0.00
51079,2015-11-01,3.1,0.00
51079,2015-12-01,3,0.00
51079,2016-01-01,3.5,0.00
51079,2016-02-01,3.2,0.03
51079,2016-03-01,3.2,0.10
51079,2016-04-01,2.7,0.00
51079,2016-05-01,3.2,0.00
51079,2016-06-01,3.4,0.07
51079,2016-07-01,3.3,0.27
51079,2016-08-01,3.4,0.33
51079,2016-09-01,3.3,0.30
51079,2016-10-01,3.2,0.27
51079,2016-11-01,3,0.13
51079,2016-12-01,2.9,0.00
51079,2017-01-01,3.6,0.13
51079,2017-02-01,3.2,0.20
51079,2017-03-01,3.1,0.27
51079,2017-04-01,2.7,0.00
51079,2017-05-01,3,0.00
51079,2017-06-01,3.1,0.00
51079,2017-07-01,3.1,0.13
51079,2017-08-01,3.1,0.17
51079,2017-09-01,2.7,0.03
51079,2017-10-01,2.6,0.00
51079,2017-11-01,2.6,0.00
51079,2017-12-01,2.3,0.00
51079,2018-01-01,3,0.13
51079,2018-02-01,2.8,0.20
51079,2018-03-01,2.6,0.30
51079,2018-04-01,2.2,0.03
51079,2018-05-01,2.4,0.00
51079,2018-06-01,2.7,0.03
51079,2018-07-01,2.6,0.17
51079,2018-08-01,2.6,0.23
51079,2018-09-01,2.3,0.10
51079,2018-10-01,2.3,0.00
51079,2018-11-01,2.3,0.00
51079,2018-12-01,2.1,0.00
51079,2019-01-01,2.6,0.10
51079,2019-02-01,2.4,0.13
51079,2019-03-01,2.4,0.23
51079,2019-04-01,1.9,0.00
51079,2019-05-01,2.2,0.00
51079,2019-06-01,2.4,0.00
51079,2019-07-01,2.5,0.20
51079,2019-08-01,2.5,0.30
51079,2019-09-01,2.2,0.23
51079,2019-10-01,2,0.07
51079,2019-11-01,2.1,0.00
51079,2019-12-01,1.9,0.00
51079,2020-01-01,2.4,0.13
51079,2020-02-01,2.1,0.13
51079,2020-03-01,2.5,0.33
51079,2020-04-01,10,2.87
51079,2020-05-01,8.5,5.00
51079,2020-06-01,9.2,7.23
51079,2020-07-01,7.7,6.47
51079,2020-08-01,5.9,5.60
51079,2020-09-01,4.7,4.10
51079,2020-10-01,3.8,2.80
51079,2020-11-01,3.7,2.07
51079,2020-12-01,3.3,1.60
51079,2021-01-01,3.6,1.40
51079,2021-02-01,3.5,1.33
51079,2021-03-01,3.5,1.20
51079,2021-04-01,3,0.00
51079,2021-05-01,3.1,0.00
51079,2021-06-01,3.5,0.00
51079,2021-07-01,3.1,0.03
51079,2021-08-01,2.9,0.00
51079,2021-09-01,2.6,0.00
51079,2021-10-01,2.4,0.00
51079,2021-11-01,1.6,0.00
51079,2021-12-01,1.9,0.00
51079,2022-01-01,2.2,0.00
51079,2022-02-01,1.9,0.10
51079,2022-03-01,2,0.13
51079,2022-04-01,1.9,0.03
51079,2022-05-01,2.3,0.17
51079,2022-06-01,2.5,0.33
51079,2022-07-01,2.4,0.50
51079,2022-08-01,2.6,0.60
51079,2022-09-01,2.3,0.53
51079,2022-10-01,2.3,0.50
51079,2022-11-01,2.4,0.43
51079,2022-12-01,2,0.33
51079,2023-01-01,2.5,0.40
51079,2023-02-01,2.4,0.37
51079,2023-03-01,2.3,0.47
51079,2023-04-01,1.9,0.27
51079,2023-05-01,2.4,0.13
51079,2023-06-01,2.5,0.07
51079,2023-07-01,2.4,0.23
51079,2023-08-01,2.7,0.33
51079,2023-09-01,2.2,0.23
51079,2023-10-01,2.3,0.20
51079,2023-11-01,2.2,0.03
51079,2023-12-01,2,0.00
51079,2024-01-01,2.5,0.07
51079,2024-02-01,2.5,0.17
51079,2024-03-01,2.2,0.23
51079,2024-04-01,2,0.07
51079,2024-05-01,2.5,0.07
51079,2024-06-01,2.8,0.27
51079,2024-07-01,2.9,0.57
51079,2024-08-01,2.8,0.67
51079,2024-09-01,2.5,0.57
51079,2024-10-01,2.5,0.43
51079,2024-11-01,2.7,0.40
51079,2024-12-01,2.4,0.37
51079,2025-01-01,2.8,0.40
51079,2025-02-01,2.8,0.43
51079,2025-03-01,2.7,0.53
51079,2025-04-01,2.5,0.43
51079,2025-05-01,2.8,0.43
51079,2025-06-01,2.9,0.30
51079,2025-07-01,2.8,0.30
51079,2025-08-01,2.8,0.30
51079,2025-09-01,2.6,0.20
51079,2025-10-01,2.85,0.22
51079,2025-11-01,3.1,0.32
51079,2025-12-01,2.7,0.35
51079,2026-01-01,2.8,0.23
51079,2026-02-01,3.1,0.20
51079,2026-03-01,3.1,0.33
51079,2026-04-01,2.7,0.30
51079,2026-05-01,2.9,0.23
51079,2026-06-01,3.3,0.23
51079,2026-07-01,2.9,0.30
51079,2026-08-01,2.8,0.27
51081,1990-01-01,5.3,NaN
51081,1990-02-01,5.7,NaN
51081,1990-03-01,4.8,NaN
51081,1990-04-01,4.7,NaN
51081,1990-05-01,4.7,NaN
51081,1990-06-01,4.1,NaN
51081,1990-07-01,6.5,NaN
51081,1990-08-01,5,NaN
51081,1990-09-01,8.6,NaN
51081,1990-10-01,5.5,NaN
51081,1990-11-01,5.6,NaN
51081,1990-12-01,9,NaN
51081,1991-01-01,8.3,NaN
51081,1991-02-01,9.3,NaN
51081,1991-03-01,8.8,4.30
51081,1991-04-01,9.1,4.57
51081,1991-05-01,9.3,4.57
51081,1991-06-01,8.8,4.57
51081,1991-07-01,7.1,3.30
51081,1991-08-01,8.9,3.07
51081,1991-09-01,6.9,1.27
51081,1991-10-01,8.4,1.70
51081,1991-11-01,6.3,0.63
51081,1991-12-01,6.9,0.50
51081,1992-01-01,8.2,0.00
51081,1992-02-01,7.8,0.50
51081,1992-03-01,6.7,0.43
51081,1992-04-01,5.1,0.00
51081,1992-05-01,4.9,0.00
51081,1992-06-01,5.3,0.00
51081,1992-07-01,6.5,0.47
51081,1992-08-01,7.1,1.20
51081,1992-09-01,6.8,1.70
51081,1992-10-01,12.2,3.60
51081,1992-11-01,5.5,3.07
51081,1992-12-01,5.7,2.70
51081,1993-01-01,7.4,1.10
51081,1993-02-01,7.1,1.63
51081,1993-03-01,7,2.07
51081,1993-04-01,4.9,1.23
51081,1993-05-01,6.4,1.00
51081,1993-06-01,7.2,1.07
51081,1993-07-01,6.1,1.00
51081,1993-08-01,6.4,0.47
51081,1993-09-01,6.3,0.17
51081,1993-10-01,6.6,0.33
51081,1993-11-01,5.2,0.00
51081,1993-12-01,5.2,0.00
51081,1994-01-01,6.7,0.03
51081,1994-02-01,5.9,0.27
51081,1994-03-01,6.2,0.60
51081,1994-04-01,5.2,0.10
51081,1994-05-01,5.2,0.00
51081,1994-06-01,5.9,0.00
51081,1994-07-01,6,0.27
51081,1994-08-01,5.3,0.30
51081,1994-09-01,5.3,0.10
51081,1994-10-01,5.1,0.00
51081,1994-11-01,4.7,0.00
51081,1994-12-01,4.9,0.00
51081,1995-01-01,5.2,0.03
51081,1995-02-01,4.6,0.00
51081,1995-03-01,4.4,0.00
51081,1995-04-01,4.6,0.00
51081,1995-05-01,12.5,2.63
51081,1995-06-01,5.2,2.90
51081,1995-07-01,5.5,3.20
51081,1995-08-01,5.7,0.93
51081,1995-09-01,5.3,0.97
51081,1995-10-01,5,0.80
51081,1995-11-01,7.9,1.53
51081,1995-12-01,5.6,1.63
51081,1996-01-01,7.6,2.50
51081,1996-02-01,5.3,1.63
51081,1996-03-01,4.9,1.40
51081,1996-04-01,4.4,0.33
51081,1996-05-01,4.8,0.00
51081,1996-06-01,4.7,0.00
51081,1996-07-01,5.9,0.50
51081,1996-08-01,4.6,0.43
51081,1996-09-01,4.6,0.40
51081,1996-10-01,4.2,0.00
51081,1996-11-01,4.2,0.00
51081,1996-12-01,3.9,0.00
51081,1997-01-01,4.8,0.20
51081,1997-02-01,4.1,0.17
51081,1997-03-01,4.1,0.23
51081,1997-04-01,3.5,0.00
51081,1997-05-01,3.1,0.00
51081,1997-06-01,3.8,0.00
51081,1997-07-01,3.4,0.00
51081,1997-08-01,5.2,0.70
51081,1997-09-01,4.9,1.07
51081,1997-10-01,3.4,1.07
51081,1997-11-01,3.9,0.63
51081,1997-12-01,3.5,0.17
51081,1998-01-01,3.6,0.23
51081,1998-02-01,3.6,0.13
51081,1998-03-01,3.4,0.10
51081,1998-04-01,2.9,0.00
51081,1998-05-01,2.9,0.00
51081,1998-06-01,3.3,0.00
51081,1998-07-01,4.3,0.47
51081,1998-08-01,4.3,0.93
51081,1998-09-01,3.5,1.00
51081,1998-10-01,3.6,0.77
51081,1998-11-01,4.2,0.73
51081,1998-12-01,3.6,0.77
51081,1999-01-01,3.7,0.80
51081,1999-02-01,3.4,0.53
51081,1999-03-01,2.6,0.20
51081,1999-04-01,2.8,0.00
51081,1999-05-01,2.7,0.00
51081,1999-06-01,2.6,0.00
51081,1999-07-01,3.4,0.20
51081,1999-08-01,3.9,0.60
51081,1999-09-01,2.9,0.70
51081,1999-10-01,2.4,0.37
51081,1999-11-01,2.2,0.00
51081,1999-12-01,2.2,0.00
51081,2000-01-01,3.3,0.30
51081,2000-02-01,3.4,0.70
51081,2000-03-01,3,0.97
51081,2000-04-01,3.5,1.03
51081,2000-05-01,3.9,1.20
51081,2000-06-01,3.2,1.27
51081,2000-07-01,4,1.43
51081,2000-08-01,4,1.47
51081,2000-09-01,4,1.73
51081,2000-10-01,2.9,1.37
51081,2000-11-01,2.6,0.90
51081,2000-12-01,2.7,0.47
51081,2001-01-01,4.1,0.57
51081,2001-02-01,4.7,1.10
51081,2001-03-01,4,1.53
51081,2001-04-01,3.6,1.37
51081,2001-05-01,3.9,1.10
51081,2001-06-01,4.1,1.13
51081,2001-07-01,7.2,2.33
51081,2001-08-01,4.3,2.47
51081,2001-09-01,4.3,2.53
51081,2001-10-01,4.5,1.63
51081,2001-11-01,5,1.87
51081,2001-12-01,5,2.10
51081,2002-01-01,5.4,2.00
51081,2002-02-01,4.7,1.20
51081,2002-03-01,4.2,0.93
51081,2002-04-01,4.1,0.50
51081,2002-05-01,4.6,0.47
51081,2002-06-01,5.1,0.73
51081,2002-07-01,4.6,0.47
51081,2002-08-01,4.8,0.53
51081,2002-09-01,4.6,0.37
51081,2002-10-01,4.3,0.27
51081,2002-11-01,4.6,0.20
51081,2002-12-01,4.3,0.10
51081,2003-01-01,5.2,0.40
51081,2003-02-01,5.1,0.57
51081,2003-03-01,5.5,0.97
51081,2003-04-01,4.8,0.83
51081,2003-05-01,4.7,0.70
51081,2003-06-01,4.9,0.40
51081,2003-07-01,4.5,0.30
51081,2003-08-01,5.2,0.47
51081,2003-09-01,5.2,0.57
51081,2003-10-01,6.4,1.20
51081,2003-11-01,6,1.47
51081,2003-12-01,5.8,1.67
51081,2004-01-01,7.8,1.83
51081,2004-02-01,7.1,2.20
51081,2004-03-01,7.3,2.70
51081,2004-04-01,6.2,2.17
51081,2004-05-01,5.9,1.77
51081,2004-06-01,6.5,1.50
51081,2004-07-01,5.8,1.37
51081,2004-08-01,5.6,1.10
51081,2004-09-01,6.8,1.10
51081,2004-10-01,7.2,0.93
51081,2004-11-01,5.8,0.73
51081,2004-12-01,4.8,0.00
51081,2005-01-01,5.9,0.00
51081,2005-02-01,6,0.07
51081,2005-03-01,5.8,0.40
51081,2005-04-01,4.4,0.00
51081,2005-05-01,4.4,0.00
51081,2005-06-01,5.4,0.00
51081,2005-07-01,5.3,0.30
51081,2005-08-01,5.1,0.53
51081,2005-09-01,5.8,0.67
51081,2005-10-01,5.6,0.77
51081,2005-11-01,5.2,0.80
51081,2005-12-01,4.6,0.40
51081,2006-01-01,4.7,0.10
51081,2006-02-01,4.9,0.00
51081,2006-03-01,4.6,0.00
51081,2006-04-01,3.9,0.00
51081,2006-05-01,4.4,0.00
51081,2006-06-01,4.1,0.00
51081,2006-07-01,4.2,0.10
51081,2006-08-01,4.3,0.07
51081,2006-09-01,4.1,0.07
51081,2006-10-01,3.9,0.00
51081,2006-11-01,3.9,0.00
51081,2006-12-01,4,0.00
51081,2007-01-01,5.3,0.47
51081,2007-02-01,5.4,0.97
51081,2007-03-01,4.4,1.10
51081,2007-04-01,3.7,0.57
51081,2007-05-01,4.1,0.13
51081,2007-06-01,4.4,0.13
51081,2007-07-01,4.4,0.37
51081,2007-08-01,4.7,0.57
51081,2007-09-01,4.5,0.60
51081,2007-10-01,4.3,0.57
51081,2007-11-01,4.8,0.60
51081,2007-12-01,5,0.77
51081,2008-01-01,5.1,0.90
51081,2008-02-01,5.7,1.20
51081,2008-03-01,5.8,1.47
51081,2008-04-01,4.3,1.20
51081,2008-05-01,4.6,0.83
51081,2008-06-01,4.9,0.53
51081,2008-07-01,5.1,0.57
51081,2008-08-01,6.2,0.90
51081,2008-09-01,6,1.27
51081,2008-10-01,6.3,1.67
51081,2008-11-01,6.6,1.77
51081,2008-12-01,7.6,2.23
51081,2009-01-01,8.2,2.87
51081,2009-02-01,9,3.67
51081,2009-03-01,9.1,4.17
51081,2009-04-01,9,4.43
51081,2009-05-01,8.6,4.30
51081,2009-06-01,9.2,4.33
51081,2009-07-01,9,4.07
51081,2009-08-01,9.4,3.80
51081,2009-09-01,9.7,3.60
51081,2009-10-01,9.2,3.27
51081,2009-11-01,8.9,2.97
51081,2009-12-01,9.5,2.37
51081,2010-01-01,9.9,1.97
51081,2010-02-01,10.5,1.70
51081,2010-03-01,10.1,1.40
51081,2010-04-01,8.6,0.83
51081,2010-05-01,8.3,0.10
51081,2010-06-01,8.6,0.00
51081,2010-07-01,9.2,0.20
51081,2010-08-01,9,0.43
51081,2010-09-01,9.2,0.63
51081,2010-10-01,8.7,0.47
51081,2010-11-01,9.1,0.50
51081,2010-12-01,8.6,0.30
51081,2011-01-01,9.3,0.50
51081,2011-02-01,9.1,0.50
51081,2011-03-01,8.4,0.43
51081,2011-04-01,7.6,0.00
51081,2011-05-01,7.7,0.00
51081,2011-06-01,7.8,0.00
51081,2011-07-01,8.1,0.17
51081,2011-08-01,9.3,0.70
51081,2011-09-01,8.5,0.93
51081,2011-10-01,7.9,0.87
51081,2011-11-01,7.8,0.37
51081,2011-12-01,9,0.53
51081,2012-01-01,9.2,0.97
51081,2012-02-01,8.9,1.33
51081,2012-03-01,8.3,1.10
51081,2012-04-01,7.7,0.60
51081,2012-05-01,7.8,0.23
51081,2012-06-01,8.1,0.17
51081,2012-07-01,8.5,0.27
51081,2012-08-01,8.9,0.63
51081,2012-09-01,7.9,0.57
51081,2012-10-01,8.4,0.53
51081,2012-11-01,7.8,0.17
51081,2012-12-01,7.7,0.10
51081,2013-01-01,9.2,0.37
51081,2013-02-01,8.2,0.50
51081,2013-03-01,7.7,0.50
51081,2013-04-01,7.4,0.00
51081,2013-05-01,7.2,0.00
51081,2013-06-01,7.6,0.00
51081,2013-07-01,7.5,0.03
51081,2013-08-01,8.1,0.33
51081,2013-09-01,7.1,0.17
51081,2013-10-01,7.2,0.07
51081,2013-11-01,6.5,0.00
51081,2013-12-01,6.2,0.00
51081,2014-01-01,7.3,0.03
51081,2014-02-01,7.1,0.23
51081,2014-03-01,6.7,0.40
51081,2014-04-01,6.2,0.03
51081,2014-05-01,6,0.00
51081,2014-06-01,6.1,0.00
51081,2014-07-01,6.4,0.07
51081,2014-08-01,6.7,0.30
51081,2014-09-01,5.9,0.23
51081,2014-10-01,5.8,0.03
51081,2014-11-01,5.8,0.00
51081,2014-12-01,5.3,0.00
51081,2015-01-01,6.1,0.10
51081,2015-02-01,5.8,0.10
51081,2015-03-01,5.6,0.20
51081,2015-04-01,5.2,0.00
51081,2015-05-01,5.5,0.00
51081,2015-06-01,5.1,0.00
51081,2015-07-01,5.3,0.03
51081,2015-08-01,5.4,0.00
51081,2015-09-01,4.9,0.00
51081,2015-10-01,4.8,0.00
51081,2015-11-01,5,0.00
51081,2015-12-01,4.4,0.00
51081,2016-01-01,5.4,0.20
51081,2016-02-01,5.7,0.43
51081,2016-03-01,5.5,0.80
51081,2016-04-01,5.2,0.73
51081,2016-05-01,4.8,0.43
51081,2016-06-01,5.5,0.43
51081,2016-07-01,5.7,0.60
51081,2016-08-01,5.6,0.87
51081,2016-09-01,5.5,0.87
51081,2016-10-01,5,0.63
51081,2016-11-01,5.1,0.47
51081,2016-12-01,4.8,0.23
51081,2017-01-01,5.5,0.20
51081,2017-02-01,5.4,0.27
51081,2017-03-01,4.9,0.30
51081,2017-04-01,4.3,0.00
51081,2017-05-01,4.4,0.00
51081,2017-06-01,4.5,0.00
51081,2017-07-01,4.8,0.17
51081,2017-08-01,5.1,0.40
51081,2017-09-01,4.8,0.50
51081,2017-10-01,4.5,0.40
51081,2017-11-01,4.5,0.20
51081,2017-12-01,4.7,0.17
51081,2018-01-01,5,0.33
51081,2018-02-01,4.8,0.43
51081,2018-03-01,4.1,0.23
51081,2018-04-01,3.7,0.00
51081,2018-05-01,3.8,0.00
51081,2018-06-01,4.1,0.00
51081,2018-07-01,4.1,0.13
51081,2018-08-01,4.2,0.27
51081,2018-09-01,4,0.23
51081,2018-10-01,3.6,0.07
51081,2018-11-01,3.8,0.00
51081,2018-12-01,4,0.00
51081,2019-01-01,4.5,0.30
51081,2019-02-01,4.3,0.47
51081,2019-03-01,4.3,0.57
51081,2019-04-01,3.5,0.23
51081,2019-05-01,3.6,0.00
51081,2019-06-01,3.6,0.00
51081,2019-07-01,3.9,0.13
51081,2019-08-01,4,0.27
51081,2019-09-01,3.6,0.27
51081,2019-10-01,3.5,0.13
51081,2019-11-01,3.4,0.00
51081,2019-12-01,3.2,0.00
51081,2020-01-01,3.7,0.07
51081,2020-02-01,3.6,0.13
51081,2020-03-01,4.2,0.47
51081,2020-04-01,9.3,2.33
51081,2020-05-01,10.1,4.50
51081,2020-06-01,11.6,6.97
51081,2020-07-01,11,7.53
51081,2020-08-01,10.1,7.53
51081,2020-09-01,8.8,6.60
51081,2020-10-01,7.1,5.30
51081,2020-11-01,6.9,4.23
51081,2020-12-01,6.2,3.37
51081,2021-01-01,6.7,3.17
51081,2021-02-01,6.4,2.93
51081,2021-03-01,6.2,2.60
51081,2021-04-01,5.5,0.33
51081,2021-05-01,5.6,0.00
51081,2021-06-01,6.1,0.00
51081,2021-07-01,5.4,0.00
51081,2021-08-01,4.9,0.00
51081,2021-09-01,4.3,0.00
51081,2021-10-01,3.9,0.00
51081,2021-11-01,2.8,0.00
51081,2021-12-01,7.7,1.13
51081,2022-01-01,4.2,1.23
51081,2022-02-01,4.1,1.67
51081,2022-03-01,3.3,0.20
51081,2022-04-01,2.9,0.00
51081,2022-05-01,3.8,0.00
51081,2022-06-01,4.2,0.30
51081,2022-07-01,4.3,0.77
51081,2022-08-01,5.1,1.20
51081,2022-09-01,4.4,1.27
51081,2022-10-01,4.2,1.23
51081,2022-11-01,4.2,0.93
51081,2022-12-01,4.2,0.87
51081,2023-01-01,4.5,0.97
51081,2023-02-01,4.7,1.13
51081,2023-03-01,3.9,1.03
51081,2023-04-01,3.5,0.70
51081,2023-05-01,3.7,0.37
51081,2023-06-01,3.9,0.07
51081,2023-07-01,4.2,0.23
51081,2023-08-01,4.7,0.57
51081,2023-09-01,4.1,0.63
51081,2023-10-01,3.9,0.53
51081,2023-11-01,3.7,0.20
51081,2023-12-01,3.7,0.07
51081,2024-01-01,3.9,0.07
51081,2024-02-01,4.1,0.20
51081,2024-03-01,4.1,0.33
51081,2024-04-01,3.7,0.27
51081,2024-05-01,4.1,0.27
51081,2024-06-01,4.1,0.27
51081,2024-07-01,4.6,0.50
51081,2024-08-01,4.8,0.73
51081,2024-09-01,4.2,0.77
51081,2024-10-01,6,1.23
51081,2024-11-01,6.6,1.83
51081,2024-12-01,6.8,2.70
51081,2025-01-01,7.4,3.17
51081,2025-02-01,7.1,3.20
51081,2025-03-01,6.7,3.10
51081,2025-04-01,5.3,2.40
51081,2025-05-01,5.4,1.83
51081,2025-06-01,5.4,1.40
51081,2025-07-01,7.2,1.73
51081,2025-08-01,7.7,2.27
51081,2025-09-01,7.3,2.87
51081,2025-10-01,7.15,2.38
51081,2025-11-01,7,1.78
51081,2025-12-01,6.3,1.45
51081,2026-01-01,7.7,1.63
51081,2026-02-01,7,1.63
51081,2026-03-01,6.5,1.70
51081,2026-04-01,5.6,1.00
51081,2026-05-01,5.4,0.47
51081,2026-06-01,5.8,0.23
51081,2026-07-01,6.5,0.30
51081,2026-08-01,5.9,0.47
51083,1990-01-01,6.1,NaN
51083,1990-02-01,6,NaN
51083,1990-03-01,6.6,NaN
51083,1990-04-01,6.3,NaN
51083,1990-05-01,7,NaN
51083,1990-06-01,6.6,NaN
51083,1990-07-01,7.5,NaN
51083,1990-08-01,7.7,NaN
51083,1990-09-01,10.7,NaN
51083,1990-10-01,11.6,NaN
51083,1990-11-01,8,NaN
51083,1990-12-01,7.8,NaN
51083,1991-01-01,9.9,NaN
51083,1991-02-01,9.7,NaN
51083,1991-03-01,10.3,3.73
51083,1991-04-01,9.7,3.60
51083,1991-05-01,8.9,3.00
51083,1991-06-01,8.9,2.53
51083,1991-07-01,8.9,1.87
51083,1991-08-01,7.8,1.27
51083,1991-09-01,7.3,0.00
51083,1991-10-01,6.4,0.00
51083,1991-11-01,7.5,0.00
51083,1991-12-01,8.1,0.27
51083,1992-01-01,9.5,1.30
51083,1992-02-01,9.1,1.83
51083,1992-03-01,8.4,1.93
51083,1992-04-01,6.9,1.07
51083,1992-05-01,7.7,0.60
51083,1992-06-01,8.6,0.67
51083,1992-07-01,8.5,1.20
51083,1992-08-01,7.9,1.27
51083,1992-09-01,7.2,0.80
51083,1992-10-01,7.6,0.50
51083,1992-11-01,8.2,0.60
51083,1992-12-01,7.2,0.33
51083,1993-01-01,8,0.23
51083,1993-02-01,7.4,0.00
51083,1993-03-01,6.5,0.00
51083,1993-04-01,7.1,0.00
51083,1993-05-01,6.6,0.00
51083,1993-06-01,6.5,0.00
51083,1993-07-01,6.2,0.00
51083,1993-08-01,5.9,0.00
51083,1993-09-01,5.7,0.00
51083,1993-10-01,6.3,0.03
51083,1993-11-01,6.2,0.13
51083,1993-12-01,10.4,1.70
51083,1994-01-01,7.2,2.00
51083,1994-02-01,6.5,2.10
51083,1994-03-01,6,0.63
51083,1994-04-01,6.3,0.33
51083,1994-05-01,6.2,0.23
51083,1994-06-01,6.5,0.40
51083,1994-07-01,6.3,0.40
51083,1994-08-01,7.1,0.70
51083,1994-09-01,6.1,0.57
51083,1994-10-01,6.6,0.63
51083,1994-11-01,6.6,0.37
51083,1994-12-01,6.4,0.37
51083,1995-01-01,6.8,0.43
51083,1995-02-01,6.4,0.37
51083,1995-03-01,6.3,0.33
51083,1995-04-01,5.7,0.00
51083,1995-05-01,7.5,0.37
51083,1995-06-01,8.2,1.00
51083,1995-07-01,7.1,1.47
51083,1995-08-01,7.1,1.33
51083,1995-09-01,8.3,1.37
51083,1995-10-01,9.2,2.07
51083,1995-11-01,7.9,2.33
51083,1995-12-01,8.2,2.30
51083,1996-01-01,12.2,3.30
51083,1996-02-01,11.1,4.37
51083,1996-03-01,10.3,5.07
51083,1996-04-01,9.2,4.07
51083,1996-05-01,9.5,3.17
51083,1996-06-01,10.5,2.60
51083,1996-07-01,10.9,2.83
51083,1996-08-01,11.4,3.47
51083,1996-09-01,11.2,3.67
51083,1996-10-01,12,3.33
51083,1996-11-01,10.4,2.77
51083,1996-12-01,11.3,2.80
51083,1997-01-01,13,2.13
51083,1997-02-01,12.8,2.70
51083,1997-03-01,11.1,2.63
51083,1997-04-01,11.1,2.00
51083,1997-05-01,10.4,1.20
51083,1997-06-01,10.6,0.97
51083,1997-07-01,9.4,0.00
51083,1997-08-01,9.9,0.00
51083,1997-09-01,10.8,0.07
51083,1997-10-01,9.4,0.07
51083,1997-11-01,11.1,0.47
51083,1997-12-01,8.4,0.00
51083,1998-01-01,10.8,0.47
51083,1998-02-01,8,0.00
51083,1998-03-01,8.1,0.00
51083,1998-04-01,5.6,0.00
51083,1998-05-01,6.2,0.00
51083,1998-06-01,6.6,0.00
51083,1998-07-01,7.3,0.57
51083,1998-08-01,6.6,0.70
51083,1998-09-01,5.2,0.23
51083,1998-10-01,6,0.00
51083,1998-11-01,7.3,0.23
51083,1998-12-01,7.2,0.90
51083,1999-01-01,7.3,1.33
51083,1999-02-01,6.9,1.20
51083,1999-03-01,6.7,1.03
51083,1999-04-01,4.4,0.07
51083,1999-05-01,4.5,0.00
51083,1999-06-01,5,0.00
51083,1999-07-01,5.7,0.43
51083,1999-08-01,5.9,0.90
51083,1999-09-01,4.9,0.87
51083,1999-10-01,5.9,0.93
51083,1999-11-01,7.5,1.47
51083,1999-12-01,8.8,2.77
51083,2000-01-01,7.1,3.17
51083,2000-02-01,6.4,2.80
51083,2000-03-01,5.4,1.67
51083,2000-04-01,5,0.97
51083,2000-05-01,5.1,0.53
51083,2000-06-01,4.9,0.37
51083,2000-07-01,5.2,0.07
51083,2000-08-01,4.9,0.00
51083,2000-09-01,4,0.00
51083,2000-10-01,3.7,0.00
51083,2000-11-01,4.4,0.00
51083,2000-12-01,3.9,0.00
51083,2001-01-01,5.2,0.50
51083,2001-02-01,5.7,0.93
51083,2001-03-01,7.4,2.10
51083,2001-04-01,4.8,1.97
51083,2001-05-01,5.7,1.97
51083,2001-06-01,6.8,1.77
51083,2001-07-01,6.6,2.37
51083,2001-08-01,9,3.47
51083,2001-09-01,8.1,3.90
51083,2001-10-01,8.3,4.47
51083,2001-11-01,9.3,4.57
51083,2001-12-01,9.6,5.07
51083,2002-01-01,12,5.80
51083,2002-02-01,10.8,5.87
51083,2002-03-01,10.9,5.47
51083,2002-04-01,9.7,4.70
51083,2002-05-01,9.3,4.20
51083,2002-06-01,9.3,3.67
51083,2002-07-01,10.1,3.20
51083,2002-08-01,10,2.33
51083,2002-09-01,10.6,2.33
51083,2002-10-01,10.7,1.97
51083,2002-11-01,9.9,1.83
51083,2002-12-01,9.5,0.97
51083,2003-01-01,11.3,0.80
51083,2003-02-01,10.7,1.07
51083,2003-03-01,10.5,1.40
51083,2003-04-01,10.3,1.07
51083,2003-05-01,10,0.83
51083,2003-06-01,10.7,0.90
51083,2003-07-01,11.4,1.13
51083,2003-08-01,10.9,1.20
51083,2003-09-01,10.1,0.77
51083,2003-10-01,9.1,0.00
51083,2003-11-01,8.8,0.00
51083,2003-12-01,8.4,0.00
51083,2004-01-01,9.6,0.17
51083,2004-02-01,8.9,0.20
51083,2004-03-01,8.5,0.23
51083,2004-04-01,7.1,0.00
51083,2004-05-01,7.5,0.00
51083,2004-06-01,7.9,0.00
51083,2004-07-01,8.1,0.33
51083,2004-08-01,7.7,0.40
51083,2004-09-01,7.1,0.13
51083,2004-10-01,6.6,0.00
51083,2004-11-01,6.3,0.00
51083,2004-12-01,6.6,0.00
51083,2005-01-01,6.4,0.00
51083,2005-02-01,6.7,0.13
51083,2005-03-01,6.1,0.00
51083,2005-04-01,5.5,0.00
51083,2005-05-01,5.7,0.00
51083,2005-06-01,6,0.00
51083,2005-07-01,6.6,0.37
51083,2005-08-01,6.3,0.57
51083,2005-09-01,6.2,0.63
51083,2005-10-01,5.6,0.30
51083,2005-11-01,5.7,0.10
51083,2005-12-01,5.6,0.00
51083,2006-01-01,6,0.13
51083,2006-02-01,6.2,0.30
51083,2006-03-01,5.5,0.27
51083,2006-04-01,5.2,0.00
51083,2006-05-01,5.4,0.00
51083,2006-06-01,5.8,0.10
51083,2006-07-01,5.7,0.27
51083,2006-08-01,5.9,0.43
51083,2006-09-01,6.1,0.53
51083,2006-10-01,6.1,0.67
51083,2006-11-01,6.3,0.80
51083,2006-12-01,6.1,0.80
51083,2007-01-01,7.3,1.20
51083,2007-02-01,7.3,1.53
51083,2007-03-01,6.3,1.60
51083,2007-04-01,5.3,0.93
51083,2007-05-01,6,0.50
51083,2007-06-01,6.8,0.57
51083,2007-07-01,7.1,1.00
51083,2007-08-01,6.9,1.13
51083,2007-09-01,6.6,1.00
51083,2007-10-01,6,0.63
51083,2007-11-01,5.9,0.30
51083,2007-12-01,6.2,0.17
51083,2008-01-01,6.9,0.47
51083,2008-02-01,7,0.83
51083,2008-03-01,6.4,0.90
51083,2008-04-01,5.6,0.47
51083,2008-05-01,6.1,0.17
51083,2008-06-01,6.5,0.03
51083,2008-07-01,7.7,0.73
51083,2008-08-01,7.7,1.27
51083,2008-09-01,7.3,1.53
51083,2008-10-01,7.2,1.37
51083,2008-11-01,7.6,1.33
51083,2008-12-01,8.6,1.77
51083,2009-01-01,10.5,2.87
51083,2009-02-01,11.1,4.03
51083,2009-03-01,11,4.83
51083,2009-04-01,10.9,4.97
51083,2009-05-01,11.3,5.03
51083,2009-06-01,11.5,5.17
51083,2009-07-01,12.2,4.90
51083,2009-08-01,12.8,4.87
51083,2009-09-01,11.6,4.83
51083,2009-10-01,11.2,4.50
51083,2009-11-01,11.2,3.97
51083,2009-12-01,11.7,3.57
51083,2010-01-01,12.6,2.93
51083,2010-02-01,12.6,2.23
51083,2010-03-01,12,1.53
51083,2010-04-01,11.4,1.00
51083,2010-05-01,10.9,0.37
51083,2010-06-01,11.1,0.00
51083,2010-07-01,11.6,0.07
51083,2010-08-01,12.4,0.57
51083,2010-09-01,11.7,0.77
51083,2010-10-01,11.2,0.63
51083,2010-11-01,11.3,0.27
51083,2010-12-01,10.9,0.00
51083,2011-01-01,11.8,0.20
51083,2011-02-01,11,0.10
51083,2011-03-01,10.4,0.00
51083,2011-04-01,9.9,0.00
51083,2011-05-01,9.9,0.00
51083,2011-06-01,10.5,0.03
51083,2011-07-01,11.2,0.47
51083,2011-08-01,11.5,1.00
51083,2011-09-01,10.6,1.03
51083,2011-10-01,10.1,0.67
51083,2011-11-01,9.8,0.10
51083,2011-12-01,9.5,0.00
51083,2012-01-01,10.3,0.07
51083,2012-02-01,9.5,0.00
51083,2012-03-01,8.8,0.00
51083,2012-04-01,8.4,0.00
51083,2012-05-01,8.5,0.00
51083,2012-06-01,9.1,0.10
51083,2012-07-01,9.8,0.57
51083,2012-08-01,10,1.07
51083,2012-09-01,9,1.03
51083,2012-10-01,8.8,0.70
51083,2012-11-01,8.7,0.27
51083,2012-12-01,8.7,0.17
51083,2013-01-01,9.7,0.47
51083,2013-02-01,9.1,0.60
51083,2013-03-01,8.8,0.63
51083,2013-04-01,8.4,0.20
51083,2013-05-01,8.7,0.07
51083,2013-06-01,9.2,0.13
51083,2013-07-01,9.3,0.43
51083,2013-08-01,9.6,0.73
51083,2013-09-01,8.7,0.57
51083,2013-10-01,8.6,0.33
51083,2013-11-01,8.3,0.00
51083,2013-12-01,8.1,0.00
51083,2014-01-01,9.1,0.17
51083,2014-02-01,8.9,0.37
51083,2014-03-01,8.4,0.47
51083,2014-04-01,7.3,0.00
51083,2014-05-01,7.3,0.00
51083,2014-06-01,7.5,0.00
51083,2014-07-01,7.9,0.20
51083,2014-08-01,7.8,0.37
51083,2014-09-01,7,0.20
51083,2014-10-01,6.4,0.00
51083,2014-11-01,6.8,0.00
51083,2014-12-01,6.4,0.00
51083,2015-01-01,7.2,0.27
51083,2015-02-01,6.8,0.27
51083,2015-03-01,6.6,0.33
51083,2015-04-01,5.8,0.00
51083,2015-05-01,6.4,0.00
51083,2015-06-01,6.1,0.00
51083,2015-07-01,6.4,0.20
51083,2015-08-01,6.2,0.13
51083,2015-09-01,5.9,0.07
51083,2015-10-01,5.8,0.00
51083,2015-11-01,5.8,0.00
51083,2015-12-01,5.7,0.00
51083,2016-01-01,6.1,0.10
51083,2016-02-01,5.9,0.13
51083,2016-03-01,5.6,0.10
51083,2016-04-01,5.3,0.00
51083,2016-05-01,5.2,0.00
51083,2016-06-01,6,0.13
51083,2016-07-01,6.1,0.40
51083,2016-08-01,6.1,0.70
51083,2016-09-01,5.7,0.60
51083,2016-10-01,5.5,0.40
51083,2016-11-01,5.3,0.13
51083,2016-12-01,5.3,0.00
51083,2017-01-01,5.8,0.10
51083,2017-02-01,5.6,0.20
51083,2017-03-01,5.2,0.17
51083,2017-04-01,4.7,0.00
51083,2017-05-01,4.7,0.00
51083,2017-06-01,5.1,0.00
51083,2017-07-01,5.3,0.20
51083,2017-08-01,5.3,0.40
51083,2017-09-01,4.9,0.33
51083,2017-10-01,4.7,0.13
51083,2017-11-01,4.6,0.00
51083,2017-12-01,4.6,0.00
51083,2018-01-01,5.1,0.13
51083,2018-02-01,4.8,0.20
51083,2018-03-01,4.6,0.20
51083,2018-04-01,3.9,0.00
51083,2018-05-01,3.8,0.00
51083,2018-06-01,4.4,0.00
51083,2018-07-01,4.6,0.23
51083,2018-08-01,4.2,0.37
51083,2018-09-01,4.1,0.27
51083,2018-10-01,4,0.07
51083,2018-11-01,4,0.00
51083,2018-12-01,4.1,0.00
51083,2019-01-01,4.5,0.17
51083,2019-02-01,4.2,0.23
51083,2019-03-01,4.1,0.23
51083,2019-04-01,3.5,0.00
51083,2019-05-01,3.9,0.00
51083,2019-06-01,4.2,0.03
51083,2019-07-01,4.8,0.47
51083,2019-08-01,4.4,0.63
51083,2019-09-01,3.9,0.53
51083,2019-10-01,3.9,0.23
51083,2019-11-01,3.8,0.03
51083,2019-12-01,3.7,0.00
51083,2020-01-01,4.7,0.27
51083,2020-02-01,4.4,0.47
51083,2020-03-01,5,0.90
51083,2020-04-01,12.2,3.40
51083,2020-05-01,10.2,5.33
51083,2020-06-01,10.9,7.30
51083,2020-07-01,10.5,6.73
51083,2020-08-01,8.6,6.20
51083,2020-09-01,7.3,5.00
51083,2020-10-01,6.2,3.57
51083,2020-11-01,6,2.70
51083,2020-12-01,5.3,2.03
51083,2021-01-01,5.8,1.63
51083,2021-02-01,5.7,1.33
51083,2021-03-01,5.5,0.97
51083,2021-04-01,5.1,0.00
51083,2021-05-01,5.4,0.00
51083,2021-06-01,5.8,0.10
51083,2021-07-01,5.6,0.27
51083,2021-08-01,5.2,0.20
51083,2021-09-01,4.3,0.00
51083,2021-10-01,4.3,0.00
51083,2021-11-01,3,0.00
51083,2021-12-01,3.4,0.00
51083,2022-01-01,3.7,0.00
51083,2022-02-01,3.6,0.20
51083,2022-03-01,3.5,0.23
51083,2022-04-01,3.3,0.10
51083,2022-05-01,3.6,0.10
51083,2022-06-01,4,0.27
51083,2022-07-01,4.2,0.57
51083,2022-08-01,4.5,0.87
51083,2022-09-01,3.8,0.80
51083,2022-10-01,3.8,0.67
51083,2022-11-01,4,0.50
51083,2022-12-01,3.5,0.40
51083,2023-01-01,4.2,0.53
51083,2023-02-01,4.1,0.47
51083,2023-03-01,3.6,0.50
51083,2023-04-01,3.2,0.17
51083,2023-05-01,3.6,0.00
51083,2023-06-01,3.8,0.07
51083,2023-07-01,3.8,0.27
51083,2023-08-01,4.3,0.50
51083,2023-09-01,3.8,0.50
51083,2023-10-01,3.9,0.53
51083,2023-11-01,3.9,0.40
51083,2023-12-01,3.7,0.37
51083,2024-01-01,4.5,0.57
51083,2024-02-01,4.3,0.70
51083,2024-03-01,4.2,0.87
51083,2024-04-01,3.7,0.60
51083,2024-05-01,4,0.50
51083,2024-06-01,4.4,0.50
51083,2024-07-01,4.8,0.67
51083,2024-08-01,5,0.90
51083,2024-09-01,4.2,0.83
51083,2024-10-01,4.1,0.60
51083,2024-11-01,4.2,0.33
51083,2024-12-01,3.8,0.20
51083,2025-01-01,4.4,0.17
51083,2025-02-01,4.4,0.23
51083,2025-03-01,4.3,0.40
51083,2025-04-01,4,0.27
51083,2025-05-01,4.5,0.30
51083,2025-06-01,4.7,0.37
51083,2025-07-01,5.3,0.80
51083,2025-08-01,5.3,1.07
51083,2025-09-01,4.8,1.10
51083,2025-10-01,5.05,1.02
51083,2025-11-01,5.3,1.02
51083,2025-12-01,4.8,1.02
51083,2026-01-01,5.5,1.07
51083,2026-02-01,5.2,0.97
51083,2026-03-01,5.1,1.03
51083,2026-04-01,4.6,0.73
51083,2026-05-01,4.6,0.50
51083,2026-06-01,5.1,0.37
51083,2026-07-01,5.4,0.27
51083,2026-08-01,4.8,0.33
51085,1990-01-01,2.6,NaN
51085,1990-02-01,2.8,NaN
51085,1990-03-01,2.6,NaN
51085,1990-04-01,2.3,NaN
51085,1990-05-01,2.7,NaN
51085,1990-06-01,3,NaN
51085,1990-07-01,2.6,NaN
51085,1990-08-01,2.9,NaN
51085,1990-09-01,2.9,NaN
51085,1990-10-01,2.7,NaN
51085,1990-11-01,3.2,NaN
51085,1990-12-01,3.5,NaN
51085,1991-01-01,3.9,NaN
51085,1991-02-01,4.5,NaN
51085,1991-03-01,4.1,1.63
51085,1991-04-01,3.7,1.57
51085,1991-05-01,4.2,1.47
51085,1991-06-01,4.7,1.53
51085,1991-07-01,4.3,1.63
51085,1991-08-01,4.6,1.73
51085,1991-09-01,4.6,1.70
51085,1991-10-01,4.5,1.73
51085,1991-11-01,4.4,1.57
51085,1991-12-01,4.4,1.30
51085,1992-01-01,4.7,0.97
51085,1992-02-01,5.2,0.80
51085,1992-03-01,4.6,0.83
51085,1992-04-01,4.3,0.70
51085,1992-05-01,5,0.63
51085,1992-06-01,5.3,0.67
51085,1992-07-01,4.2,0.43
51085,1992-08-01,4.3,0.17
51085,1992-09-01,4.4,0.00
51085,1992-10-01,4.4,0.07
51085,1992-11-01,4.3,0.07
51085,1992-12-01,4.1,0.00
51085,1993-01-01,4.9,0.17
51085,1993-02-01,4.4,0.20
51085,1993-03-01,3.6,0.03
51085,1993-04-01,3.1,0.00
51085,1993-05-01,3.3,0.00
51085,1993-06-01,3.6,0.00
51085,1993-07-01,3.2,0.03
51085,1993-08-01,3,0.00
51085,1993-09-01,2.9,0.00
51085,1993-10-01,2.5,0.00
51085,1993-11-01,3.1,0.03
51085,1993-12-01,2.7,0.00
51085,1994-01-01,3.4,0.30
51085,1994-02-01,3.2,0.33
51085,1994-03-01,2.8,0.37
51085,1994-04-01,2.5,0.07
51085,1994-05-01,2.4,0.00
51085,1994-06-01,2.7,0.00
51085,1994-07-01,2.7,0.07
51085,1994-08-01,2.9,0.23
51085,1994-09-01,2.9,0.30
51085,1994-10-01,2.7,0.30
51085,1994-11-01,2.7,0.23
51085,1994-12-01,2.3,0.03
51085,1995-01-01,2.5,0.00
51085,1995-02-01,2.4,0.00
51085,1995-03-01,2.1,0.00
51085,1995-04-01,2,0.00
51085,1995-05-01,2.2,0.00
51085,1995-06-01,2.4,0.10
51085,1995-07-01,2.2,0.17
51085,1995-08-01,2.3,0.20
51085,1995-09-01,2.1,0.10
51085,1995-10-01,1.9,0.00
51085,1995-11-01,1.6,0.00
51085,1995-12-01,1.6,0.00
51085,1996-01-01,2.1,0.07
51085,1996-02-01,2.1,0.23
51085,1996-03-01,1.8,0.30
51085,1996-04-01,1.7,0.17
51085,1996-05-01,2.2,0.20
51085,1996-06-01,2.1,0.30
51085,1996-07-01,2,0.40
51085,1996-08-01,2,0.33
51085,1996-09-01,2,0.30
51085,1996-10-01,2.1,0.33
51085,1996-11-01,2.2,0.40
51085,1996-12-01,2.4,0.53
51085,1997-01-01,2.7,0.67
51085,1997-02-01,2.5,0.67
51085,1997-03-01,2.5,0.70
51085,1997-04-01,2.4,0.60
51085,1997-05-01,2.4,0.53
51085,1997-06-01,2.5,0.43
51085,1997-07-01,2,0.30
51085,1997-08-01,2.2,0.23
51085,1997-09-01,2.1,0.10
51085,1997-10-01,1.9,0.03
51085,1997-11-01,1.9,0.00
51085,1997-12-01,1.6,0.00
51085,1998-01-01,1.7,0.00
51085,1998-02-01,1.8,0.00
51085,1998-03-01,1.8,0.07
51085,1998-04-01,1.4,0.00
51085,1998-05-01,1.7,0.00
51085,1998-06-01,2,0.07
51085,1998-07-01,1.9,0.23
51085,1998-08-01,1.8,0.27
51085,1998-09-01,1.7,0.17
51085,1998-10-01,1.7,0.10
51085,1998-11-01,1.5,0.00
51085,1998-12-01,1.4,0.00
51085,1999-01-01,1.6,0.00
51085,1999-02-01,1.5,0.00
51085,1999-03-01,1.3,0.00
51085,1999-04-01,1.3,0.00
51085,1999-05-01,1.4,0.00
51085,1999-06-01,1.7,0.13
51085,1999-07-01,1.4,0.17
51085,1999-08-01,1.6,0.23
51085,1999-09-01,1.5,0.17
51085,1999-10-01,1.3,0.13
51085,1999-11-01,1.3,0.03
51085,1999-12-01,1.2,0.00
51085,2000-01-01,1.8,0.17
51085,2000-02-01,2,0.40
51085,2000-03-01,1.9,0.63
51085,2000-04-01,1.5,0.53
51085,2000-05-01,1.7,0.43
51085,2000-06-01,1.9,0.43
51085,2000-07-01,1.6,0.47
51085,2000-08-01,1.8,0.50
51085,2000-09-01,1.5,0.37
51085,2000-10-01,1.4,0.30
51085,2000-11-01,1.4,0.17
51085,2000-12-01,1.3,0.10
51085,2001-01-01,1.7,0.10
51085,2001-02-01,1.9,0.27
51085,2001-03-01,1.9,0.47
51085,2001-04-01,1.9,0.53
51085,2001-05-01,2.1,0.60
51085,2001-06-01,2.5,0.80
51085,2001-07-01,2.5,1.00
51085,2001-08-01,3,1.30
51085,2001-09-01,2.9,1.43
51085,2001-10-01,3,1.60
51085,2001-11-01,3.2,1.67
51085,2001-12-01,3.2,1.77
51085,2002-01-01,3.5,1.83
51085,2002-02-01,3.5,1.77
51085,2002-03-01,3.3,1.60
51085,2002-04-01,3.2,1.43
51085,2002-05-01,3.2,1.27
51085,2002-06-01,3.6,1.17
51085,2002-07-01,3.3,1.00
51085,2002-08-01,3.5,0.80
51085,2002-09-01,3.1,0.50
51085,2002-10-01,3.1,0.27
51085,2002-11-01,3.1,0.07
51085,2002-12-01,3,0.00
51085,2003-01-01,3.5,0.13
51085,2003-02-01,3.5,0.27
51085,2003-03-01,3.3,0.37
51085,2003-04-01,3,0.20
51085,2003-05-01,3.2,0.10
51085,2003-06-01,3.7,0.23
51085,2003-07-01,3.4,0.37
51085,2003-08-01,3.4,0.43
51085,2003-09-01,3.2,0.27
51085,2003-10-01,2.9,0.10
51085,2003-11-01,3.1,0.00
51085,2003-12-01,2.9,0.00
51085,2004-01-01,3.4,0.17
51085,2004-02-01,3.2,0.20
51085,2004-03-01,3.2,0.30
51085,2004-04-01,2.9,0.13
51085,2004-05-01,3.1,0.10
51085,2004-06-01,3.5,0.20
51085,2004-07-01,3.2,0.30
51085,2004-08-01,3.2,0.33
51085,2004-09-01,2.8,0.10
51085,2004-10-01,2.8,0.00
51085,2004-11-01,2.8,0.00
51085,2004-12-01,2.7,0.00
51085,2005-01-01,3,0.07
51085,2005-02-01,3,0.13
51085,2005-03-01,2.9,0.20
51085,2005-04-01,2.8,0.13
51085,2005-05-01,2.9,0.10
51085,2005-06-01,3.2,0.20
51085,2005-07-01,3,0.27
51085,2005-08-01,3.1,0.33
51085,2005-09-01,3,0.27
51085,2005-10-01,2.8,0.20
51085,2005-11-01,2.7,0.07
51085,2005-12-01,2.5,0.00
51085,2006-01-01,2.7,0.00
51085,2006-02-01,2.6,0.00
51085,2006-03-01,2.4,0.00
51085,2006-04-01,2.3,0.00
51085,2006-05-01,2.4,0.00
51085,2006-06-01,2.8,0.13
51085,2006-07-01,2.8,0.30
51085,2006-08-01,2.8,0.43
51085,2006-09-01,2.6,0.37
51085,2006-10-01,2.3,0.20
51085,2006-11-01,2.4,0.07
51085,2006-12-01,2.2,0.00
51085,2007-01-01,2.6,0.10
51085,2007-02-01,2.4,0.10
51085,2007-03-01,2.3,0.13
51085,2007-04-01,2.2,0.00
51085,2007-05-01,2.3,0.00
51085,2007-06-01,2.7,0.13
51085,2007-07-01,2.6,0.27
51085,2007-08-01,2.6,0.37
51085,2007-09-01,2.5,0.30
51085,2007-10-01,2.6,0.30
51085,2007-11-01,2.6,0.30
51085,2007-12-01,2.6,0.33
51085,2008-01-01,3.1,0.50
51085,2008-02-01,2.9,0.60
51085,2008-03-01,3.1,0.77
51085,2008-04-01,2.8,0.67
51085,2008-05-01,3.3,0.80
51085,2008-06-01,3.6,0.83
51085,2008-07-01,3.8,1.03
51085,2008-08-01,3.9,1.20
51085,2008-09-01,3.6,1.20
51085,2008-10-01,3.7,1.17
51085,2008-11-01,4.1,1.23
51085,2008-12-01,4.5,1.50
51085,2009-01-01,5.5,1.93
51085,2009-02-01,6.2,2.53
51085,2009-03-01,6.5,3.13
51085,2009-04-01,6.2,3.37
51085,2009-05-01,6.7,3.40
51085,2009-06-01,7.1,3.43
51085,2009-07-01,7,3.37
51085,2009-08-01,7.1,3.33
51085,2009-09-01,6.9,3.27
51085,2009-10-01,6.6,3.13
51085,2009-11-01,6.7,2.93
51085,2009-12-01,6.9,2.63
51085,2010-01-01,7,2.17
51085,2010-02-01,6.9,1.53
51085,2010-03-01,6.6,0.77
51085,2010-04-01,6.1,0.23
51085,2010-05-01,6.2,0.00
51085,2010-06-01,6.3,0.00
51085,2010-07-01,6.2,0.03
51085,2010-08-01,6.2,0.03
51085,2010-09-01,6.1,0.00
51085,2010-10-01,5.9,0.00
51085,2010-11-01,6,0.00
51085,2010-12-01,5.7,0.00
51085,2011-01-01,6.1,0.07
51085,2011-02-01,5.9,0.03
51085,2011-03-01,5.7,0.03
51085,2011-04-01,5.3,0.00
51085,2011-05-01,5.6,0.00
51085,2011-06-01,5.9,0.07
51085,2011-07-01,5.8,0.23
51085,2011-08-01,5.9,0.33
51085,2011-09-01,5.8,0.30
51085,2011-10-01,5.6,0.23
51085,2011-11-01,5.4,0.07
51085,2011-12-01,5.3,0.00
51085,2012-01-01,5.7,0.03
51085,2012-02-01,5.7,0.13
51085,2012-03-01,5.4,0.17
51085,2012-04-01,5,0.00
51085,2012-05-01,5.2,0.00
51085,2012-06-01,5.6,0.07
51085,2012-07-01,5.5,0.23
51085,2012-08-01,5.4,0.30
51085,2012-09-01,5.1,0.13
51085,2012-10-01,5,0.00
51085,2012-11-01,4.9,0.00
51085,2012-12-01,5,0.00
51085,2013-01-01,5.5,0.17
51085,2013-02-01,5.2,0.27
51085,2013-03-01,4.9,0.23
51085,2013-04-01,4.5,0.00
51085,2013-05-01,4.9,0.00
51085,2013-06-01,5.2,0.10
51085,2013-07-01,5,0.27
51085,2013-08-01,5,0.30
51085,2013-09-01,4.9,0.20
51085,2013-10-01,4.9,0.17
51085,2013-11-01,4.5,0.00
51085,2013-12-01,4.4,0.00
51085,2014-01-01,4.7,0.00
51085,2014-02-01,4.8,0.10
51085,2014-03-01,4.7,0.20
51085,2014-04-01,4.1,0.00
51085,2014-05-01,4.5,0.00
51085,2014-06-01,4.6,0.00
51085,2014-07-01,4.7,0.20
51085,2014-08-01,4.6,0.23
51085,2014-09-01,4.3,0.13
51085,2014-10-01,4.2,0.00
51085,2014-11-01,4.1,0.00
51085,2014-12-01,3.8,0.00
51085,2015-01-01,4.3,0.03
51085,2015-02-01,4.2,0.07
51085,2015-03-01,4,0.13
51085,2015-04-01,3.6,0.00
51085,2015-05-01,4,0.00
51085,2015-06-01,4,0.00
51085,2015-07-01,3.9,0.10
51085,2015-08-01,3.8,0.03
51085,2015-09-01,3.6,0.00
51085,2015-10-01,3.5,0.00
51085,2015-11-01,3.4,0.00
51085,2015-12-01,3.3,0.00
51085,2016-01-01,3.7,0.07
51085,2016-02-01,3.6,0.13
51085,2016-03-01,3.6,0.23
51085,2016-04-01,3.2,0.07
51085,2016-05-01,3.4,0.00
51085,2016-06-01,3.7,0.03
51085,2016-07-01,3.7,0.20
51085,2016-08-01,3.8,0.33
51085,2016-09-01,3.7,0.33
51085,2016-10-01,3.6,0.30
51085,2016-11-01,3.4,0.17
51085,2016-12-01,3.3,0.03
51085,2017-01-01,3.8,0.10
51085,2017-02-01,3.6,0.17
51085,2017-03-01,3.4,0.20
51085,2017-04-01,3.1,0.00
51085,2017-05-01,3.3,0.00
51085,2017-06-01,3.4,0.00
51085,2017-07-01,3.4,0.10
51085,2017-08-01,3.5,0.17
51085,2017-09-01,3.3,0.13
51085,2017-10-01,3.1,0.03
51085,2017-11-01,3.1,0.00
51085,2017-12-01,2.8,0.00
51085,2018-01-01,3.2,0.03
51085,2018-02-01,2.9,0.00
51085,2018-03-01,2.8,0.00
51085,2018-04-01,2.4,0.00
51085,2018-05-01,2.6,0.00
51085,2018-06-01,2.9,0.03
51085,2018-07-01,2.7,0.13
51085,2018-08-01,2.7,0.17
51085,2018-09-01,2.5,0.03
51085,2018-10-01,2.5,0.00
51085,2018-11-01,2.4,0.00
51085,2018-12-01,2.3,0.00
51085,2019-01-01,2.9,0.13
51085,2019-02-01,2.6,0.20
51085,2019-03-01,2.6,0.30
51085,2019-04-01,2.1,0.03
51085,2019-05-01,2.4,0.00
51085,2019-06-01,2.5,0.00
51085,2019-07-01,2.5,0.13
51085,2019-08-01,2.6,0.20
51085,2019-09-01,2.4,0.17
51085,2019-10-01,2.3,0.10
51085,2019-11-01,2.2,0.00
51085,2019-12-01,2,0.00
51085,2020-01-01,2.5,0.07
51085,2020-02-01,2.2,0.07
51085,2020-03-01,2.7,0.30
51085,2020-04-01,9.2,2.53
51085,2020-05-01,7.9,4.43
51085,2020-06-01,7.9,6.17
51085,2020-07-01,6.9,5.40
51085,2020-08-01,5.6,4.63
51085,2020-09-01,4.7,3.57
51085,2020-10-01,4,2.60
51085,2020-11-01,3.8,2.00
51085,2020-12-01,3.4,1.57
51085,2021-01-01,3.6,1.37
51085,2021-02-01,3.5,1.27
51085,2021-03-01,3.4,1.03
51085,2021-04-01,3,0.00
51085,2021-05-01,3.2,0.00
51085,2021-06-01,3.6,0.07
51085,2021-07-01,3.2,0.13
51085,2021-08-01,3,0.07
51085,2021-09-01,2.7,0.00
51085,2021-10-01,2.4,0.00
51085,2021-11-01,1.6,0.00
51085,2021-12-01,2.2,0.00
51085,2022-01-01,2.2,0.00
51085,2022-02-01,2.1,0.17
51085,2022-03-01,2.1,0.13
51085,2022-04-01,2,0.07
51085,2022-05-01,2.4,0.17
51085,2022-06-01,2.6,0.33
51085,2022-07-01,2.5,0.50
51085,2022-08-01,2.8,0.63
51085,2022-09-01,2.4,0.57
51085,2022-10-01,2.4,0.53
51085,2022-11-01,2.5,0.43
51085,2022-12-01,2.1,0.33
51085,2023-01-01,2.5,0.37
51085,2023-02-01,2.4,0.27
51085,2023-03-01,2.3,0.33
51085,2023-04-01,2,0.17
51085,2023-05-01,2.4,0.07
51085,2023-06-01,2.6,0.10
51085,2023-07-01,2.5,0.27
51085,2023-08-01,2.7,0.37
51085,2023-09-01,2.5,0.33
51085,2023-10-01,2.4,0.30
51085,2023-11-01,2.4,0.20
51085,2023-12-01,2.1,0.07
51085,2024-01-01,2.5,0.10
51085,2024-02-01,2.6,0.17
51085,2024-03-01,2.4,0.27
51085,2024-04-01,2.2,0.17
51085,2024-05-01,2.5,0.13
51085,2024-06-01,2.8,0.20
51085,2024-07-01,2.9,0.43
51085,2024-08-01,2.9,0.57
51085,2024-09-01,2.6,0.50
51085,2024-10-01,2.6,0.40
51085,2024-11-01,2.8,0.37
51085,2024-12-01,2.4,0.30
51085,2025-01-01,2.9,0.37
51085,2025-02-01,3,0.40
51085,2025-03-01,2.9,0.57
51085,2025-04-01,2.7,0.50
51085,2025-05-01,2.9,0.47
51085,2025-06-01,3,0.37
51085,2025-07-01,2.9,0.33
51085,2025-08-01,3,0.37
51085,2025-09-01,2.8,0.30
51085,2025-10-01,3.1,0.37
51085,2025-11-01,3.4,0.50
51085,2025-12-01,2.9,0.53
51085,2026-01-01,3.1,0.43
51085,2026-02-01,3.4,0.37
51085,2026-03-01,3.3,0.43
51085,2026-04-01,2.9,0.37
51085,2026-05-01,3.2,0.30
51085,2026-06-01,3.5,0.33
51085,2026-07-01,3.2,0.40
51085,2026-08-01,3,0.33
51087,1990-01-01,2.6,NaN
51087,1990-02-01,2.8,NaN
51087,1990-03-01,2.6,NaN
51087,1990-04-01,2.6,NaN
51087,1990-05-01,3,NaN
51087,1990-06-01,3.3,NaN
51087,1990-07-01,3,NaN
51087,1990-08-01,3.3,NaN
51087,1990-09-01,3.2,NaN
51087,1990-10-01,2.9,NaN
51087,1990-11-01,3.1,NaN
51087,1990-12-01,3,NaN
51087,1991-01-01,3.3,NaN
51087,1991-02-01,3.6,NaN
51087,1991-03-01,3.8,0.90
51087,1991-04-01,3.5,0.97
51087,1991-05-01,4.3,1.13
51087,1991-06-01,4.5,1.13
51087,1991-07-01,4.2,1.33
51087,1991-08-01,4.6,1.43
51087,1991-09-01,4.7,1.50
51087,1991-10-01,4.6,1.63
51087,1991-11-01,4.6,1.63
51087,1991-12-01,4.6,1.60
51087,1992-01-01,4.9,1.57
51087,1992-02-01,5.3,1.63
51087,1992-03-01,5.3,1.60
51087,1992-04-01,5.1,1.60
51087,1992-05-01,5.3,1.37
51087,1992-06-01,5.6,1.23
51087,1992-07-01,5.1,1.00
51087,1992-08-01,5.1,0.83
51087,1992-09-01,5.1,0.60
51087,1992-10-01,4.8,0.40
51087,1992-11-01,4.9,0.33
51087,1992-12-01,4.4,0.10
51087,1993-01-01,4.7,0.00
51087,1993-02-01,4.6,0.00
51087,1993-03-01,4.2,0.00
51087,1993-04-01,3.9,0.00
51087,1993-05-01,4,0.00
51087,1993-06-01,4.3,0.03
51087,1993-07-01,4,0.07
51087,1993-08-01,3.9,0.03
51087,1993-09-01,3.7,0.00
51087,1993-10-01,3.5,0.00
51087,1993-11-01,3.3,0.00
51087,1993-12-01,3,0.00
51087,1994-01-01,3.5,0.00
51087,1994-02-01,3.4,0.03
51087,1994-03-01,3.1,0.07
51087,1994-04-01,3.2,0.00
51087,1994-05-01,3.4,0.00
51087,1994-06-01,3.5,0.13
51087,1994-07-01,3.2,0.13
51087,1994-08-01,3.4,0.13
51087,1994-09-01,3.4,0.10
51087,1994-10-01,3,0.03
51087,1994-11-01,2.9,0.00
51087,1994-12-01,2.6,0.00
51087,1995-01-01,3,0.00
51087,1995-02-01,2.8,0.00
51087,1995-03-01,2.7,0.03
51087,1995-04-01,2.9,0.00
51087,1995-05-01,3,0.07
51087,1995-06-01,3.1,0.20
51087,1995-07-01,2.9,0.20
51087,1995-08-01,2.9,0.17
51087,1995-09-01,3.1,0.17
51087,1995-10-01,2.9,0.17
51087,1995-11-01,2.8,0.13
51087,1995-12-01,2.5,0.00
51087,1996-01-01,2.6,0.00
51087,1996-02-01,2.9,0.03
51087,1996-03-01,2.7,0.10
51087,1996-04-01,2.5,0.07
51087,1996-05-01,3,0.10
51087,1996-06-01,3,0.20
51087,1996-07-01,2.9,0.33
51087,1996-08-01,3,0.33
51087,1996-09-01,3,0.33
51087,1996-10-01,2.7,0.27
51087,1996-11-01,2.7,0.17
51087,1996-12-01,2.5,0.00
51087,1997-01-01,2.8,0.03
51087,1997-02-01,2.7,0.03
51087,1997-03-01,2.6,0.07
51087,1997-04-01,2.3,0.00
51087,1997-05-01,2.5,0.00
51087,1997-06-01,2.7,0.03
51087,1997-07-01,2.4,0.07
51087,1997-08-01,2.6,0.10
51087,1997-09-01,2.5,0.03
51087,1997-10-01,2.2,0.00
51087,1997-11-01,2,0.00
51087,1997-12-01,1.8,0.00
51087,1998-01-01,2.1,0.00
51087,1998-02-01,2.1,0.03
51087,1998-03-01,2.1,0.13
51087,1998-04-01,1.7,0.00
51087,1998-05-01,1.9,0.00
51087,1998-06-01,2.3,0.07
51087,1998-07-01,2.2,0.23
51087,1998-08-01,2.2,0.33
51087,1998-09-01,2.3,0.33
51087,1998-10-01,2.1,0.30
51087,1998-11-01,2,0.23
51087,1998-12-01,1.7,0.03
51087,1999-01-01,2,0.00
51087,1999-02-01,2,0.00
51087,1999-03-01,1.9,0.07
51087,1999-04-01,1.8,0.00
51087,1999-05-01,1.9,0.00
51087,1999-06-01,2,0.03
51087,1999-07-01,2,0.10
51087,1999-08-01,2,0.13
51087,1999-09-01,1.9,0.10
51087,1999-10-01,1.8,0.03
51087,1999-11-01,1.7,0.00
51087,1999-12-01,1.5,0.00
51087,2000-01-01,2.1,0.10
51087,2000-02-01,2.1,0.23
51087,2000-03-01,2,0.40
51087,2000-04-01,1.6,0.23
51087,2000-05-01,1.9,0.17
51087,2000-06-01,2,0.17
51087,2000-07-01,1.8,0.23
51087,2000-08-01,1.9,0.23
51087,2000-09-01,1.7,0.13
51087,2000-10-01,1.6,0.07
51087,2000-11-01,1.6,0.00
51087,2000-12-01,1.5,0.00
51087,2001-01-01,1.9,0.10
51087,2001-02-01,2.1,0.27
51087,2001-03-01,2.2,0.50
51087,2001-04-01,2.3,0.63
51087,2001-05-01,2.5,0.77
51087,2001-06-01,3,1.03
51087,2001-07-01,3.1,1.30
51087,2001-08-01,3.5,1.63
51087,2001-09-01,3.5,1.80
51087,2001-10-01,3.5,1.93
51087,2001-11-01,3.6,1.97
51087,2001-12-01,3.5,1.97
51087,2002-01-01,3.8,1.97
51087,2002-02-01,3.8,1.87
51087,2002-03-01,3.6,1.67
51087,2002-04-01,3.6,1.47
51087,2002-05-01,3.6,1.27
51087,2002-06-01,3.8,1.07
51087,2002-07-01,3.7,0.83
51087,2002-08-01,3.8,0.57
51087,2002-09-01,3.6,0.33
51087,2002-10-01,3.5,0.13
51087,2002-11-01,3.6,0.03
51087,2002-12-01,3.5,0.00
51087,2003-01-01,4,0.17
51087,2003-02-01,3.9,0.27
51087,2003-03-01,3.7,0.33
51087,2003-04-01,3.4,0.13
51087,2003-05-01,3.7,0.07
51087,2003-06-01,4.2,0.23
51087,2003-07-01,3.8,0.37
51087,2003-08-01,3.9,0.43
51087,2003-09-01,3.8,0.30
51087,2003-10-01,3.5,0.20
51087,2003-11-01,3.5,0.07
51087,2003-12-01,3.3,0.00
51087,2004-01-01,3.7,0.07
51087,2004-02-01,3.6,0.10
51087,2004-03-01,3.6,0.20
51087,2004-04-01,3.2,0.03
51087,2004-05-01,3.5,0.00
51087,2004-06-01,3.8,0.07
51087,2004-07-01,3.6,0.20
51087,2004-08-01,3.6,0.23
51087,2004-09-01,3.3,0.07
51087,2004-10-01,3.2,0.00
51087,2004-11-01,3.3,0.00
51087,2004-12-01,3.3,0.00
51087,2005-01-01,3.4,0.07
51087,2005-02-01,3.5,0.13
51087,2005-03-01,3.3,0.13
51087,2005-04-01,3.2,0.07
51087,2005-05-01,3.4,0.03
51087,2005-06-01,3.6,0.13
51087,2005-07-01,3.4,0.20
51087,2005-08-01,3.5,0.23
51087,2005-09-01,3.5,0.20
51087,2005-10-01,3.2,0.13
51087,2005-11-01,3.2,0.03
51087,2005-12-01,2.9,0.00
51087,2006-01-01,3.1,0.00
51087,2006-02-01,3.1,0.00
51087,2006-03-01,2.9,0.00
51087,2006-04-01,2.7,0.00
51087,2006-05-01,2.8,0.00
51087,2006-06-01,3,0.03
51087,2006-07-01,3,0.13
51087,2006-08-01,3.1,0.23
51087,2006-09-01,2.9,0.20
51087,2006-10-01,2.6,0.07
51087,2006-11-01,2.8,0.00
51087,2006-12-01,2.6,0.00
51087,2007-01-01,3,0.13
51087,2007-02-01,2.9,0.17
51087,2007-03-01,2.7,0.20
51087,2007-04-01,2.5,0.03
51087,2007-05-01,2.6,0.00
51087,2007-06-01,2.9,0.07
51087,2007-07-01,2.9,0.20
51087,2007-08-01,2.9,0.30
51087,2007-09-01,2.8,0.27
51087,2007-10-01,2.8,0.23
51087,2007-11-01,2.9,0.23
51087,2007-12-01,3,0.30
51087,2008-01-01,3.4,0.50
51087,2008-02-01,3.2,0.60
51087,2008-03-01,3.3,0.70
51087,2008-04-01,3,0.57
51087,2008-05-01,3.5,0.67
51087,2008-06-01,3.8,0.77
51087,2008-07-01,3.8,0.90
51087,2008-08-01,4,1.03
51087,2008-09-01,4,1.10
51087,2008-10-01,4,1.17
51087,2008-11-01,4.2,1.23
51087,2008-12-01,4.7,1.40
51087,2009-01-01,5.8,1.80
51087,2009-02-01,6.6,2.53
51087,2009-03-01,6.8,3.23
51087,2009-04-01,6.6,3.50
51087,2009-05-01,7.1,3.57
51087,2009-06-01,7.4,3.60
51087,2009-07-01,7.3,3.57
51087,2009-08-01,7.4,3.50
51087,2009-09-01,7.4,3.43
51087,2009-10-01,7.1,3.30
51087,2009-11-01,7,3.10
51087,2009-12-01,7,2.73
51087,2010-01-01,7.5,2.27
51087,2010-02-01,7.5,1.63
51087,2010-03-01,7.3,1.03
51087,2010-04-01,6.7,0.50
51087,2010-05-01,6.8,0.10
51087,2010-06-01,6.9,0.00
51087,2010-07-01,6.9,0.07
51087,2010-08-01,7.1,0.17
51087,2010-09-01,6.9,0.17
51087,2010-10-01,6.7,0.10
51087,2010-11-01,6.8,0.00
51087,2010-12-01,6.5,0.00
51087,2011-01-01,6.9,0.07
51087,2011-02-01,6.7,0.03
51087,2011-03-01,6.5,0.03
51087,2011-04-01,6.1,0.00
51087,2011-05-01,6.3,0.00
51087,2011-06-01,6.6,0.03
51087,2011-07-01,6.6,0.20
51087,2011-08-01,6.8,0.37
51087,2011-09-01,6.6,0.37
51087,2011-10-01,6.3,0.27
51087,2011-11-01,6,0.00
51087,2011-12-01,5.9,0.00
51087,2012-01-01,6.4,0.03
51087,2012-02-01,6.2,0.10
51087,2012-03-01,5.9,0.10
51087,2012-04-01,5.6,0.00
51087,2012-05-01,5.7,0.00
51087,2012-06-01,6,0.03
51087,2012-07-01,6.1,0.20
51087,2012-08-01,6,0.30
51087,2012-09-01,5.6,0.17
51087,2012-10-01,5.5,0.00
51087,2012-11-01,5.3,0.00
51087,2012-12-01,5.4,0.00
51087,2013-01-01,6,0.17
51087,2013-02-01,5.7,0.30
51087,2013-03-01,5.4,0.30
51087,2013-04-01,5,0.00
51087,2013-05-01,5.4,0.00
51087,2013-06-01,5.6,0.07
51087,2013-07-01,5.5,0.23
51087,2013-08-01,5.6,0.30
51087,2013-09-01,5.4,0.23
51087,2013-10-01,5.3,0.17
51087,2013-11-01,5,0.00
51087,2013-12-01,4.9,0.00
51087,2014-01-01,5.4,0.03
51087,2014-02-01,5.4,0.17
51087,2014-03-01,5.2,0.27
51087,2014-04-01,4.7,0.03
51087,2014-05-01,4.9,0.00
51087,2014-06-01,5,0.00
51087,2014-07-01,5.1,0.13
51087,2014-08-01,5.2,0.23
51087,2014-09-01,4.8,0.17
51087,2014-10-01,4.6,0.00
51087,2014-11-01,4.6,0.00
51087,2014-12-01,4.3,0.00
51087,2015-01-01,4.8,0.07
51087,2015-02-01,4.6,0.07
51087,2015-03-01,4.4,0.10
51087,2015-04-01,4,0.00
51087,2015-05-01,4.4,0.00
51087,2015-06-01,4.3,0.00
51087,2015-07-01,4.3,0.10
51087,2015-08-01,4.2,0.03
51087,2015-09-01,4,0.00
51087,2015-10-01,3.9,0.00
51087,2015-11-01,3.9,0.00
51087,2015-12-01,3.6,0.00
51087,2016-01-01,4.1,0.07
51087,2016-02-01,3.9,0.07
51087,2016-03-01,3.9,0.17
51087,2016-04-01,3.6,0.00
51087,2016-05-01,3.7,0.00
51087,2016-06-01,4,0.03
51087,2016-07-01,4.1,0.20
51087,2016-08-01,4.2,0.37
51087,2016-09-01,4.1,0.40
51087,2016-10-01,3.9,0.33
51087,2016-11-01,3.7,0.17
51087,2016-12-01,3.6,0.00
51087,2017-01-01,4.1,0.07
51087,2017-02-01,4,0.17
51087,2017-03-01,3.7,0.20
51087,2017-04-01,3.4,0.00
51087,2017-05-01,3.5,0.00
51087,2017-06-01,3.6,0.00
51087,2017-07-01,3.7,0.10
51087,2017-08-01,3.8,0.20
51087,2017-09-01,3.5,0.17
51087,2017-10-01,3.3,0.03
51087,2017-11-01,3.3,0.00
51087,2017-12-01,3.1,0.00
51087,2018-01-01,3.5,0.07
51087,2018-02-01,3.3,0.07
51087,2018-03-01,3.2,0.10
51087,2018-04-01,2.8,0.00
51087,2018-05-01,2.9,0.00
51087,2018-06-01,3.1,0.00
51087,2018-07-01,3.1,0.10
51087,2018-08-01,3.1,0.17
51087,2018-09-01,2.9,0.10
51087,2018-10-01,2.8,0.00
51087,2018-11-01,2.7,0.00
51087,2018-12-01,2.7,0.00
51087,2019-01-01,3.2,0.13
51087,2019-02-01,3,0.23
51087,2019-03-01,2.9,0.30
51087,2019-04-01,2.4,0.03
51087,2019-05-01,2.7,0.00
51087,2019-06-01,2.9,0.00
51087,2019-07-01,2.9,0.17
51087,2019-08-01,3,0.27
51087,2019-09-01,2.7,0.20
51087,2019-10-01,2.6,0.10
51087,2019-11-01,2.6,0.00
51087,2019-12-01,2.3,0.00
51087,2020-01-01,2.8,0.07
51087,2020-02-01,2.5,0.03
51087,2020-03-01,3.1,0.30
51087,2020-04-01,11.1,3.07
51087,2020-05-01,10.2,5.63
51087,2020-06-01,10.8,8.20
51087,2020-07-01,9.9,7.80
51087,2020-08-01,8.2,7.13
51087,2020-09-01,6.9,5.83
51087,2020-10-01,5.8,4.47
51087,2020-11-01,5.2,3.47
51087,2020-12-01,4.6,2.70
51087,2021-01-01,4.9,2.37
51087,2021-02-01,4.8,2.23
51087,2021-03-01,4.6,1.97
51087,2021-04-01,4.3,0.00
51087,2021-05-01,4.3,0.00
51087,2021-06-01,4.8,0.07
51087,2021-07-01,4.2,0.03
51087,2021-08-01,4,0.00
51087,2021-09-01,3.5,0.00
51087,2021-10-01,3.1,0.00
51087,2021-11-01,2.2,0.00
51087,2021-12-01,2.8,0.00
51087,2022-01-01,2.7,0.00
51087,2022-02-01,2.5,0.10
51087,2022-03-01,2.5,0.00
51087,2022-04-01,2.3,0.00
51087,2022-05-01,2.7,0.07
51087,2022-06-01,2.9,0.20
51087,2022-07-01,2.9,0.40
51087,2022-08-01,3.2,0.57
51087,2022-09-01,2.9,0.57
51087,2022-10-01,2.7,0.50
51087,2022-11-01,2.8,0.37
51087,2022-12-01,2.5,0.23
51087,2023-01-01,2.9,0.30
51087,2023-02-01,2.8,0.30
51087,2023-03-01,2.7,0.37
51087,2023-04-01,2.4,0.20
51087,2023-05-01,2.7,0.10
51087,2023-06-01,2.9,0.07
51087,2023-07-01,2.8,0.20
51087,2023-08-01,3.1,0.33
51087,2023-09-01,3,0.37
51087,2023-10-01,2.9,0.40
51087,2023-11-01,2.8,0.30
51087,2023-12-01,2.6,0.17
51087,2024-01-01,3,0.20
51087,2024-02-01,3,0.27
51087,2024-03-01,2.8,0.33
51087,2024-04-01,2.6,0.20
51087,2024-05-01,2.9,0.17
51087,2024-06-01,3.1,0.20
51087,2024-07-01,3.3,0.33
51087,2024-08-01,3.4,0.50
51087,2024-09-01,3.1,0.50
51087,2024-10-01,3,0.40
51087,2024-11-01,3.1,0.30
51087,2024-12-01,2.8,0.20
51087,2025-01-01,3.2,0.27
51087,2025-02-01,3.3,0.33
51087,2025-03-01,3.2,0.47
51087,2025-04-01,2.9,0.37
51087,2025-05-01,3.2,0.33
51087,2025-06-01,3.3,0.27
51087,2025-07-01,3.4,0.33
51087,2025-08-01,3.5,0.43
51087,2025-09-01,3.3,0.43
51087,2025-10-01,3.55,0.48
51087,2025-11-01,3.8,0.58
51087,2025-12-01,3.3,0.58
51087,2026-01-01,3.8,0.60
51087,2026-02-01,3.8,0.53
51087,2026-03-01,3.7,0.67
51087,2026-04-01,3.4,0.53
51087,2026-05-01,3.5,0.43
51087,2026-06-01,3.8,0.43
51087,2026-07-01,3.7,0.37
51087,2026-08-01,3.6,0.30
51089,1990-01-01,5,NaN
51089,1990-02-01,5,NaN
51089,1990-03-01,4.9,NaN
51089,1990-04-01,4.9,NaN
51089,1990-05-01,4,NaN
51089,1990-06-01,6.1,NaN
51089,1990-07-01,6.8,NaN
51089,1990-08-01,4.1,NaN
51089,1990-09-01,4.5,NaN
51089,1990-10-01,18,NaN
51089,1990-11-01,10.6,NaN
51089,1990-12-01,15.9,NaN
51089,1991-01-01,11.7,NaN
51089,1991-02-01,15.6,NaN
51089,1991-03-01,15.2,9.57
51089,1991-04-01,11.5,9.50
51089,1991-05-01,10.8,7.90
51089,1991-06-01,9.6,5.63
51089,1991-07-01,9,4.67
51089,1991-08-01,8.8,4.00
51089,1991-09-01,8.8,3.73
51089,1991-10-01,7.3,0.00
51089,1991-11-01,7.2,0.00
51089,1991-12-01,7.4,0.00
51089,1992-01-01,9.6,0.77
51089,1992-02-01,9.6,1.57
51089,1992-03-01,8.6,1.97
51089,1992-04-01,7.8,1.37
51089,1992-05-01,7.1,0.53
51089,1992-06-01,7,0.00
51089,1992-07-01,5.6,0.00
51089,1992-08-01,5.1,0.00
51089,1992-09-01,4.8,0.00
51089,1992-10-01,4.3,0.00
51089,1992-11-01,5.1,0.00
51089,1992-12-01,5.3,0.17
51089,1993-01-01,5.9,0.70
51089,1993-02-01,6.3,1.10
51089,1993-03-01,6.8,1.60
51089,1993-04-01,5.6,1.50
51089,1993-05-01,6.2,1.47
51089,1993-06-01,4.4,0.67
51089,1993-07-01,4.9,0.43
51089,1993-08-01,4.3,0.00
51089,1993-09-01,4.1,0.00
51089,1993-10-01,4.1,0.00
51089,1993-11-01,5.9,0.53
51089,1993-12-01,8.9,2.13
51089,1994-01-01,7.3,3.20
51089,1994-02-01,7,3.57
51089,1994-03-01,6.8,2.87
51089,1994-04-01,6.7,2.67
51089,1994-05-01,7.7,2.90
51089,1994-06-01,5.8,2.57
51089,1994-07-01,18.2,6.40
51089,1994-08-01,6.4,5.97
51089,1994-09-01,6.1,6.07
51089,1994-10-01,6,2.00
51089,1994-11-01,5.8,1.27
51089,1994-12-01,6.7,0.20
51089,1995-01-01,7.2,0.60
51089,1995-02-01,5.7,0.57
51089,1995-03-01,7.7,0.90
51089,1995-04-01,7.2,0.90
51089,1995-05-01,15,4.00
51089,1995-06-01,6.6,3.63
51089,1995-07-01,6.4,3.37
51089,1995-08-01,16.5,3.87
51089,1995-09-01,7.4,4.13
51089,1995-10-01,5.8,3.93
51089,1995-11-01,6.9,0.73
51089,1995-12-01,5.2,0.00
51089,1996-01-01,17.7,3.97
51089,1996-02-01,5.5,3.50
51089,1996-03-01,6.6,3.97
51089,1996-04-01,5.8,0.00
51089,1996-05-01,4.7,0.00
51089,1996-06-01,5.2,0.00
51089,1996-07-01,7.4,0.53
51089,1996-08-01,5.4,0.77
51089,1996-09-01,6.2,1.10
51089,1996-10-01,4.9,0.27
51089,1996-11-01,6.3,0.57
51089,1996-12-01,5,0.17
51089,1997-01-01,5.7,0.43
51089,1997-02-01,5.5,0.17
51089,1997-03-01,4.7,0.07
51089,1997-04-01,4.4,0.00
51089,1997-05-01,4,0.00
51089,1997-06-01,3.5,0.00
51089,1997-07-01,3,0.00
51089,1997-08-01,2.9,0.00
51089,1997-09-01,3.1,0.00
51089,1997-10-01,2.5,0.00
51089,1997-11-01,2.3,0.00
51089,1997-12-01,2.9,0.00
51089,1998-01-01,4.2,0.57
51089,1998-02-01,4.7,1.37
51089,1998-03-01,3.7,1.63
51089,1998-04-01,2.8,1.17
51089,1998-05-01,2.8,0.53
51089,1998-06-01,3.4,0.43
51089,1998-07-01,3.7,0.73
51089,1998-08-01,4,1.13
51089,1998-09-01,3.5,1.17
51089,1998-10-01,3.8,1.20
51089,1998-11-01,4.6,1.40
51089,1998-12-01,4.3,1.67
51089,1999-01-01,4.9,1.60
51089,1999-02-01,5.1,1.77
51089,1999-03-01,7.5,2.83
51089,1999-04-01,5.4,3.00
51089,1999-05-01,4.4,2.77
51089,1999-06-01,7.1,2.63
51089,1999-07-01,4.4,2.00
51089,1999-08-01,4,1.47
51089,1999-09-01,6,1.07
51089,1999-10-01,5.4,1.37
51089,1999-11-01,9,2.83
51089,1999-12-01,10.8,4.17
51089,2000-01-01,7.2,4.40
51089,2000-02-01,6.1,3.27
51089,2000-03-01,5.1,1.33
51089,2000-04-01,4.8,0.53
51089,2000-05-01,4.6,0.03
51089,2000-06-01,4.7,0.00
51089,2000-07-01,5.7,0.30
51089,2000-08-01,5.3,0.53
51089,2000-09-01,4.1,0.33
51089,2000-10-01,3.7,0.00
51089,2000-11-01,3.7,0.00
51089,2000-12-01,3.5,0.00
51089,2001-01-01,4.9,0.40
51089,2001-02-01,6.2,1.23
51089,2001-03-01,5,1.73
51089,2001-04-01,4.6,1.63
51089,2001-05-01,4.9,1.20
51089,2001-06-01,5.1,1.23
51089,2001-07-01,5.9,1.67
51089,2001-08-01,5.3,1.80
51089,2001-09-01,6.2,2.17
51089,2001-10-01,6.7,2.43
51089,2001-11-01,7.5,3.17
51089,2001-12-01,8.1,3.80
51089,2002-01-01,10.1,4.53
51089,2002-02-01,9.4,4.37
51089,2002-03-01,9.3,4.77
51089,2002-04-01,9.8,4.67
51089,2002-05-01,9.6,4.73
51089,2002-06-01,9.7,4.83
51089,2002-07-01,11.6,5.00
51089,2002-08-01,11,5.33
51089,2002-09-01,10.4,5.20
51089,2002-10-01,10.6,4.60
51089,2002-11-01,10.2,3.60
51089,2002-12-01,9.4,2.63
51089,2003-01-01,10.4,1.43
51089,2003-02-01,9.9,0.70
51089,2003-03-01,10.8,0.87
51089,2003-04-01,9.1,0.43
51089,2003-05-01,8.5,0.00
51089,2003-06-01,8.4,0.00
51089,2003-07-01,12.2,1.03
51089,2003-08-01,11.3,1.97
51089,2003-09-01,10.4,2.63
51089,2003-10-01,10,1.90
51089,2003-11-01,10,1.47
51089,2003-12-01,9.5,1.17
51089,2004-01-01,11.3,1.60
51089,2004-02-01,10.9,1.90
51089,2004-03-01,10.8,2.33
51089,2004-04-01,9.2,1.63
51089,2004-05-01,9.7,1.23
51089,2004-06-01,9.7,0.87
51089,2004-07-01,9.8,0.20
51089,2004-08-01,8.7,0.00
51089,2004-09-01,8.2,0.00
51089,2004-10-01,8,0.00
51089,2004-11-01,7.6,0.00
51089,2004-12-01,7.4,0.00
51089,2005-01-01,7.3,0.00
51089,2005-02-01,7.7,0.03
51089,2005-03-01,6.9,0.00
51089,2005-04-01,6.4,0.00
51089,2005-05-01,6.7,0.00
51089,2005-06-01,6.8,0.00
51089,2005-07-01,7,0.20
51089,2005-08-01,6.6,0.17
51089,2005-09-01,6.3,0.00
51089,2005-10-01,5.7,0.00
51089,2005-11-01,5.5,0.00
51089,2005-12-01,5.4,0.00
51089,2006-01-01,5.4,0.00
51089,2006-02-01,5.4,0.00
51089,2006-03-01,4.6,0.00
51089,2006-04-01,4.3,0.00
51089,2006-05-01,4.4,0.00
51089,2006-06-01,4.7,0.03
51089,2006-07-01,5.2,0.33
51089,2006-08-01,4.8,0.47
51089,2006-09-01,4.6,0.43
51089,2006-10-01,4.5,0.20
51089,2006-11-01,4.8,0.20
51089,2006-12-01,4.3,0.10
51089,2007-01-01,5,0.27
51089,2007-02-01,5,0.33
51089,2007-03-01,4.9,0.53
51089,2007-04-01,4.8,0.47
51089,2007-05-01,5.1,0.50
51089,2007-06-01,5.8,0.77
51089,2007-07-01,6.4,1.23
51089,2007-08-01,6.3,1.63
51089,2007-09-01,6,1.70
51089,2007-10-01,5.5,1.40
51089,2007-11-01,6.1,1.33
51089,2007-12-01,6,1.33
51089,2008-01-01,7.5,1.83
51089,2008-02-01,8.1,2.43
51089,2008-03-01,7.8,2.90
51089,2008-04-01,6.6,2.60
51089,2008-05-01,7.6,2.40
51089,2008-06-01,7.6,2.03
51089,2008-07-01,7.5,1.80
51089,2008-08-01,7.8,1.77
51089,2008-09-01,8.6,2.10
51089,2008-10-01,8.9,2.57
51089,2008-11-01,9.8,3.23
51089,2008-12-01,11.4,4.17
51089,2009-01-01,12.5,4.70
51089,2009-02-01,13.6,5.30
51089,2009-03-01,14.2,6.17
51089,2009-04-01,13.7,6.57
51089,2009-05-01,14.7,6.93
51089,2009-06-01,14.4,7.00
51089,2009-07-01,14.9,7.10
51089,2009-08-01,14.6,7.00
51089,2009-09-01,13.4,6.33
51089,2009-10-01,13.2,5.30
51089,2009-11-01,13.4,4.23
51089,2009-12-01,13.6,3.37
51089,2010-01-01,15.5,2.93
51089,2010-02-01,15.9,2.50
51089,2010-03-01,15.4,2.27
51089,2010-04-01,14.5,1.93
51089,2010-05-01,13.7,1.20
51089,2010-06-01,13.7,0.63
51089,2010-07-01,13.8,0.40
51089,2010-08-01,14.3,0.60
51089,2010-09-01,13.4,0.50
51089,2010-10-01,12.7,0.13
51089,2010-11-01,13.5,0.00
51089,2010-12-01,13.1,0.00
51089,2011-01-01,13.8,0.37
51089,2011-02-01,13.1,0.23
51089,2011-03-01,12.8,0.13
51089,2011-04-01,11.8,0.00
51089,2011-05-01,11.8,0.00
51089,2011-06-01,12,0.00
51089,2011-07-01,12,0.07
51089,2011-08-01,12.5,0.30
51089,2011-09-01,11.5,0.13
51089,2011-10-01,11.3,0.00
51089,2011-11-01,11,0.00
51089,2011-12-01,11,0.00
51089,2012-01-01,11.9,0.20
51089,2012-02-01,11.1,0.23
51089,2012-03-01,10.5,0.07
51089,2012-04-01,9.9,0.00
51089,2012-05-01,9.7,0.00
51089,2012-06-01,10.1,0.00
51089,2012-07-01,10.6,0.23
51089,2012-08-01,10.6,0.53
51089,2012-09-01,9.5,0.33
51089,2012-10-01,9.4,0.00
51089,2012-11-01,9.5,0.00
51089,2012-12-01,9.3,0.00
51089,2013-01-01,10.7,0.43
51089,2013-02-01,9.7,0.50
51089,2013-03-01,9.3,0.50
51089,2013-04-01,8.9,0.00
51089,2013-05-01,8.7,0.00
51089,2013-06-01,9,0.00
51089,2013-07-01,8.8,0.00
51089,2013-08-01,8.9,0.07
51089,2013-09-01,8.2,0.00
51089,2013-10-01,8,0.00
51089,2013-11-01,8.1,0.00
51089,2013-12-01,7.6,0.00
51089,2014-01-01,8.8,0.27
51089,2014-02-01,8.8,0.50
51089,2014-03-01,8.2,0.70
51089,2014-04-01,7.2,0.17
51089,2014-05-01,7.4,0.00
51089,2014-06-01,7.5,0.00
51089,2014-07-01,7.6,0.13
51089,2014-08-01,7.6,0.20
51089,2014-09-01,6.9,0.00
51089,2014-10-01,6.5,0.00
51089,2014-11-01,6.6,0.00
51089,2014-12-01,6.5,0.00
51089,2015-01-01,7.4,0.30
51089,2015-02-01,7,0.43
51089,2015-03-01,6.6,0.47
51089,2015-04-01,6.1,0.03
51089,2015-05-01,6.5,0.00
51089,2015-06-01,6.4,0.00
51089,2015-07-01,6.3,0.07
51089,2015-08-01,6.3,0.00
51089,2015-09-01,6.1,0.00
51089,2015-10-01,5.6,0.00
51089,2015-11-01,5.7,0.00
51089,2015-12-01,5.3,0.00
51089,2016-01-01,6.2,0.20
51089,2016-02-01,5.9,0.27
51089,2016-03-01,5.7,0.40
51089,2016-04-01,5.5,0.17
51089,2016-05-01,5.5,0.03
51089,2016-06-01,6.2,0.20
51089,2016-07-01,6.1,0.40
51089,2016-08-01,6,0.57
51089,2016-09-01,6.1,0.53
51089,2016-10-01,5.7,0.40
51089,2016-11-01,5.9,0.37
51089,2016-12-01,5.5,0.17
51089,2017-01-01,6.1,0.27
51089,2017-02-01,5.8,0.23
51089,2017-03-01,5.6,0.27
51089,2017-04-01,5.1,0.00
51089,2017-05-01,5.1,0.00
51089,2017-06-01,5.3,0.00
51089,2017-07-01,5.3,0.07
51089,2017-08-01,5.2,0.10
51089,2017-09-01,4.8,0.00
51089,2017-10-01,4.5,0.00
51089,2017-11-01,4.5,0.00
51089,2017-12-01,4.3,0.00
51089,2018-01-01,5.2,0.23
51089,2018-02-01,4.8,0.33
51089,2018-03-01,4.5,0.40
51089,2018-04-01,3.9,0.00
51089,2018-05-01,4,0.00
51089,2018-06-01,4.4,0.00
51089,2018-07-01,4.4,0.17
51089,2018-08-01,4.2,0.23
51089,2018-09-01,3.9,0.07
51089,2018-10-01,3.7,0.00
51089,2018-11-01,3.5,0.00
51089,2018-12-01,3.5,0.00
51089,2019-01-01,4.3,0.20
51089,2019-02-01,4,0.37
51089,2019-03-01,4,0.53
51089,2019-04-01,3.3,0.20
51089,2019-05-01,3.6,0.07
51089,2019-06-01,3.9,0.03
51089,2019-07-01,4,0.27
51089,2019-08-01,3.8,0.33
51089,2019-09-01,3.5,0.20
51089,2019-10-01,3.4,0.00
51089,2019-11-01,3.5,0.00
51089,2019-12-01,3.4,0.00
51089,2020-01-01,4.2,0.27
51089,2020-02-01,3.6,0.30
51089,2020-03-01,4.4,0.63
51089,2020-04-01,15.3,4.33
51089,2020-05-01,13.3,7.57
51089,2020-06-01,13.5,10.60
51089,2020-07-01,12.9,9.80
51089,2020-08-01,10.4,8.83
51089,2020-09-01,8.6,7.20
51089,2020-10-01,7.3,5.33
51089,2020-11-01,6.8,4.13
51089,2020-12-01,5.9,3.23
51089,2021-01-01,6.6,2.73
51089,2021-02-01,6.1,2.47
51089,2021-03-01,6,2.17
51089,2021-04-01,5.6,0.00
51089,2021-05-01,5.7,0.00
51089,2021-06-01,6.4,0.13
51089,2021-07-01,5.7,0.17
51089,2021-08-01,5.3,0.03
51089,2021-09-01,4.7,0.00
51089,2021-10-01,4.4,0.00
51089,2021-11-01,3,0.00
51089,2021-12-01,3.3,0.00
51089,2022-01-01,3.7,0.00
51089,2022-02-01,3.5,0.17
51089,2022-03-01,3.4,0.20
51089,2022-04-01,3.1,0.00
51089,2022-05-01,3.5,0.00
51089,2022-06-01,3.9,0.17
51089,2022-07-01,3.7,0.37
51089,2022-08-01,4.1,0.57
51089,2022-09-01,3.4,0.40
51089,2022-10-01,3.5,0.33
51089,2022-11-01,3.7,0.20
51089,2022-12-01,3.4,0.20
51089,2023-01-01,3.8,0.30
51089,2023-02-01,3.7,0.30
51089,2023-03-01,3.6,0.37
51089,2023-04-01,3.1,0.13
51089,2023-05-01,3.6,0.10
51089,2023-06-01,3.8,0.07
51089,2023-07-01,3.9,0.33
51089,2023-08-01,3.9,0.43
51089,2023-09-01,3.6,0.37
51089,2023-10-01,3.6,0.27
51089,2023-11-01,3.6,0.17
51089,2023-12-01,3.3,0.07
51089,2024-01-01,4,0.20
51089,2024-02-01,4.1,0.37
51089,2024-03-01,3.9,0.57
51089,2024-04-01,3.5,0.40
51089,2024-05-01,4,0.37
51089,2024-06-01,4.2,0.40
51089,2024-07-01,4.5,0.73
51089,2024-08-01,4.5,0.90
51089,2024-09-01,4,0.83
51089,2024-10-01,4,0.67
51089,2024-11-01,4.2,0.57
51089,2024-12-01,4,0.57
51089,2025-01-01,4.6,0.63
51089,2025-02-01,4.7,0.63
51089,2025-03-01,4.5,0.80
51089,2025-04-01,4.2,0.67
51089,2025-05-01,4.7,0.67
51089,2025-06-01,4.8,0.67
51089,2025-07-01,5.2,0.83
51089,2025-08-01,5.1,0.97
51089,2025-09-01,4.9,1.00
51089,2025-10-01,5.2,1.00
51089,2025-11-01,5.5,1.13
51089,2025-12-01,5,1.17
51089,2026-01-01,5.6,1.10
51089,2026-02-01,5.6,0.97
51089,2026-03-01,5.4,1.07
51089,2026-04-01,5,0.87
51089,2026-05-01,5,0.67
51089,2026-06-01,5.4,0.57
51089,2026-07-01,5.5,0.40
51089,2026-08-01,4.9,0.23
51091,1990-01-01,5.7,NaN
51091,1990-02-01,6.5,NaN
51091,1990-03-01,4.1,NaN
51091,1990-04-01,3.5,NaN
51091,1990-05-01,3.2,NaN
51091,1990-06-01,3.7,NaN
51091,1990-07-01,2.8,NaN
51091,1990-08-01,3,NaN
51091,1990-09-01,3.3,NaN
51091,1990-10-01,4.3,NaN
51091,1990-11-01,5.8,NaN
51091,1990-12-01,4.9,NaN
51091,1991-01-01,8.5,NaN
51091,1991-02-01,8.5,NaN
51091,1991-03-01,6.1,4.67
51091,1991-04-01,5.2,3.57
51091,1991-05-01,4.5,2.23
51091,1991-06-01,5.4,2.00
51091,1991-07-01,4.1,1.63
51091,1991-08-01,3.9,1.43
51091,1991-09-01,2.9,0.60
51091,1991-10-01,4.2,0.13
51091,1991-11-01,4.4,0.20
51091,1991-12-01,5.9,1.20
51091,1992-01-01,8.4,2.60
51091,1992-02-01,6,3.13
51091,1992-03-01,5.2,2.90
51091,1992-04-01,4.1,1.47
51091,1992-05-01,3.1,0.50
51091,1992-06-01,3.5,0.00
51091,1992-07-01,2.5,0.00
51091,1992-08-01,3.1,0.00
51091,1992-09-01,3.3,0.00
51091,1992-10-01,3.5,0.33
51091,1992-11-01,2.9,0.27
51091,1992-12-01,6.7,1.40
51091,1993-01-01,7.2,2.63
51091,1993-02-01,6.5,3.83
51091,1993-03-01,5.8,3.53
51091,1993-04-01,5.7,3.03
51091,1993-05-01,3.8,2.13
51091,1993-06-01,4.1,1.57
51091,1993-07-01,4.1,1.03
51091,1993-08-01,3.7,1.00
51091,1993-09-01,3.4,0.77
51091,1993-10-01,3.1,0.17
51091,1993-11-01,4.1,0.30
51091,1993-12-01,5.6,0.87
51091,1994-01-01,8.4,2.63
51091,1994-02-01,8.1,3.97
51091,1994-03-01,6.4,4.23
51091,1994-04-01,4.4,2.90
51091,1994-05-01,3.7,1.43
51091,1994-06-01,2.6,0.17
51091,1994-07-01,2.5,0.00
51091,1994-08-01,1.9,0.00
51091,1994-09-01,1.8,0.00
51091,1994-10-01,2.6,0.03
51091,1994-11-01,2.9,0.37
51091,1994-12-01,8.8,2.70
51091,1995-01-01,10.2,5.23
51091,1995-02-01,13.5,8.77
51091,1995-03-01,10.1,9.20
51091,1995-04-01,7.8,8.40
51091,1995-05-01,7.9,6.53
51091,1995-06-01,7.5,5.67
51091,1995-07-01,6.3,5.17
51091,1995-08-01,6.3,4.63
51091,1995-09-01,6.8,4.40
51091,1995-10-01,6.4,4.40
51091,1995-11-01,8.9,4.93
51091,1995-12-01,8.5,3.17
51091,1996-01-01,14,4.00
51091,1996-02-01,12.9,5.33
51091,1996-03-01,11.4,6.30
51091,1996-04-01,8.7,4.53
51091,1996-05-01,8,2.90
51091,1996-06-01,8.6,1.97
51091,1996-07-01,6.7,1.30
51091,1996-08-01,6.1,0.67
51091,1996-09-01,6.3,0.00
51091,1996-10-01,5.6,0.00
51091,1996-11-01,6.8,0.23
51091,1996-12-01,7.8,0.73
51091,1997-01-01,10.8,2.47
51091,1997-02-01,10.5,3.70
51091,1997-03-01,9.2,4.17
51091,1997-04-01,6.2,2.63
51091,1997-05-01,5.7,1.03
51091,1997-06-01,6.6,0.17
51091,1997-07-01,4.6,0.00
51091,1997-08-01,3.8,0.00
51091,1997-09-01,5.4,0.00
51091,1997-10-01,4,0.00
51091,1997-11-01,4.7,0.30
51091,1997-12-01,4.3,0.00
51091,1998-01-01,5.3,0.43
51091,1998-02-01,5.6,0.73
51091,1998-03-01,4.9,0.93
51091,1998-04-01,3.6,0.37
51091,1998-05-01,3.6,0.00
51091,1998-06-01,3.5,0.00
51091,1998-07-01,2.6,0.00
51091,1998-08-01,2.3,0.00
51091,1998-09-01,2.6,0.00
51091,1998-10-01,2,0.00
51091,1998-11-01,1.3,0.00
51091,1998-12-01,2.6,0.00
51091,1999-01-01,3.4,0.47
51091,1999-02-01,3.5,1.20
51091,1999-03-01,4.3,1.77
51091,1999-04-01,2.8,1.57
51091,1999-05-01,2.6,1.27
51091,1999-06-01,2.4,0.63
51091,1999-07-01,1.5,0.20
51091,1999-08-01,1.9,0.00
51091,1999-09-01,1.4,0.00
51091,1999-10-01,2.2,0.23
51091,1999-11-01,2.7,0.50
51091,1999-12-01,2.4,0.83
51091,2000-01-01,2.8,1.03
51091,2000-02-01,4.7,1.70
51091,2000-03-01,3.5,2.07
51091,2000-04-01,2.6,2.00
51091,2000-05-01,2.6,1.30
51091,2000-06-01,2.6,1.00
51091,2000-07-01,2.8,1.07
51091,2000-08-01,2.9,1.17
51091,2000-09-01,2.5,1.13
51091,2000-10-01,2.6,0.83
51091,2000-11-01,2.5,0.43
51091,2000-12-01,2.7,0.17
51091,2001-01-01,3.7,0.43
51091,2001-02-01,3.4,0.73
51091,2001-03-01,3.5,1.00
51091,2001-04-01,3.4,0.90
51091,2001-05-01,3.1,0.80
51091,2001-06-01,3,0.63
51091,2001-07-01,3,0.50
51091,2001-08-01,2.8,0.40
51091,2001-09-01,3.1,0.43
51091,2001-10-01,2.7,0.33
51091,2001-11-01,3,0.40
51091,2001-12-01,2.8,0.23
51091,2002-01-01,4.1,0.47
51091,2002-02-01,4.1,0.83
51091,2002-03-01,4,1.23
51091,2002-04-01,3.6,1.07
51091,2002-05-01,3.3,0.80
51091,2002-06-01,4.1,0.83
51091,2002-07-01,3.9,0.93
51091,2002-08-01,3.6,1.03
51091,2002-09-01,3.6,0.87
51091,2002-10-01,3.2,0.63
51091,2002-11-01,4.1,0.80
51091,2002-12-01,5.1,1.30
51091,2003-01-01,5.9,1.73
51091,2003-02-01,5.1,1.90
51091,2003-03-01,4.5,1.70
51091,2003-04-01,4.8,1.33
51091,2003-05-01,3.7,0.87
51091,2003-06-01,4.4,0.83
51091,2003-07-01,3.5,0.40
51091,2003-08-01,3.4,0.30
51091,2003-09-01,4,0.17
51091,2003-10-01,3.6,0.20
51091,2003-11-01,3.8,0.17
51091,2003-12-01,3.9,0.13
51091,2004-01-01,4.3,0.37
51091,2004-02-01,4.1,0.47
51091,2004-03-01,3.9,0.47
51091,2004-04-01,3.3,0.13
51091,2004-05-01,3.3,0.00
51091,2004-06-01,3.4,0.00
51091,2004-07-01,3.6,0.10
51091,2004-08-01,3.4,0.13
51091,2004-09-01,2.9,0.00
51091,2004-10-01,2.8,0.00
51091,2004-11-01,2.9,0.00
51091,2004-12-01,3.2,0.10
51091,2005-01-01,3.3,0.27
51091,2005-02-01,4,0.63
51091,2005-03-01,3.7,0.80
51091,2005-04-01,3.5,0.87
51091,2005-05-01,3.8,0.80
51091,2005-06-01,4.2,0.97
51091,2005-07-01,3.7,1.03
51091,2005-08-01,3.3,0.87
51091,2005-09-01,2.9,0.43
51091,2005-10-01,2.7,0.10
51091,2005-11-01,3,0.00
51091,2005-12-01,3.5,0.20
51091,2006-01-01,3.4,0.43
51091,2006-02-01,3.5,0.60
51091,2006-03-01,3.3,0.53
51091,2006-04-01,3.2,0.47
51091,2006-05-01,2.9,0.27
51091,2006-06-01,3.4,0.30
51091,2006-07-01,3.4,0.37
51091,2006-08-01,3.5,0.57
51091,2006-09-01,2.6,0.30
51091,2006-10-01,2.7,0.07
51091,2006-11-01,3,0.00
51091,2006-12-01,3.5,0.30
51091,2007-01-01,4.4,0.87
51091,2007-02-01,3.8,1.13
51091,2007-03-01,3.2,1.03
51091,2007-04-01,3.1,0.60
51091,2007-05-01,2.9,0.30
51091,2007-06-01,3.4,0.37
51091,2007-07-01,3.3,0.43
51091,2007-08-01,3.3,0.57
51091,2007-09-01,3.2,0.50
51091,2007-10-01,3.1,0.43
51091,2007-11-01,2.8,0.27
51091,2007-12-01,4.2,0.33
51091,2008-01-01,5.8,1.23
51091,2008-02-01,5.2,2.03
51091,2008-03-01,5,2.30
51091,2008-04-01,3.8,1.63
51091,2008-05-01,3.9,1.20
51091,2008-06-01,4.4,1.00
51091,2008-07-01,4.6,1.27
51091,2008-08-01,5.9,1.93
51091,2008-09-01,5.1,2.17
51091,2008-10-01,4.9,2.27
51091,2008-11-01,6.6,2.50
51091,2008-12-01,7.5,2.97
51091,2009-01-01,9.1,3.70
51091,2009-02-01,10.8,5.10
51091,2009-03-01,10.1,5.97
51091,2009-04-01,7.7,5.50
51091,2009-05-01,7,4.23
51091,2009-06-01,7.3,3.30
51091,2009-07-01,6.3,2.57
51091,2009-08-01,6.4,1.70
51091,2009-09-01,6.1,1.07
51091,2009-10-01,6.3,0.97
51091,2009-11-01,6.4,0.73
51091,2009-12-01,8.3,0.73
51091,2010-01-01,7.2,1.03
51091,2010-02-01,8.3,1.67
51091,2010-03-01,6.8,1.17
51091,2010-04-01,5.2,0.50
51091,2010-05-01,4.9,0.00
51091,2010-06-01,5.1,0.00
51091,2010-07-01,5.2,0.00
51091,2010-08-01,5.6,0.23
51091,2010-09-01,5.6,0.40
51091,2010-10-01,5.3,0.43
51091,2010-11-01,6.1,0.60
51091,2010-12-01,6,0.73
51091,2011-01-01,6.6,1.17
51091,2011-02-01,6.3,1.23
51091,2011-03-01,5.4,1.03
51091,2011-04-01,4.9,0.47
51091,2011-05-01,4.8,0.00
51091,2011-06-01,5.1,0.00
51091,2011-07-01,4.7,0.00
51091,2011-08-01,5.1,0.10
51091,2011-09-01,5.3,0.17
51091,2011-10-01,5,0.27
51091,2011-11-01,4.9,0.20
51091,2011-12-01,5.3,0.20
51091,2012-01-01,5.7,0.43
51091,2012-02-01,6.1,0.83
51091,2012-03-01,5.2,0.80
51091,2012-04-01,4.6,0.43
51091,2012-05-01,4,0.00
51091,2012-06-01,4.2,0.00
51091,2012-07-01,4.1,0.00
51091,2012-08-01,4.5,0.17
51091,2012-09-01,4.3,0.20
51091,2012-10-01,4.1,0.20
51091,2012-11-01,4.2,0.10
51091,2012-12-01,5.1,0.37
51091,2013-01-01,5.5,0.83
51091,2013-02-01,4.8,1.03
51091,2013-03-01,4.4,0.80
51091,2013-04-01,3.8,0.23
51091,2013-05-01,3.5,0.00
51091,2013-06-01,3.9,0.00
51091,2013-07-01,3.8,0.00
51091,2013-08-01,4.3,0.27
51091,2013-09-01,4.4,0.43
51091,2013-10-01,4.1,0.53
51091,2013-11-01,3.8,0.37
51091,2013-12-01,3.8,0.17
51091,2014-01-01,4.5,0.30
51091,2014-02-01,4.9,0.67
51091,2014-03-01,3.5,0.57
51091,2014-04-01,3.4,0.20
51091,2014-05-01,3.4,0.00
51091,2014-06-01,3.3,0.00
51091,2014-07-01,3.3,0.00
51091,2014-08-01,3.9,0.17
51091,2014-09-01,3.7,0.30
51091,2014-10-01,3.6,0.40
51091,2014-11-01,3.7,0.33
51091,2014-12-01,3.9,0.40
51091,2015-01-01,4.4,0.67
51091,2015-02-01,4.1,0.80
51091,2015-03-01,3.9,0.80
51091,2015-04-01,3.3,0.43
51091,2015-05-01,3.4,0.20
51091,2015-06-01,3,0.00
51091,2015-07-01,2.8,0.00
51091,2015-08-01,2.9,0.00
51091,2015-09-01,3.1,0.03
51091,2015-10-01,3,0.10
51091,2015-11-01,4,0.47
51091,2015-12-01,3.7,0.67
51091,2016-01-01,4.7,1.23
51091,2016-02-01,4.7,1.47
51091,2016-03-01,4.2,1.63
51091,2016-04-01,3.7,1.30
51091,2016-05-01,4,1.07
51091,2016-06-01,3.7,0.90
51091,2016-07-01,3.9,0.97
51091,2016-08-01,4.1,1.00
51091,2016-09-01,3.9,1.03
51091,2016-10-01,4.5,1.17
51091,2016-11-01,4.4,0.90
51091,2016-12-01,4.9,1.03
51091,2017-01-01,5.7,1.20
51091,2017-02-01,4.3,1.17
51091,2017-03-01,4.6,1.07
51091,2017-04-01,4.2,0.57
51091,2017-05-01,4.5,0.63
51091,2017-06-01,3.9,0.40
51091,2017-07-01,4.2,0.33
51091,2017-08-01,4.2,0.20
51091,2017-09-01,4.1,0.20
51091,2017-10-01,3.9,0.00
51091,2017-11-01,4.2,0.00
51091,2017-12-01,4.2,0.03
51091,2018-01-01,4.8,0.33
51091,2018-02-01,4.8,0.53
51091,2018-03-01,4.9,0.77
51091,2018-04-01,3.6,0.37
51091,2018-05-01,3.7,0.00
51091,2018-06-01,3.7,0.00
51091,2018-07-01,3,0.00
51091,2018-08-01,3,0.00
51091,2018-09-01,3.2,0.00
51091,2018-10-01,3.3,0.10
51091,2018-11-01,3.1,0.13
51091,2018-12-01,3.8,0.33
51091,2019-01-01,3.8,0.50
51091,2019-02-01,4.1,0.83
51091,2019-03-01,4.1,0.93
51091,2019-04-01,3.2,0.73
51091,2019-05-01,3.3,0.47
51091,2019-06-01,3.2,0.17
51091,2019-07-01,3.5,0.27
51091,2019-08-01,3.6,0.37
51091,2019-09-01,3.4,0.43
51091,2019-10-01,3.2,0.23
51091,2019-11-01,3.9,0.30
51091,2019-12-01,4.3,0.57
51091,2020-01-01,4.7,1.07
51091,2020-02-01,3.8,1.03
51091,2020-03-01,4.7,1.17
51091,2020-04-01,7.6,2.13
51091,2020-05-01,7.3,3.30
51091,2020-06-01,7.9,4.37
51091,2020-07-01,6.7,3.97
51091,2020-08-01,5.3,3.23
51091,2020-09-01,4.6,2.13
51091,2020-10-01,3.7,1.13
51091,2020-11-01,3.7,0.50
51091,2020-12-01,4.5,0.17
51091,2021-01-01,5.4,0.57
51091,2021-02-01,4.9,0.97
51091,2021-03-01,5.1,1.17
51091,2021-04-01,3.8,0.63
51091,2021-05-01,4.3,0.43
51091,2021-06-01,4.4,0.20
51091,2021-07-01,3.9,0.23
51091,2021-08-01,3.6,0.00
51091,2021-09-01,3.8,0.00
51091,2021-10-01,2.8,0.00
51091,2021-11-01,2.4,0.00
51091,2021-12-01,2.6,0.00
51091,2022-01-01,3.4,0.20
51091,2022-02-01,3.7,0.63
51091,2022-03-01,3.4,0.90
51091,2022-04-01,2.6,0.63
51091,2022-05-01,3.1,0.43
51091,2022-06-01,2.9,0.27
51091,2022-07-01,2.9,0.37
51091,2022-08-01,3.1,0.37
51091,2022-09-01,2.7,0.30
51091,2022-10-01,2.9,0.30
51091,2022-11-01,3.4,0.40
51091,2022-12-01,2.7,0.40
51091,2023-01-01,4.1,0.60
51091,2023-02-01,3.9,0.70
51091,2023-03-01,3.2,0.87
51091,2023-04-01,2.4,0.30
51091,2023-05-01,2.6,0.00
51091,2023-06-01,2.6,0.00
51091,2023-07-01,2.4,0.00
51091,2023-08-01,2.3,0.00
51091,2023-09-01,3.1,0.17
51091,2023-10-01,3.1,0.40
51091,2023-11-01,2.8,0.57
51091,2023-12-01,2.6,0.40
51091,2024-01-01,3.2,0.43
51091,2024-02-01,3.7,0.73
51091,2024-03-01,3.1,0.90
51091,2024-04-01,2.7,0.73
51091,2024-05-01,2.7,0.40
51091,2024-06-01,2.8,0.30
51091,2024-07-01,3,0.40
51091,2024-08-01,3.1,0.53
51091,2024-09-01,3,0.43
51091,2024-10-01,2.8,0.23
51091,2024-11-01,3.2,0.27
51091,2024-12-01,2.5,0.10
51091,2025-01-01,2.8,0.10
51091,2025-02-01,2.7,0.00
51091,2025-03-01,2.5,0.00
51091,2025-04-01,2.6,0.00
51091,2025-05-01,3.2,0.17
51091,2025-06-01,3.1,0.37
51091,2025-07-01,2.7,0.40
51091,2025-08-01,2.6,0.20
51091,2025-09-01,3,0.17
51091,2025-10-01,3.8,0.53
51091,2025-11-01,4.6,1.20
51091,2025-12-01,3.8,1.47
51091,2026-01-01,3.7,1.43
51091,2026-02-01,3.8,1.17
51091,2026-03-01,3.9,1.20
51091,2026-04-01,3.6,1.17
51091,2026-05-01,3.4,0.87
51091,2026-06-01,3.7,0.80
51091,2026-07-01,3.7,0.83
51091,2026-08-01,3.2,0.77
51093,1990-01-01,6,NaN
51093,1990-02-01,5.8,NaN
51093,1990-03-01,5,NaN
51093,1990-04-01,4.8,NaN
51093,1990-05-01,5.6,NaN
51093,1990-06-01,5.8,NaN
51093,1990-07-01,4.9,NaN
51093,1990-08-01,5.1,NaN
51093,1990-09-01,5,NaN
51093,1990-10-01,4.4,NaN
51093,1990-11-01,4.8,NaN
51093,1990-12-01,5,NaN
51093,1991-01-01,7,NaN
51093,1991-02-01,6.3,NaN
51093,1991-03-01,5.3,1.47
51093,1991-04-01,5.2,0.87
51093,1991-05-01,5.4,0.57
51093,1991-06-01,7.7,1.37
51093,1991-07-01,7.3,2.07
51093,1991-08-01,7,2.60
51093,1991-09-01,5.8,1.97
51093,1991-10-01,4.7,1.10
51093,1991-11-01,4.8,0.37
51093,1991-12-01,5.5,0.27
51093,1992-01-01,7.6,0.97
51093,1992-02-01,7.5,1.87
51093,1992-03-01,6.6,2.23
51093,1992-04-01,5.6,1.57
51093,1992-05-01,7.7,1.63
51093,1992-06-01,8,2.10
51093,1992-07-01,7.3,2.67
51093,1992-08-01,7.2,2.50
51093,1992-09-01,8.1,2.53
51093,1992-10-01,6.2,2.17
51093,1992-11-01,6,1.77
51093,1992-12-01,6.5,1.23
51093,1993-01-01,6.9,0.50
51093,1993-02-01,6.5,0.40
51093,1993-03-01,5.5,0.07
51093,1993-04-01,5.8,0.00
51093,1993-05-01,6.9,0.13
51093,1993-06-01,7.1,0.67
51093,1993-07-01,7,1.07
51093,1993-08-01,7,1.10
51093,1993-09-01,6.3,0.83
51093,1993-10-01,5.9,0.47
51093,1993-11-01,6,0.13
51093,1993-12-01,5.1,0.00
51093,1994-01-01,6.2,0.10
51093,1994-02-01,6.1,0.13
51093,1994-03-01,5.9,0.40
51093,1994-04-01,6.2,0.40
51093,1994-05-01,5.9,0.33
51093,1994-06-01,7,0.70
51093,1994-07-01,7,0.97
51093,1994-08-01,6.5,1.17
51093,1994-09-01,5.7,0.73
51093,1994-10-01,5.3,0.17
51093,1994-11-01,4.8,0.00
51093,1994-12-01,5,0.00
51093,1995-01-01,5.6,0.10
51093,1995-02-01,4.7,0.07
51093,1995-03-01,4.5,0.00
51093,1995-04-01,4.6,0.00
51093,1995-05-01,4.8,0.03
51093,1995-06-01,5.5,0.37
51093,1995-07-01,5.2,0.57
51093,1995-08-01,5.2,0.70
51093,1995-09-01,4.8,0.47
51093,1995-10-01,4.6,0.27
51093,1995-11-01,4.9,0.17
51093,1995-12-01,4.9,0.20
51093,1996-01-01,5.3,0.43
51093,1996-02-01,5,0.47
51093,1996-03-01,4.6,0.37
51093,1996-04-01,4.6,0.13
51093,1996-05-01,4.7,0.00
51093,1996-06-01,5.6,0.33
51093,1996-07-01,5,0.47
51093,1996-08-01,5.2,0.63
51093,1996-09-01,5.3,0.53
51093,1996-10-01,4.6,0.40
51093,1996-11-01,4.3,0.10
51093,1996-12-01,4.1,0.00
51093,1997-01-01,5.4,0.27
51093,1997-02-01,4.5,0.33
51093,1997-03-01,3.7,0.20
51093,1997-04-01,3.6,0.00
51093,1997-05-01,3.9,0.00
51093,1997-06-01,4.7,0.33
51093,1997-07-01,4.7,0.70
51093,1997-08-01,4.4,0.87
51093,1997-09-01,4.1,0.67
51093,1997-10-01,3.2,0.17
51093,1997-11-01,3.8,0.00
51093,1997-12-01,3.3,0.00
51093,1998-01-01,3.8,0.20
51093,1998-02-01,3.6,0.13
51093,1998-03-01,3.2,0.10
51093,1998-04-01,2.4,0.00
51093,1998-05-01,2.9,0.00
51093,1998-06-01,3.2,0.00
51093,1998-07-01,3.4,0.33
51093,1998-08-01,3.4,0.50
51093,1998-09-01,2.9,0.40
51093,1998-10-01,2.7,0.17
51093,1998-11-01,2.6,0.00
51093,1998-12-01,2.5,0.00
51093,1999-01-01,2.7,0.00
51093,1999-02-01,2.8,0.07
51093,1999-03-01,2.2,0.00
51093,1999-04-01,2.4,0.00
51093,1999-05-01,2.3,0.00
51093,1999-06-01,3,0.27
51093,1999-07-01,2.8,0.40
51093,1999-08-01,2.9,0.60
51093,1999-09-01,3,0.60
51093,1999-10-01,2.6,0.53
51093,1999-11-01,2.2,0.30
51093,1999-12-01,2.1,0.00
51093,2000-01-01,2.6,0.00
51093,2000-02-01,2.6,0.13
51093,2000-03-01,2.2,0.17
51093,2000-04-01,1.7,0.00
51093,2000-05-01,2,0.00
51093,2000-06-01,2.5,0.10
51093,2000-07-01,2.3,0.30
51093,2000-08-01,2.5,0.47
51093,2000-09-01,2.1,0.33
51093,2000-10-01,1.8,0.17
51093,2000-11-01,1.9,0.00
51093,2000-12-01,2,0.00
51093,2001-01-01,2.4,0.20
51093,2001-02-01,2.5,0.40
51093,2001-03-01,2.4,0.53
51093,2001-04-01,2.2,0.47
51093,2001-05-01,2.5,0.47
51093,2001-06-01,2.9,0.63
51093,2001-07-01,2.6,0.77
51093,2001-08-01,3.1,0.97
51093,2001-09-01,2.7,0.90
51093,2001-10-01,2.6,0.90
51093,2001-11-01,2.8,0.80
51093,2001-12-01,2.9,0.87
51093,2002-01-01,3.7,1.03
51093,2002-02-01,3.7,1.13
51093,2002-03-01,3.5,1.27
51093,2002-04-01,3.2,1.10
51093,2002-05-01,3.6,1.07
51093,2002-06-01,3.8,1.00
51093,2002-07-01,3.5,0.97
51093,2002-08-01,3.6,0.93
51093,2002-09-01,3.2,0.73
51093,2002-10-01,3,0.57
51093,2002-11-01,3.4,0.50
51093,2002-12-01,3.4,0.50
51093,2003-01-01,3.8,0.40
51093,2003-02-01,3.7,0.43
51093,2003-03-01,3.4,0.43
51093,2003-04-01,3.3,0.27
51093,2003-05-01,3.5,0.20
51093,2003-06-01,4.2,0.47
51093,2003-07-01,3.9,0.67
51093,2003-08-01,3.9,0.80
51093,2003-09-01,3.6,0.60
51093,2003-10-01,3.2,0.37
51093,2003-11-01,3.4,0.20
51093,2003-12-01,3.1,0.00
51093,2004-01-01,3.8,0.20
51093,2004-02-01,3.8,0.33
51093,2004-03-01,3.4,0.43
51093,2004-04-01,3.2,0.23
51093,2004-05-01,3.2,0.03
51093,2004-06-01,3.8,0.17
51093,2004-07-01,3.7,0.33
51093,2004-08-01,3.6,0.47
51093,2004-09-01,3.3,0.30
51093,2004-10-01,3.1,0.10
51093,2004-11-01,3.1,0.00
51093,2004-12-01,3.2,0.00
51093,2005-01-01,3.7,0.20
51093,2005-02-01,3.8,0.43
51093,2005-03-01,3.5,0.53
51093,2005-04-01,3.2,0.37
51093,2005-05-01,3.4,0.23
51093,2005-06-01,4,0.40
51093,2005-07-01,3.7,0.57
51093,2005-08-01,3.7,0.67
51093,2005-09-01,3.5,0.50
51093,2005-10-01,3.4,0.40
51093,2005-11-01,3.8,0.43
51093,2005-12-01,3.7,0.50
51093,2006-01-01,3.7,0.40
51093,2006-02-01,3.5,0.27
51093,2006-03-01,3.1,0.07
51093,2006-04-01,2.9,0.00
51093,2006-05-01,2.9,0.00
51093,2006-06-01,3.4,0.10
51093,2006-07-01,3.3,0.23
51093,2006-08-01,3.2,0.33
51093,2006-09-01,2.9,0.17
51093,2006-10-01,2.7,0.00
51093,2006-11-01,2.7,0.00
51093,2006-12-01,2.7,0.00
51093,2007-01-01,3.1,0.13
51093,2007-02-01,2.9,0.20
51093,2007-03-01,2.8,0.23
51093,2007-04-01,2.6,0.07
51093,2007-05-01,2.8,0.03
51093,2007-06-01,3,0.10
51093,2007-07-01,3.1,0.27
51093,2007-08-01,3.1,0.37
51093,2007-09-01,2.8,0.30
51093,2007-10-01,2.8,0.20
51093,2007-11-01,2.7,0.07
51093,2007-12-01,3,0.13
51093,2008-01-01,3.5,0.33
51093,2008-02-01,3.4,0.57
51093,2008-03-01,3.4,0.70
51093,2008-04-01,3,0.53
51093,2008-05-01,3.4,0.53
51093,2008-06-01,3.8,0.63
51093,2008-07-01,3.9,0.93
51093,2008-08-01,4.1,1.17
51093,2008-09-01,3.9,1.20
51093,2008-10-01,3.9,1.20
51093,2008-11-01,4.5,1.33
51093,2008-12-01,4.7,1.53
51093,2009-01-01,5.9,1.97
51093,2009-02-01,6,2.27
51093,2009-03-01,5.9,2.67
51093,2009-04-01,5.6,2.57
51093,2009-05-01,6.1,2.60
51093,2009-06-01,6.5,2.67
51093,2009-07-01,6.5,2.67
51093,2009-08-01,6.7,2.63
51093,2009-09-01,6.6,2.63
51093,2009-10-01,6.4,2.60
51093,2009-11-01,6.4,2.37
51093,2009-12-01,6.8,2.17
51093,2010-01-01,7.1,1.73
51093,2010-02-01,7.2,1.50
51093,2010-03-01,7,1.27
51093,2010-04-01,6.4,1.03
51093,2010-05-01,6.6,0.80
51093,2010-06-01,6.8,0.53
51093,2010-07-01,6.9,0.40
51093,2010-08-01,6.9,0.40
51093,2010-09-01,6.8,0.40
51093,2010-10-01,6.6,0.30
51093,2010-11-01,6.7,0.23
51093,2010-12-01,6.7,0.13
51093,2011-01-01,7.1,0.23
51093,2011-02-01,6.9,0.30
51093,2011-03-01,6.6,0.27
51093,2011-04-01,6.1,0.00
51093,2011-05-01,6.2,0.00
51093,2011-06-01,6.8,0.07
51093,2011-07-01,6.9,0.33
51093,2011-08-01,7,0.60
51093,2011-09-01,6.8,0.60
51093,2011-10-01,6.5,0.47
51093,2011-11-01,6.4,0.27
51093,2011-12-01,6.3,0.10
51093,2012-01-01,6.8,0.20
51093,2012-02-01,6.6,0.27
51093,2012-03-01,6.2,0.23
51093,2012-04-01,5.6,0.00
51093,2012-05-01,6,0.00
51093,2012-06-01,6.3,0.03
51093,2012-07-01,6.5,0.33
51093,2012-08-01,6.3,0.43
51093,2012-09-01,5.9,0.30
51093,2012-10-01,5.7,0.03
51093,2012-11-01,5.5,0.00
51093,2012-12-01,5.6,0.00
51093,2013-01-01,6.3,0.20
51093,2013-02-01,5.9,0.33
51093,2013-03-01,5.6,0.33
51093,2013-04-01,5.1,0.00
51093,2013-05-01,5.6,0.00
51093,2013-06-01,5.8,0.07
51093,2013-07-01,5.7,0.27
51093,2013-08-01,5.7,0.30
51093,2013-09-01,5.4,0.17
51093,2013-10-01,5.4,0.07
51093,2013-11-01,5.2,0.00
51093,2013-12-01,5.1,0.00
51093,2014-01-01,5.7,0.10
51093,2014-02-01,5.6,0.23
51093,2014-03-01,5.4,0.33
51093,2014-04-01,4.5,0.00
51093,2014-05-01,5,0.00
51093,2014-06-01,5.1,0.00
51093,2014-07-01,5.1,0.20
51093,2014-08-01,5.3,0.30
51093,2014-09-01,5,0.27
51093,2014-10-01,4.9,0.20
51093,2014-11-01,4.9,0.07
51093,2014-12-01,4.6,0.00
51093,2015-01-01,5.2,0.10
51093,2015-02-01,4.9,0.10
51093,2015-03-01,4.7,0.13
51093,2015-04-01,4.2,0.00
51093,2015-05-01,4.5,0.00
51093,2015-06-01,4.6,0.00
51093,2015-07-01,4.5,0.10
51093,2015-08-01,4.4,0.07
51093,2015-09-01,4.2,0.00
51093,2015-10-01,4.2,0.00
51093,2015-11-01,4.2,0.00
51093,2015-12-01,4.2,0.00
51093,2016-01-01,4.8,0.20
51093,2016-02-01,4.6,0.33
51093,2016-03-01,4.5,0.43
51093,2016-04-01,4.4,0.30
51093,2016-05-01,4.3,0.20
51093,2016-06-01,4.5,0.20
51093,2016-07-01,4.6,0.27
51093,2016-08-01,4.6,0.37
51093,2016-09-01,4.4,0.33
51093,2016-10-01,4.2,0.20
51093,2016-11-01,4,0.00
51093,2016-12-01,4,0.00
51093,2017-01-01,4.6,0.13
51093,2017-02-01,4.3,0.23
51093,2017-03-01,4,0.23
51093,2017-04-01,3.6,0.00
51093,2017-05-01,3.8,0.00
51093,2017-06-01,3.8,0.00
51093,2017-07-01,4,0.13
51093,2017-08-01,4.2,0.27
51093,2017-09-01,3.8,0.27
51093,2017-10-01,3.5,0.10
51093,2017-11-01,3.4,0.00
51093,2017-12-01,3.2,0.00
51093,2018-01-01,3.6,0.03
51093,2018-02-01,3.3,0.00
51093,2018-03-01,3.1,0.00
51093,2018-04-01,2.7,0.00
51093,2018-05-01,2.8,0.00
51093,2018-06-01,3.2,0.03
51093,2018-07-01,3.2,0.20
51093,2018-08-01,3.2,0.33
51093,2018-09-01,3,0.27
51093,2018-10-01,2.9,0.17
51093,2018-11-01,2.8,0.03
51093,2018-12-01,2.7,0.00
51093,2019-01-01,3.3,0.13
51093,2019-02-01,3.1,0.23
51093,2019-03-01,3,0.33
51093,2019-04-01,2.6,0.10
51093,2019-05-01,2.9,0.03
51093,2019-06-01,2.9,0.00
51093,2019-07-01,3,0.13
51093,2019-08-01,2.9,0.13
51093,2019-09-01,2.6,0.03
51093,2019-10-01,2.6,0.00
51093,2019-11-01,2.6,0.00
51093,2019-12-01,2.5,0.00
51093,2020-01-01,2.9,0.10
51093,2020-02-01,2.7,0.13
51093,2020-03-01,3.1,0.33
51093,2020-04-01,8.5,2.20
51093,2020-05-01,7.6,3.83
51093,2020-06-01,8,5.47
51093,2020-07-01,7.4,5.10
51093,2020-08-01,6.4,4.70
51093,2020-09-01,5.4,3.83
51093,2020-10-01,4.6,2.90
51093,2020-11-01,4.3,2.20
51093,2020-12-01,3.9,1.70
51093,2021-01-01,4.2,1.47
51093,2021-02-01,4.2,1.40
51093,2021-03-01,4,1.23
51093,2021-04-01,3.5,0.00
51093,2021-05-01,3.8,0.00
51093,2021-06-01,4.2,0.07
51093,2021-07-01,3.8,0.17
51093,2021-08-01,3.6,0.10
51093,2021-09-01,3.1,0.00
51093,2021-10-01,2.8,0.00
51093,2021-11-01,2,0.00
51093,2021-12-01,2.6,0.00
51093,2022-01-01,2.7,0.00
51093,2022-02-01,2.4,0.13
51093,2022-03-01,2.4,0.07
51093,2022-04-01,2.3,0.00
51093,2022-05-01,2.7,0.10
51093,2022-06-01,2.9,0.27
51093,2022-07-01,2.9,0.47
51093,2022-08-01,3.3,0.67
51093,2022-09-01,2.7,0.60
51093,2022-10-01,2.7,0.53
51093,2022-11-01,2.8,0.37
51093,2022-12-01,2.5,0.30
51093,2023-01-01,2.9,0.37
51093,2023-02-01,2.7,0.33
51093,2023-03-01,2.6,0.37
51093,2023-04-01,2.2,0.13
51093,2023-05-01,2.7,0.03
51093,2023-06-01,2.8,0.07
51093,2023-07-01,2.7,0.23
51093,2023-08-01,3.1,0.37
51093,2023-09-01,2.7,0.33
51093,2023-10-01,2.7,0.33
51093,2023-11-01,2.6,0.17
51093,2023-12-01,2.3,0.03
51093,2024-01-01,2.7,0.03
51093,2024-02-01,2.7,0.07
51093,2024-03-01,2.5,0.13
51093,2024-04-01,2.3,0.00
51093,2024-05-01,2.7,0.00
51093,2024-06-01,3,0.17
51093,2024-07-01,3.2,0.47
51093,2024-08-01,3.3,0.67
51093,2024-09-01,2.9,0.63
51093,2024-10-01,2.7,0.47
51093,2024-11-01,2.9,0.33
51093,2024-12-01,2.6,0.23
51093,2025-01-01,3.1,0.37
51093,2025-02-01,3.1,0.43
51093,2025-03-01,3.1,0.60
51093,2025-04-01,2.9,0.53
51093,2025-05-01,3.2,0.57
51093,2025-06-01,3.4,0.50
51093,2025-07-01,3.5,0.63
51093,2025-08-01,3.5,0.73
51093,2025-09-01,3.2,0.67
51093,2025-10-01,3.5,0.67
51093,2025-11-01,3.8,0.77
51093,2025-12-01,3.3,0.80
51093,2026-01-01,3.7,0.73
51093,2026-02-01,3.7,0.63
51093,2026-03-01,3.5,0.60
51093,2026-04-01,3.3,0.47
51093,2026-05-01,3.4,0.33
51093,2026-06-01,3.7,0.30
51093,2026-07-01,3.6,0.20
51093,2026-08-01,3.4,0.17
51095,1990-01-01,4.7,NaN
51095,1990-02-01,3.8,NaN
51095,1990-03-01,2.8,NaN
51095,1990-04-01,2.3,NaN
51095,1990-05-01,2.4,NaN
51095,1990-06-01,2.7,NaN
51095,1990-07-01,2.3,NaN
51095,1990-08-01,2.6,NaN
51095,1990-09-01,3,NaN
51095,1990-10-01,2.7,NaN
51095,1990-11-01,3.4,NaN
51095,1990-12-01,3.5,NaN
51095,1991-01-01,5.6,NaN
51095,1991-02-01,5.2,NaN
51095,1991-03-01,4.7,2.70
51095,1991-04-01,3,1.83
51095,1991-05-01,3.3,1.20
51095,1991-06-01,3,0.63
51095,1991-07-01,2.3,0.40
51095,1991-08-01,2.7,0.13
51095,1991-09-01,2.4,0.00
51095,1991-10-01,2.3,0.00
51095,1991-11-01,2.7,0.00
51095,1991-12-01,2.7,0.10
51095,1992-01-01,5.1,1.03
51095,1992-02-01,4.2,1.53
51095,1992-03-01,3.9,1.93
51095,1992-04-01,2.7,1.13
51095,1992-05-01,2.8,0.67
51095,1992-06-01,2.6,0.23
51095,1992-07-01,2.6,0.20
51095,1992-08-01,2.6,0.13
51095,1992-09-01,2.7,0.17
51095,1992-10-01,2.5,0.13
51095,1992-11-01,2.6,0.13
51095,1992-12-01,2.5,0.00
51095,1993-01-01,4.5,0.67
51095,1993-02-01,3.8,1.07
51095,1993-03-01,3.5,1.40
51095,1993-04-01,2.6,0.77
51095,1993-05-01,2.6,0.37
51095,1993-06-01,2.5,0.03
51095,1993-07-01,2.5,0.00
51095,1993-08-01,2.6,0.00
51095,1993-09-01,2.2,0.00
51095,1993-10-01,2,0.00
51095,1993-11-01,2.3,0.00
51095,1993-12-01,2.7,0.17
51095,1994-01-01,4.9,1.13
51095,1994-02-01,4.2,1.77
51095,1994-03-01,4.5,2.37
51095,1994-04-01,3,1.73
51095,1994-05-01,2.9,1.30
51095,1994-06-01,2.5,0.63
51095,1994-07-01,2.4,0.43
51095,1994-08-01,2.4,0.27
51095,1994-09-01,2.2,0.17
51095,1994-10-01,2.1,0.07
51095,1994-11-01,2.4,0.07
51095,1994-12-01,2.3,0.03
51095,1995-01-01,4.4,0.80
51095,1995-02-01,3.6,1.20
51095,1995-03-01,3,1.43
51095,1995-04-01,2.3,0.73
51095,1995-05-01,2.3,0.30
51095,1995-06-01,2.6,0.17
51095,1995-07-01,2.6,0.27
51095,1995-08-01,2.8,0.43
51095,1995-09-01,2.7,0.47
51095,1995-10-01,2.6,0.47
51095,1995-11-01,2.6,0.40
51095,1995-12-01,2.5,0.30
51095,1996-01-01,4.9,0.93
51095,1996-02-01,4.2,1.47
51095,1996-03-01,3,1.63
51095,1996-04-01,2.2,0.73
51095,1996-05-01,2.5,0.17
51095,1996-06-01,2.6,0.03
51095,1996-07-01,2.6,0.13
51095,1996-08-01,2.4,0.10
51095,1996-09-01,2.4,0.03
51095,1996-10-01,2.3,0.00
51095,1996-11-01,2.4,0.00
51095,1996-12-01,2.6,0.07
51095,1997-01-01,4.8,0.90
51095,1997-02-01,3.9,1.40
51095,1997-03-01,3,1.53
51095,1997-04-01,2.5,0.77
51095,1997-05-01,2.5,0.30
51095,1997-06-01,2.8,0.23
51095,1997-07-01,2.4,0.20
51095,1997-08-01,2.4,0.17
51095,1997-09-01,2,0.00
51095,1997-10-01,1.8,0.00
51095,1997-11-01,2,0.00
51095,1997-12-01,1.9,0.00
51095,1998-01-01,3.4,0.53
51095,1998-02-01,2.8,0.80
51095,1998-03-01,2.3,0.93
51095,1998-04-01,1.4,0.27
51095,1998-05-01,1.5,0.00
51095,1998-06-01,1.7,0.00
51095,1998-07-01,1.7,0.10
51095,1998-08-01,1.7,0.17
51095,1998-09-01,1.6,0.13
51095,1998-10-01,1.6,0.10
51095,1998-11-01,1.8,0.13
51095,1998-12-01,1.6,0.13
51095,1999-01-01,3.6,0.80
51095,1999-02-01,3,1.20
51095,1999-03-01,2.1,1.37
51095,1999-04-01,1.4,0.63
51095,1999-05-01,1.4,0.10
51095,1999-06-01,1.9,0.03
51095,1999-07-01,1.5,0.03
51095,1999-08-01,1.6,0.10
51095,1999-09-01,1.5,0.00
51095,1999-10-01,1.5,0.00
51095,1999-11-01,1.6,0.00
51095,1999-12-01,1.5,0.00
51095,2000-01-01,2.7,0.40
51095,2000-02-01,2.6,0.73
51095,2000-03-01,2.1,0.93
51095,2000-04-01,1.6,0.57
51095,2000-05-01,2,0.37
51095,2000-06-01,2.1,0.37
51095,2000-07-01,1.9,0.47
51095,2000-08-01,2,0.47
51095,2000-09-01,1.8,0.37
51095,2000-10-01,1.6,0.27
51095,2000-11-01,1.6,0.13
51095,2000-12-01,1.6,0.07
51095,2001-01-01,2.9,0.43
51095,2001-02-01,2.5,0.73
51095,2001-03-01,2.2,0.93
51095,2001-04-01,1.9,0.60
51095,2001-05-01,2.1,0.47
51095,2001-06-01,2.4,0.53
51095,2001-07-01,2.1,0.60
51095,2001-08-01,2.7,0.80
51095,2001-09-01,2.4,0.80
51095,2001-10-01,2.6,0.97
51095,2001-11-01,3.1,1.10
51095,2001-12-01,3,1.30
51095,2002-01-01,4.3,1.43
51095,2002-02-01,3.9,1.67
51095,2002-03-01,3.4,1.80
51095,2002-04-01,3,1.37
51095,2002-05-01,3.3,1.17
51095,2002-06-01,3.4,1.10
51095,2002-07-01,3.1,1.07
51095,2002-08-01,3.3,0.87
51095,2002-09-01,2.9,0.70
51095,2002-10-01,2.8,0.43
51095,2002-11-01,3,0.20
51095,2002-12-01,3,0.03
51095,2003-01-01,4.1,0.47
51095,2003-02-01,3.9,0.77
51095,2003-03-01,3.7,1.00
51095,2003-04-01,3.1,0.67
51095,2003-05-01,3.2,0.43
51095,2003-06-01,3.6,0.40
51095,2003-07-01,3.2,0.43
51095,2003-08-01,3.3,0.47
51095,2003-09-01,3.1,0.30
51095,2003-10-01,2.8,0.17
51095,2003-11-01,3,0.07
51095,2003-12-01,2.9,0.00
51095,2004-01-01,4.7,0.63
51095,2004-02-01,4.2,1.03
51095,2004-03-01,3.9,1.37
51095,2004-04-01,3,0.80
51095,2004-05-01,3.1,0.43
51095,2004-06-01,3.6,0.33
51095,2004-07-01,3.2,0.40
51095,2004-08-01,3.3,0.47
51095,2004-09-01,2.8,0.20
51095,2004-10-01,2.7,0.03
51095,2004-11-01,2.8,0.00
51095,2004-12-01,2.7,0.00
51095,2005-01-01,4.1,0.47
51095,2005-02-01,4.1,0.90
51095,2005-03-01,3.5,1.17
51095,2005-04-01,2.8,0.73
51095,2005-05-01,2.9,0.33
51095,2005-06-01,3.2,0.23
51095,2005-07-01,2.9,0.27
51095,2005-08-01,3,0.30
51095,2005-09-01,2.8,0.17
51095,2005-10-01,2.5,0.03
51095,2005-11-01,2.7,0.00
51095,2005-12-01,2.5,0.00
51095,2006-01-01,3.6,0.37
51095,2006-02-01,3.4,0.60
51095,2006-03-01,2.9,0.73
51095,2006-04-01,2.4,0.33
51095,2006-05-01,2.4,0.00
51095,2006-06-01,2.8,0.00
51095,2006-07-01,2.7,0.10
51095,2006-08-01,2.7,0.20
51095,2006-09-01,2.4,0.07
51095,2006-10-01,2.1,0.00
51095,2006-11-01,2.4,0.00
51095,2006-12-01,2.2,0.00
51095,2007-01-01,3.5,0.47
51095,2007-02-01,3,0.67
51095,2007-03-01,2.7,0.83
51095,2007-04-01,2.2,0.40
51095,2007-05-01,2.3,0.17
51095,2007-06-01,2.6,0.13
51095,2007-07-01,2.4,0.20
51095,2007-08-01,2.4,0.23
51095,2007-09-01,2.2,0.10
51095,2007-10-01,2.1,0.00
51095,2007-11-01,2.3,0.00
51095,2007-12-01,2.4,0.07
51095,2008-01-01,3.6,0.57
51095,2008-02-01,3.2,0.87
51095,2008-03-01,2.9,1.03
51095,2008-04-01,2.5,0.67
51095,2008-05-01,2.9,0.57
51095,2008-06-01,3.2,0.67
51095,2008-07-01,3.4,0.97
51095,2008-08-01,3.3,1.10
51095,2008-09-01,3.2,1.10
51095,2008-10-01,3.5,1.13
51095,2008-11-01,3.7,1.27
51095,2008-12-01,4,1.47
51095,2009-01-01,6,1.80
51095,2009-02-01,6.2,2.63
51095,2009-03-01,5.7,3.20
51095,2009-04-01,5,2.87
51095,2009-05-01,5.3,2.57
51095,2009-06-01,5.7,2.47
51095,2009-07-01,5.4,2.30
51095,2009-08-01,5.2,2.13
51095,2009-09-01,5,1.90
51095,2009-10-01,5.3,1.83
51095,2009-11-01,5.1,1.67
51095,2009-12-01,5.4,1.53
51095,2010-01-01,7.5,1.43
51095,2010-02-01,7.2,1.57
51095,2010-03-01,6.7,2.00
51095,2010-04-01,5.6,1.37
51095,2010-05-01,5.8,0.90
51095,2010-06-01,5.9,0.63
51095,2010-07-01,5.8,0.70
51095,2010-08-01,5.7,0.67
51095,2010-09-01,5.5,0.53
51095,2010-10-01,5.5,0.43
51095,2010-11-01,5.7,0.43
51095,2010-12-01,5.6,0.33
51095,2011-01-01,6.8,0.47
51095,2011-02-01,6.5,0.73
51095,2011-03-01,6,0.87
51095,2011-04-01,5.2,0.33
51095,2011-05-01,5.4,0.00
51095,2011-06-01,5.9,0.00
51095,2011-07-01,5.8,0.20
51095,2011-08-01,5.8,0.33
51095,2011-09-01,5.8,0.30
51095,2011-10-01,5.6,0.23
51095,2011-11-01,5.5,0.13
51095,2011-12-01,5.6,0.07
51095,2012-01-01,6.7,0.43
51095,2012-02-01,6.3,0.70
51095,2012-03-01,5.8,0.77
51095,2012-04-01,5.1,0.23
51095,2012-05-01,5.3,0.00
51095,2012-06-01,5.7,0.00
51095,2012-07-01,5.6,0.17
51095,2012-08-01,5.4,0.20
51095,2012-09-01,5.2,0.03
51095,2012-10-01,5,0.00
51095,2012-11-01,4.8,0.00
51095,2012-12-01,5.1,0.00
51095,2013-01-01,6.1,0.37
51095,2013-02-01,5.6,0.63
51095,2013-03-01,5.1,0.63
51095,2013-04-01,4.7,0.17
51095,2013-05-01,5.1,0.00
51095,2013-06-01,5.5,0.13
51095,2013-07-01,5.3,0.33
51095,2013-08-01,5.2,0.37
51095,2013-09-01,5.2,0.27
51095,2013-10-01,5,0.17
51095,2013-11-01,4.8,0.03
51095,2013-12-01,4.6,0.00
51095,2014-01-01,5.6,0.20
51095,2014-02-01,5.4,0.40
51095,2014-03-01,5.1,0.57
51095,2014-04-01,4.2,0.10
51095,2014-05-01,4.8,0.00
51095,2014-06-01,4.9,0.00
51095,2014-07-01,4.9,0.23
51095,2014-08-01,4.9,0.27
51095,2014-09-01,4.6,0.17
51095,2014-10-01,4.3,0.00
51095,2014-11-01,4.3,0.00
51095,2014-12-01,4.2,0.00
51095,2015-01-01,5.1,0.27
51095,2015-02-01,4.9,0.47
51095,2015-03-01,4.6,0.60
51095,2015-04-01,4,0.23
51095,2015-05-01,4.3,0.03
51095,2015-06-01,4.3,0.00
51095,2015-07-01,4.2,0.07
51095,2015-08-01,4.1,0.00
51095,2015-09-01,4,0.00
51095,2015-10-01,3.9,0.00
51095,2015-11-01,3.9,0.00
51095,2015-12-01,3.7,0.00
51095,2016-01-01,4.7,0.27
51095,2016-02-01,4.4,0.43
51095,2016-03-01,4.1,0.57
51095,2016-04-01,3.5,0.17
51095,2016-05-01,3.9,0.00
51095,2016-06-01,4.1,0.00
51095,2016-07-01,4.2,0.23
51095,2016-08-01,4.1,0.30
51095,2016-09-01,4.1,0.30
51095,2016-10-01,4,0.23
51095,2016-11-01,3.7,0.10
51095,2016-12-01,3.5,0.00
51095,2017-01-01,4.3,0.10
51095,2017-02-01,4.1,0.23
51095,2017-03-01,3.7,0.30
51095,2017-04-01,3.2,0.00
51095,2017-05-01,3.6,0.00
51095,2017-06-01,3.7,0.00
51095,2017-07-01,3.7,0.17
51095,2017-08-01,3.8,0.23
51095,2017-09-01,3.5,0.17
51095,2017-10-01,3.3,0.03
51095,2017-11-01,3.4,0.00
51095,2017-12-01,3,0.00
51095,2018-01-01,3.7,0.13
51095,2018-02-01,3.5,0.17
51095,2018-03-01,3.2,0.23
51095,2018-04-01,2.7,0.00
51095,2018-05-01,2.9,0.00
51095,2018-06-01,3.2,0.00
51095,2018-07-01,3.1,0.13
51095,2018-08-01,3.1,0.20
51095,2018-09-01,2.9,0.10
51095,2018-10-01,2.8,0.00
51095,2018-11-01,2.7,0.00
51095,2018-12-01,2.6,0.00
51095,2019-01-01,3.3,0.17
51095,2019-02-01,3.1,0.30
51095,2019-03-01,2.9,0.40
51095,2019-04-01,2.4,0.10
51095,2019-05-01,2.7,0.00
51095,2019-06-01,2.9,0.00
51095,2019-07-01,2.9,0.17
51095,2019-08-01,2.9,0.23
51095,2019-09-01,2.6,0.13
51095,2019-10-01,2.5,0.00
51095,2019-11-01,2.5,0.00
51095,2019-12-01,2.2,0.00
51095,2020-01-01,3.1,0.20
51095,2020-02-01,2.7,0.27
51095,2020-03-01,3.1,0.57
51095,2020-04-01,14.4,4.33
51095,2020-05-01,12.3,7.53
51095,2020-06-01,12.1,10.53
51095,2020-07-01,10.5,9.23
51095,2020-08-01,8.4,7.93
51095,2020-09-01,6.9,6.20
51095,2020-10-01,5.6,4.57
51095,2020-11-01,5.1,3.47
51095,2020-12-01,4.7,2.73
51095,2021-01-01,5.2,2.40
51095,2021-02-01,4.9,2.27
51095,2021-03-01,4.6,1.93
51095,2021-04-01,4.1,0.00
51095,2021-05-01,4.3,0.00
51095,2021-06-01,4.9,0.10
51095,2021-07-01,4.3,0.17
51095,2021-08-01,4.2,0.13
51095,2021-09-01,3.7,0.00
51095,2021-10-01,3.2,0.00
51095,2021-11-01,2.2,0.00
51095,2021-12-01,2.6,0.00
51095,2022-01-01,2.9,0.00
51095,2022-02-01,2.7,0.17
51095,2022-03-01,2.7,0.20
51095,2022-04-01,2.5,0.07
51095,2022-05-01,2.8,0.10
51095,2022-06-01,3.1,0.23
51095,2022-07-01,3,0.40
51095,2022-08-01,3.2,0.53
51095,2022-09-01,2.8,0.43
51095,2022-10-01,2.8,0.37
51095,2022-11-01,2.8,0.23
51095,2022-12-01,2.5,0.13
51095,2023-01-01,3,0.20
51095,2023-02-01,2.7,0.10
51095,2023-03-01,2.7,0.17
51095,2023-04-01,2.3,0.00
51095,2023-05-01,2.7,0.00
51095,2023-06-01,2.9,0.07
51095,2023-07-01,2.8,0.23
51095,2023-08-01,3,0.33
51095,2023-09-01,2.7,0.27
51095,2023-10-01,2.7,0.23
51095,2023-11-01,2.6,0.10
51095,2023-12-01,2.3,0.00
51095,2024-01-01,2.8,0.03
51095,2024-02-01,2.8,0.10
51095,2024-03-01,2.5,0.17
51095,2024-04-01,2.4,0.03
51095,2024-05-01,2.7,0.00
51095,2024-06-01,3.2,0.23
51095,2024-07-01,3.3,0.53
51095,2024-08-01,3.4,0.77
51095,2024-09-01,3,0.70
51095,2024-10-01,3,0.60
51095,2024-11-01,3.1,0.50
51095,2024-12-01,2.6,0.37
51095,2025-01-01,3.3,0.47
51095,2025-02-01,3.2,0.50
51095,2025-03-01,3.2,0.70
51095,2025-04-01,3,0.60
51095,2025-05-01,3.3,0.63
51095,2025-06-01,3.6,0.53
51095,2025-07-01,3.5,0.57
51095,2025-08-01,3.6,0.67
51095,2025-09-01,3.3,0.57
51095,2025-10-01,3.65,0.62
51095,2025-11-01,4,0.75
51095,2025-12-01,3.5,0.82
51095,2026-01-01,3.9,0.80
51095,2026-02-01,4,0.77
51095,2026-03-01,3.8,0.77
51095,2026-04-01,3.4,0.60
51095,2026-05-01,3.5,0.40
51095,2026-06-01,3.9,0.30
51095,2026-07-01,3.7,0.23
51095,2026-08-01,3.6,0.27
51097,1990-01-01,5.8,NaN
51097,1990-02-01,5.4,NaN
51097,1990-03-01,3.8,NaN
51097,1990-04-01,3.6,NaN
51097,1990-05-01,5.9,NaN
51097,1990-06-01,4,NaN
51097,1990-07-01,3.2,NaN
51097,1990-08-01,4.9,NaN
51097,1990-09-01,3.9,NaN
51097,1990-10-01,3.7,NaN
51097,1990-11-01,6.9,NaN
51097,1990-12-01,5,NaN
51097,1991-01-01,6.5,NaN
51097,1991-02-01,7.4,NaN
51097,1991-03-01,6,2.63
51097,1991-04-01,4.7,2.03
51097,1991-05-01,5.1,1.27
51097,1991-06-01,5.5,1.10
51097,1991-07-01,5.2,1.27
51097,1991-08-01,6,1.57
51097,1991-09-01,5.6,1.60
51097,1991-10-01,5.8,1.63
51097,1991-11-01,5.7,0.87
51097,1991-12-01,5.6,0.60
51097,1992-01-01,7.7,1.23
51097,1992-02-01,8,2.00
51097,1992-03-01,5.9,2.10
51097,1992-04-01,5,1.20
51097,1992-05-01,4.9,0.17
51097,1992-06-01,6.3,0.30
51097,1992-07-01,6.6,0.67
51097,1992-08-01,7.5,1.53
51097,1992-09-01,8,2.10
51097,1992-10-01,6.1,1.93
51097,1992-11-01,7,1.77
51097,1992-12-01,6.9,1.40
51097,1993-01-01,8.5,2.20
51097,1993-02-01,9.7,3.10
51097,1993-03-01,8.2,3.53
51097,1993-04-01,7.8,3.30
51097,1993-05-01,7.5,2.57
51097,1993-06-01,8.2,2.43
51097,1993-07-01,6.7,1.53
51097,1993-08-01,6.2,0.37
51097,1993-09-01,6.3,0.00
51097,1993-10-01,6.1,0.00
51097,1993-11-01,6.4,0.07
51097,1993-12-01,5.6,0.00
51097,1994-01-01,7.6,0.50
51097,1994-02-01,6.9,0.67
51097,1994-03-01,6.9,1.10
51097,1994-04-01,5.4,0.37
51097,1994-05-01,5.9,0.03
51097,1994-06-01,6.6,0.00
51097,1994-07-01,5.3,0.00
51097,1994-08-01,4.9,0.00
51097,1994-09-01,4.9,0.00
51097,1994-10-01,4.8,0.00
51097,1994-11-01,4.3,0.00
51097,1994-12-01,4.3,0.00
51097,1995-01-01,6.6,0.60
51097,1995-02-01,7,1.50
51097,1995-03-01,5.1,1.77
51097,1995-04-01,4.3,1.00
51097,1995-05-01,4.6,0.20
51097,1995-06-01,4.8,0.10
51097,1995-07-01,4.7,0.23
51097,1995-08-01,4.4,0.17
51097,1995-09-01,3.9,0.00
51097,1995-10-01,3.7,0.00
51097,1995-11-01,3.7,0.00
51097,1995-12-01,4.5,0.20
51097,1996-01-01,7.8,1.57
51097,1996-02-01,6.9,2.63
51097,1996-03-01,4.7,2.70
51097,1996-04-01,5.6,1.97
51097,1996-05-01,5.4,1.47
51097,1996-06-01,4.8,1.50
51097,1996-07-01,4.9,1.27
51097,1996-08-01,4.6,1.00
51097,1996-09-01,4.5,0.90
51097,1996-10-01,3.6,0.47
51097,1996-11-01,3.9,0.23
51097,1996-12-01,4,0.00
51097,1997-01-01,4.6,0.33
51097,1997-02-01,5.1,0.73
51097,1997-03-01,4.5,0.90
51097,1997-04-01,3.6,0.57
51097,1997-05-01,3.9,0.17
51097,1997-06-01,3.9,0.00
51097,1997-07-01,3.9,0.10
51097,1997-08-01,4.1,0.17
51097,1997-09-01,5,0.53
51097,1997-10-01,4.8,0.83
51097,1997-11-01,5.1,1.17
51097,1997-12-01,4,0.83
51097,1998-01-01,4.2,0.63
51097,1998-02-01,4.1,0.30
51097,1998-03-01,4,0.30
51097,1998-04-01,2.9,0.00
51097,1998-05-01,2.9,0.00
51097,1998-06-01,3.3,0.00
51097,1998-07-01,2.7,0.00
51097,1998-08-01,3.4,0.17
51097,1998-09-01,2.4,0.00
51097,1998-10-01,2.1,0.00
51097,1998-11-01,1.9,0.00
51097,1998-12-01,2.7,0.10
51097,1999-01-01,4,0.73
51097,1999-02-01,4.9,1.73
51097,1999-03-01,3,1.83
51097,1999-04-01,3.7,1.73
51097,1999-05-01,2.6,0.97
51097,1999-06-01,2.2,0.70
51097,1999-07-01,3.7,0.70
51097,1999-08-01,2.6,0.70
51097,1999-09-01,2.1,0.67
51097,1999-10-01,1.6,0.00
51097,1999-11-01,3.1,0.17
51097,1999-12-01,2.9,0.43
51097,2000-01-01,4.1,1.27
51097,2000-02-01,3.8,1.50
51097,2000-03-01,3.2,1.60
51097,2000-04-01,2.6,1.10
51097,2000-05-01,2.4,0.63
51097,2000-06-01,2.5,0.40
51097,2000-07-01,2.3,0.30
51097,2000-08-01,2.4,0.30
51097,2000-09-01,2.2,0.20
51097,2000-10-01,2.1,0.13
51097,2000-11-01,1.8,0.00
51097,2000-12-01,1.7,0.00
51097,2001-01-01,2.5,0.13
51097,2001-02-01,2.8,0.47
51097,2001-03-01,3.1,0.93
51097,2001-04-01,3,1.10
51097,2001-05-01,3,1.17
51097,2001-06-01,3.3,1.23
51097,2001-07-01,3.3,1.33
51097,2001-08-01,3.4,1.47
51097,2001-09-01,3.3,1.47
51097,2001-10-01,3.6,1.57
51097,2001-11-01,4,1.77
51097,2001-12-01,3.9,1.97
51097,2002-01-01,5.3,2.40
51097,2002-02-01,5.2,2.47
51097,2002-03-01,4.6,2.23
51097,2002-04-01,3.8,1.57
51097,2002-05-01,4.1,1.13
51097,2002-06-01,4.2,0.93
51097,2002-07-01,4,0.90
51097,2002-08-01,4.2,0.80
51097,2002-09-01,3.9,0.70
51097,2002-10-01,4.1,0.63
51097,2002-11-01,4.5,0.53
51097,2002-12-01,4.7,0.60
51097,2003-01-01,5.5,0.87
51097,2003-02-01,5.4,1.17
51097,2003-03-01,5.1,1.30
51097,2003-04-01,4.8,1.07
51097,2003-05-01,4.7,0.83
51097,2003-06-01,5,0.80
51097,2003-07-01,4.2,0.60
51097,2003-08-01,4.4,0.50
51097,2003-09-01,4,0.17
51097,2003-10-01,3.5,0.00
51097,2003-11-01,4.2,0.00
51097,2003-12-01,3.6,0.00
51097,2004-01-01,4.4,0.30
51097,2004-02-01,4.4,0.37
51097,2004-03-01,4,0.50
51097,2004-04-01,3.5,0.20
51097,2004-05-01,3.3,0.00
51097,2004-06-01,3.6,0.00
51097,2004-07-01,3.4,0.00
51097,2004-08-01,3.7,0.13
51097,2004-09-01,3.9,0.23
51097,2004-10-01,3.7,0.33
51097,2004-11-01,3.7,0.33
51097,2004-12-01,3.7,0.27
51097,2005-01-01,4.2,0.43
51097,2005-02-01,4.2,0.60
51097,2005-03-01,4.2,0.77
51097,2005-04-01,3.8,0.63
51097,2005-05-01,3.8,0.50
51097,2005-06-01,4.2,0.50
51097,2005-07-01,4.1,0.60
51097,2005-08-01,4,0.53
51097,2005-09-01,3.9,0.33
51097,2005-10-01,3.6,0.13
51097,2005-11-01,3.3,0.00
51097,2005-12-01,3,0.00
51097,2006-01-01,3.8,0.07
51097,2006-02-01,4,0.30
51097,2006-03-01,3.7,0.53
51097,2006-04-01,3,0.27
51097,2006-05-01,3,0.00
51097,2006-06-01,3.4,0.00
51097,2006-07-01,3.1,0.03
51097,2006-08-01,3.3,0.13
51097,2006-09-01,3.3,0.10
51097,2006-10-01,3,0.07
51097,2006-11-01,3.5,0.13
51097,2006-12-01,3.4,0.17
51097,2007-01-01,3.8,0.43
51097,2007-02-01,3.5,0.43
51097,2007-03-01,3.4,0.43
51097,2007-04-01,3.2,0.23
51097,2007-05-01,3.1,0.10
51097,2007-06-01,3.4,0.10
51097,2007-07-01,3.8,0.27
51097,2007-08-01,3.7,0.43
51097,2007-09-01,4.1,0.67
51097,2007-10-01,3.4,0.53
51097,2007-11-01,3.6,0.47
51097,2007-12-01,3.7,0.33
51097,2008-01-01,3.9,0.50
51097,2008-02-01,3.7,0.53
51097,2008-03-01,4,0.63
51097,2008-04-01,3.6,0.53
51097,2008-05-01,4.4,0.77
51097,2008-06-01,4.7,1.00
51097,2008-07-01,4.4,1.07
51097,2008-08-01,4.6,1.00
51097,2008-09-01,5,1.10
51097,2008-10-01,5.3,1.40
51097,2008-11-01,6.1,1.90
51097,2008-12-01,6.8,2.50
51097,2009-01-01,8.2,3.30
51097,2009-02-01,8.5,4.07
51097,2009-03-01,8.1,4.50
51097,2009-04-01,7.7,4.33
51097,2009-05-01,7.6,3.80
51097,2009-06-01,7.4,3.33
51097,2009-07-01,7.4,2.97
51097,2009-08-01,7.8,2.97
51097,2009-09-01,8.1,3.10
51097,2009-10-01,8.7,3.23
51097,2009-11-01,9,3.13
51097,2009-12-01,8.8,2.77
51097,2010-01-01,8.6,1.77
51097,2010-02-01,8.7,1.23
51097,2010-03-01,8.2,1.03
51097,2010-04-01,7.2,0.57
51097,2010-05-01,7.3,0.10
51097,2010-06-01,7.4,0.00
51097,2010-07-01,7.4,0.07
51097,2010-08-01,7.8,0.23
51097,2010-09-01,7.7,0.33
51097,2010-10-01,7.3,0.30
51097,2010-11-01,7.4,0.17
51097,2010-12-01,7.2,0.00
51097,2011-01-01,7.7,0.13
51097,2011-02-01,7.7,0.23
51097,2011-03-01,7,0.17
51097,2011-04-01,6.4,0.00
51097,2011-05-01,6.4,0.00
51097,2011-06-01,6.9,0.00
51097,2011-07-01,6.9,0.17
51097,2011-08-01,7.7,0.60
51097,2011-09-01,7.3,0.73
51097,2011-10-01,7,0.77
51097,2011-11-01,6.6,0.40
51097,2011-12-01,6.7,0.20
51097,2012-01-01,7.4,0.33
51097,2012-02-01,6.9,0.43
51097,2012-03-01,6.4,0.33
51097,2012-04-01,6,0.00
51097,2012-05-01,5.9,0.00
51097,2012-06-01,6.3,0.00
51097,2012-07-01,6.6,0.20
51097,2012-08-01,6.7,0.47
51097,2012-09-01,6.4,0.50
51097,2012-10-01,5.9,0.27
51097,2012-11-01,5.9,0.00
51097,2012-12-01,6.1,0.00
51097,2013-01-01,6.8,0.30
51097,2013-02-01,6.4,0.47
51097,2013-03-01,6,0.43
51097,2013-04-01,5.6,0.03
51097,2013-05-01,5.6,0.00
51097,2013-06-01,5.9,0.00
51097,2013-07-01,5.7,0.03
51097,2013-08-01,6.2,0.23
51097,2013-09-01,6,0.27
51097,2013-10-01,5.6,0.23
51097,2013-11-01,5.6,0.03
51097,2013-12-01,5.5,0.00
51097,2014-01-01,5.9,0.10
51097,2014-02-01,6,0.23
51097,2014-03-01,5.7,0.30
51097,2014-04-01,5.2,0.07
51097,2014-05-01,5.5,0.00
51097,2014-06-01,5.8,0.03
51097,2014-07-01,5.9,0.27
51097,2014-08-01,6.1,0.47
51097,2014-09-01,5.4,0.33
51097,2014-10-01,5,0.03
51097,2014-11-01,5.4,0.00
51097,2014-12-01,5.2,0.00
51097,2015-01-01,5.8,0.27
51097,2015-02-01,5.5,0.30
51097,2015-03-01,5.1,0.27
51097,2015-04-01,4.5,0.00
51097,2015-05-01,4.7,0.00
51097,2015-06-01,4.5,0.00
51097,2015-07-01,4.7,0.07
51097,2015-08-01,4.9,0.13
51097,2015-09-01,4.4,0.10
51097,2015-10-01,4.2,0.00
51097,2015-11-01,4.4,0.00
51097,2015-12-01,3.9,0.00
51097,2016-01-01,4.6,0.13
51097,2016-02-01,4.4,0.13
51097,2016-03-01,4.3,0.27
51097,2016-04-01,3.4,0.00
51097,2016-05-01,3.5,0.00
51097,2016-06-01,3.8,0.00
51097,2016-07-01,4.1,0.23
51097,2016-08-01,4.2,0.47
51097,2016-09-01,4.2,0.60
51097,2016-10-01,4,0.57
51097,2016-11-01,4,0.50
51097,2016-12-01,4,0.43
51097,2017-01-01,4.5,0.60
51097,2017-02-01,4.2,0.67
51097,2017-03-01,3.6,0.53
51097,2017-04-01,3,0.03
51097,2017-05-01,3.3,0.00
51097,2017-06-01,3.5,0.00
51097,2017-07-01,3.6,0.20
51097,2017-08-01,3.7,0.33
51097,2017-09-01,3.3,0.27
51097,2017-10-01,3.2,0.13
51097,2017-11-01,3.4,0.03
51097,2017-12-01,3.3,0.03
51097,2018-01-01,3.8,0.23
51097,2018-02-01,3.5,0.27
51097,2018-03-01,3.4,0.30
51097,2018-04-01,2.9,0.00
51097,2018-05-01,3.1,0.00
51097,2018-06-01,3.3,0.00
51097,2018-07-01,3.1,0.07
51097,2018-08-01,3.4,0.17
51097,2018-09-01,3.1,0.10
51097,2018-10-01,3,0.07
51097,2018-11-01,2.8,0.00
51097,2018-12-01,2.7,0.00
51097,2019-01-01,3.5,0.17
51097,2019-02-01,3.3,0.33
51097,2019-03-01,3.4,0.57
51097,2019-04-01,2.7,0.30
51097,2019-05-01,2.9,0.17
51097,2019-06-01,2.9,0.00
51097,2019-07-01,3,0.10
51097,2019-08-01,3,0.13
51097,2019-09-01,2.7,0.07
51097,2019-10-01,2.3,0.00
51097,2019-11-01,2.6,0.00
51097,2019-12-01,2.4,0.00
51097,2020-01-01,2.8,0.17
51097,2020-02-01,2.7,0.20
51097,2020-03-01,3.1,0.43
51097,2020-04-01,8.9,2.47
51097,2020-05-01,8.4,4.37
51097,2020-06-01,9.1,6.37
51097,2020-07-01,8.2,6.13
51097,2020-08-01,7.1,5.70
51097,2020-09-01,6,4.67
51097,2020-10-01,5,3.60
51097,2020-11-01,4.8,2.83
51097,2020-12-01,4.4,2.30
51097,2021-01-01,4.6,2.00
51097,2021-02-01,4.7,1.93
51097,2021-03-01,4.4,1.70
51097,2021-04-01,3.7,0.00
51097,2021-05-01,3.7,0.00
51097,2021-06-01,4,0.00
51097,2021-07-01,3.7,0.00
51097,2021-08-01,3.4,0.00
51097,2021-09-01,2.9,0.00
51097,2021-10-01,2.3,0.00
51097,2021-11-01,1.8,0.00
51097,2021-12-01,2.2,0.00
51097,2022-01-01,2.6,0.10
51097,2022-02-01,2.3,0.27
51097,2022-03-01,2.3,0.30
51097,2022-04-01,2.2,0.17
51097,2022-05-01,2.7,0.30
51097,2022-06-01,3,0.53
51097,2022-07-01,2.9,0.77
51097,2022-08-01,3.3,0.97
51097,2022-09-01,2.8,0.90
51097,2022-10-01,2.6,0.80
51097,2022-11-01,2.8,0.63
51097,2022-12-01,2.2,0.43
51097,2023-01-01,2.7,0.37
51097,2023-02-01,2.5,0.20
51097,2023-03-01,2.6,0.33
51097,2023-04-01,2.2,0.17
51097,2023-05-01,2.6,0.07
51097,2023-06-01,2.7,0.07
51097,2023-07-01,2.6,0.20
51097,2023-08-01,3,0.33
51097,2023-09-01,2.7,0.33
51097,2023-10-01,2.8,0.40
51097,2023-11-01,2.9,0.37
51097,2023-12-01,2.6,0.33
51097,2024-01-01,3,0.40
51097,2024-02-01,3.1,0.47
51097,2024-03-01,2.7,0.50
51097,2024-04-01,2.6,0.37
51097,2024-05-01,3,0.30
51097,2024-06-01,3,0.37
51097,2024-07-01,3.3,0.47
51097,2024-08-01,3.4,0.47
51097,2024-09-01,3,0.47
51097,2024-10-01,3,0.37
51097,2024-11-01,3,0.23
51097,2024-12-01,2.8,0.17
51097,2025-01-01,3.3,0.27
51097,2025-02-01,3.1,0.30
51097,2025-03-01,3,0.37
51097,2025-04-01,2.9,0.23
51097,2025-05-01,3,0.20
51097,2025-06-01,3.1,0.13
51097,2025-07-01,3,0.10
51097,2025-08-01,3,0.10
51097,2025-09-01,3.2,0.13
51097,2025-10-01,3.5,0.30
51097,2025-11-01,3.8,0.57
51097,2025-12-01,3.2,0.57
51097,2026-01-01,3.3,0.47
51097,2026-02-01,3.3,0.30
51097,2026-03-01,3.3,0.33
51097,2026-04-01,3,0.23
51097,2026-05-01,3,0.13
51097,2026-06-01,3.6,0.20
51097,2026-07-01,3.3,0.27
51097,2026-08-01,3.3,0.37
51099,1990-01-01,3.9,NaN
51099,1990-02-01,3.7,NaN
51099,1990-03-01,3,NaN
51099,1990-04-01,3,NaN
51099,1990-05-01,3,NaN
51099,1990-06-01,3.2,NaN
51099,1990-07-01,2.5,NaN
51099,1990-08-01,4.2,NaN
51099,1990-09-01,4.2,NaN
51099,1990-10-01,4.2,NaN
51099,1990-11-01,5,NaN
51099,1990-12-01,5.3,NaN
51099,1991-01-01,6.9,NaN
51099,1991-02-01,7.9,NaN
51099,1991-03-01,7.3,4.47
51099,1991-04-01,6.7,4.40
51099,1991-05-01,5.5,3.60
51099,1991-06-01,5.6,3.03
51099,1991-07-01,5.1,2.50
51099,1991-08-01,4.6,1.80
51099,1991-09-01,5.7,1.50
51099,1991-10-01,6.3,1.33
51099,1991-11-01,6.9,1.83
51099,1991-12-01,7.4,2.03
51099,1992-01-01,9.1,2.70
51099,1992-02-01,10.4,3.87
51099,1992-03-01,10.1,4.77
51099,1992-04-01,8,4.40
51099,1992-05-01,7.4,3.40
51099,1992-06-01,8.5,2.87
51099,1992-07-01,7.3,2.63
51099,1992-08-01,7.6,2.70
51099,1992-09-01,7.3,2.27
51099,1992-10-01,6.1,1.47
51099,1992-11-01,5.8,0.10
51099,1992-12-01,5.5,0.00
51099,1993-01-01,7.2,0.37
51099,1993-02-01,6.6,0.63
51099,1993-03-01,7.1,1.17
51099,1993-04-01,6.2,0.83
51099,1993-05-01,5.8,0.57
51099,1993-06-01,4.9,0.00
51099,1993-07-01,4.3,0.00
51099,1993-08-01,5.3,0.00
51099,1993-09-01,4.8,0.00
51099,1993-10-01,4.3,0.00
51099,1993-11-01,4.3,0.00
51099,1993-12-01,4.3,0.00
51099,1994-01-01,5.4,0.37
51099,1994-02-01,5.3,0.70
51099,1994-03-01,5.5,1.10
51099,1994-04-01,3.8,0.57
51099,1994-05-01,3.5,0.00
51099,1994-06-01,3,0.00
51099,1994-07-01,2.9,0.00
51099,1994-08-01,3.2,0.00
51099,1994-09-01,3.6,0.20
51099,1994-10-01,3.9,0.53
51099,1994-11-01,3.2,0.53
51099,1994-12-01,3.4,0.47
51099,1995-01-01,5,0.83
51099,1995-02-01,5,1.43
51099,1995-03-01,5.4,2.10
51099,1995-04-01,4,1.77
51099,1995-05-01,3.8,1.37
51099,1995-06-01,4.8,1.17
51099,1995-07-01,4.3,1.27
51099,1995-08-01,3.6,1.20
51099,1995-09-01,4.4,0.87
51099,1995-10-01,3.9,0.47
51099,1995-11-01,3.4,0.40
51099,1995-12-01,3.8,0.20
51099,1996-01-01,5.2,0.43
51099,1996-02-01,5.6,1.17
51099,1996-03-01,5.1,1.60
51099,1996-04-01,4.3,1.30
51099,1996-05-01,4,0.77
51099,1996-06-01,3.9,0.37
51099,1996-07-01,4,0.27
51099,1996-08-01,3.3,0.03
51099,1996-09-01,2.9,0.00
51099,1996-10-01,3,0.00
51099,1996-11-01,2.9,0.00
51099,1996-12-01,3.2,0.10
51099,1997-01-01,5.3,0.87
51099,1997-02-01,4.8,1.50
51099,1997-03-01,4.1,1.80
51099,1997-04-01,3.6,1.23
51099,1997-05-01,3.3,0.73
51099,1997-06-01,3,0.37
51099,1997-07-01,2.1,0.00
51099,1997-08-01,1.9,0.00
51099,1997-09-01,2.1,0.00
51099,1997-10-01,2.2,0.03
51099,1997-11-01,2.2,0.13
51099,1997-12-01,2.8,0.37
51099,1998-01-01,3.6,0.83
51099,1998-02-01,3.6,1.30
51099,1998-03-01,3.3,1.47
51099,1998-04-01,1.8,0.87
51099,1998-05-01,2.1,0.37
51099,1998-06-01,2.3,0.03
51099,1998-07-01,2.9,0.40
51099,1998-08-01,2.4,0.50
51099,1998-09-01,1.8,0.33
51099,1998-10-01,1.5,0.00
51099,1998-11-01,2,0.00
51099,1998-12-01,1.4,0.00
51099,1999-01-01,2.4,0.30
51099,1999-02-01,2.6,0.50
51099,1999-03-01,2.2,0.77
51099,1999-04-01,1.7,0.53
51099,1999-05-01,1.5,0.17
51099,1999-06-01,1.8,0.03
51099,1999-07-01,1.2,0.00
51099,1999-08-01,1.4,0.00
51099,1999-09-01,1.8,0.00
51099,1999-10-01,2.3,0.37
51099,1999-11-01,1.7,0.47
51099,1999-12-01,1.5,0.37
51099,2000-01-01,2.5,0.43
51099,2000-02-01,2.6,0.73
51099,2000-03-01,2.3,1.00
51099,2000-04-01,1.6,0.70
51099,2000-05-01,1.9,0.47
51099,2000-06-01,2,0.37
51099,2000-07-01,1.8,0.43
51099,2000-08-01,2,0.47
51099,2000-09-01,1.8,0.40
51099,2000-10-01,1.6,0.00
51099,2000-11-01,1.6,0.00
51099,2000-12-01,1.5,0.00
51099,2001-01-01,2.1,0.17
51099,2001-02-01,2.2,0.37
51099,2001-03-01,2.2,0.60
51099,2001-04-01,2,0.57
51099,2001-05-01,2.2,0.57
51099,2001-06-01,2.4,0.63
51099,2001-07-01,2.4,0.77
51099,2001-08-01,2.8,0.97
51099,2001-09-01,2.6,1.03
51099,2001-10-01,2.7,1.13
51099,2001-11-01,2.8,1.13
51099,2001-12-01,2.7,1.17
51099,2002-01-01,3.5,1.27
51099,2002-02-01,3.6,1.33
51099,2002-03-01,3.4,1.37
51099,2002-04-01,3.1,1.23
51099,2002-05-01,3.1,1.07
51099,2002-06-01,3.2,0.93
51099,2002-07-01,3,0.77
51099,2002-08-01,3.2,0.60
51099,2002-09-01,2.8,0.40
51099,2002-10-01,2.6,0.17
51099,2002-11-01,3,0.10
51099,2002-12-01,3,0.13
51099,2003-01-01,4,0.53
51099,2003-02-01,3.9,0.83
51099,2003-03-01,3.7,1.07
51099,2003-04-01,3.4,0.87
51099,2003-05-01,3.1,0.60
51099,2003-06-01,3.6,0.57
51099,2003-07-01,3.1,0.47
51099,2003-08-01,3.1,0.47
51099,2003-09-01,2.9,0.23
51099,2003-10-01,2.7,0.10
51099,2003-11-01,2.9,0.03
51099,2003-12-01,2.5,0.00
51099,2004-01-01,3.4,0.23
51099,2004-02-01,3.5,0.43
51099,2004-03-01,3.3,0.70
51099,2004-04-01,2.9,0.53
51099,2004-05-01,3,0.37
51099,2004-06-01,3.3,0.37
51099,2004-07-01,3,0.40
51099,2004-08-01,3,0.40
51099,2004-09-01,2.8,0.23
51099,2004-10-01,3,0.23
51099,2004-11-01,3,0.23
51099,2004-12-01,3,0.30
51099,2005-01-01,3.6,0.27
51099,2005-02-01,3.7,0.50
51099,2005-03-01,3.4,0.63
51099,2005-04-01,3.2,0.50
51099,2005-05-01,3.3,0.37
51099,2005-06-01,3.7,0.47
51099,2005-07-01,3.3,0.50
51099,2005-08-01,3.3,0.50
51099,2005-09-01,3.1,0.30
51099,2005-10-01,3,0.20
51099,2005-11-01,3.1,0.13
51099,2005-12-01,3.1,0.07
51099,2006-01-01,3.6,0.20
51099,2006-02-01,3.6,0.37
51099,2006-03-01,3.3,0.43
51099,2006-04-01,3.1,0.27
51099,2006-05-01,3.2,0.13
51099,2006-06-01,3.5,0.20
51099,2006-07-01,3.6,0.37
51099,2006-08-01,3.6,0.50
51099,2006-09-01,3.2,0.40
51099,2006-10-01,3.1,0.23
51099,2006-11-01,3.3,0.13
51099,2006-12-01,3.2,0.13
51099,2007-01-01,3.8,0.23
51099,2007-02-01,3.9,0.43
51099,2007-03-01,3.5,0.53
51099,2007-04-01,3.1,0.30
51099,2007-05-01,3.1,0.03
51099,2007-06-01,3.5,0.03
51099,2007-07-01,3.5,0.17
51099,2007-08-01,3.6,0.33
51099,2007-09-01,3.6,0.37
51099,2007-10-01,3.6,0.40
51099,2007-11-01,3.7,0.43
51099,2007-12-01,4,0.57
51099,2008-01-01,4.9,0.97
51099,2008-02-01,4.9,1.37
51099,2008-03-01,4.9,1.67
51099,2008-04-01,4.4,1.50
51099,2008-05-01,5,1.53
51099,2008-06-01,5.1,1.60
51099,2008-07-01,5.1,1.70
51099,2008-08-01,5.5,1.70
51099,2008-09-01,5.3,1.73
51099,2008-10-01,5.3,1.77
51099,2008-11-01,5.8,1.83
51099,2008-12-01,6.6,2.13
51099,2009-01-01,7.7,2.50
51099,2009-02-01,8,2.83
51099,2009-03-01,7.9,3.13
51099,2009-04-01,7.2,2.97
51099,2009-05-01,7.4,2.73
51099,2009-06-01,7.5,2.53
51099,2009-07-01,7.5,2.40
51099,2009-08-01,7.3,2.20
51099,2009-09-01,7.7,2.20
51099,2009-10-01,7.7,2.20
51099,2009-11-01,7.9,2.30
51099,2009-12-01,8.2,2.03
51099,2010-01-01,8,1.33
51099,2010-02-01,7.9,0.67
51099,2010-03-01,7.6,0.47
51099,2010-04-01,6.8,0.07
51099,2010-05-01,6.8,0.00
51099,2010-06-01,6.9,0.00
51099,2010-07-01,6.8,0.00
51099,2010-08-01,6.8,0.00
51099,2010-09-01,6.8,0.00
51099,2010-10-01,6.6,0.00
51099,2010-11-01,6.8,0.00
51099,2010-12-01,6.6,0.00
51099,2011-01-01,7.2,0.20
51099,2011-02-01,7.2,0.33
51099,2011-03-01,6.7,0.37
51099,2011-04-01,6.2,0.03
51099,2011-05-01,6.5,0.00
51099,2011-06-01,6.8,0.03
51099,2011-07-01,6.6,0.17
51099,2011-08-01,6.8,0.27
51099,2011-09-01,6.6,0.20
51099,2011-10-01,6.5,0.17
51099,2011-11-01,6.3,0.00
51099,2011-12-01,6.4,0.00
51099,2012-01-01,6.9,0.13
51099,2012-02-01,6.9,0.33
51099,2012-03-01,6.5,0.37
51099,2012-04-01,6,0.07
51099,2012-05-01,6.3,0.00
51099,2012-06-01,6.4,0.00
51099,2012-07-01,6.5,0.17
51099,2012-08-01,6.4,0.20
51099,2012-09-01,6,0.07
51099,2012-10-01,5.7,0.00
51099,2012-11-01,5.5,0.00
51099,2012-12-01,5.7,0.00
51099,2013-01-01,6.5,0.27
51099,2013-02-01,6.1,0.47
51099,2013-03-01,5.8,0.50
51099,2013-04-01,5.3,0.10
51099,2013-05-01,5.5,0.00
51099,2013-06-01,5.6,0.00
51099,2013-07-01,5.5,0.07
51099,2013-08-01,5.5,0.07
51099,2013-09-01,5.5,0.03
51099,2013-10-01,5.7,0.10
51099,2013-11-01,5.2,0.00
51099,2013-12-01,5.1,0.00
51099,2014-01-01,5.8,0.03
51099,2014-02-01,5.9,0.27
51099,2014-03-01,5.7,0.47
51099,2014-04-01,4.9,0.17
51099,2014-05-01,5.1,0.00
51099,2014-06-01,5,0.00
51099,2014-07-01,5.2,0.10
51099,2014-08-01,5.4,0.20
51099,2014-09-01,5.2,0.27
51099,2014-10-01,4.9,0.17
51099,2014-11-01,4.9,0.00
51099,2014-12-01,4.8,0.00
51099,2015-01-01,5.5,0.20
51099,2015-02-01,5.5,0.40
51099,2015-03-01,5.3,0.57
51099,2015-04-01,4.4,0.20
51099,2015-05-01,4.8,0.00
51099,2015-06-01,4.7,0.00
51099,2015-07-01,4.5,0.03
51099,2015-08-01,4.4,0.00
51099,2015-09-01,4.4,0.00
51099,2015-10-01,4.2,0.00
51099,2015-11-01,4.2,0.00
51099,2015-12-01,4,0.00
51099,2016-01-01,4.2,0.00
51099,2016-02-01,4.3,0.03
51099,2016-03-01,4.2,0.10
51099,2016-04-01,3.6,0.00
51099,2016-05-01,3.8,0.00
51099,2016-06-01,4.1,0.00
51099,2016-07-01,4,0.13
51099,2016-08-01,4.1,0.23
51099,2016-09-01,3.9,0.17
51099,2016-10-01,3.8,0.10
51099,2016-11-01,3.8,0.00
51099,2016-12-01,3.6,0.00
51099,2017-01-01,4.2,0.13
51099,2017-02-01,4.1,0.23
51099,2017-03-01,3.9,0.33
51099,2017-04-01,3.5,0.10
51099,2017-05-01,3.6,0.00
51099,2017-06-01,3.6,0.00
51099,2017-07-01,3.6,0.03
51099,2017-08-01,3.7,0.07
51099,2017-09-01,3.4,0.00
51099,2017-10-01,3.2,0.00
51099,2017-11-01,3.2,0.00
51099,2017-12-01,3,0.00
51099,2018-01-01,3.6,0.13
51099,2018-02-01,3.4,0.20
51099,2018-03-01,3.1,0.23
51099,2018-04-01,2.8,0.00
51099,2018-05-01,2.9,0.00
51099,2018-06-01,3,0.00
51099,2018-07-01,2.9,0.03
51099,2018-08-01,3,0.07
51099,2018-09-01,2.7,0.00
51099,2018-10-01,2.5,0.00
51099,2018-11-01,2.5,0.00
51099,2018-12-01,2.5,0.00
51099,2019-01-01,3.3,0.27
51099,2019-02-01,3,0.43
51099,2019-03-01,2.7,0.50
51099,2019-04-01,2.3,0.17
51099,2019-05-01,2.5,0.00
51099,2019-06-01,2.5,0.00
51099,2019-07-01,2.5,0.07
51099,2019-08-01,2.6,0.10
51099,2019-09-01,2.4,0.07
51099,2019-10-01,2.4,0.03
51099,2019-11-01,2.4,0.00
51099,2019-12-01,2.2,0.00
51099,2020-01-01,2.7,0.10
51099,2020-02-01,2.5,0.13
51099,2020-03-01,3.1,0.43
51099,2020-04-01,7.8,2.13
51099,2020-05-01,6.6,3.50
51099,2020-06-01,6.9,4.77
51099,2020-07-01,6.3,4.27
51099,2020-08-01,5.1,3.77
51099,2020-09-01,4.3,2.90
51099,2020-10-01,3.7,2.03
51099,2020-11-01,3.6,1.53
51099,2020-12-01,3.4,1.23
51099,2021-01-01,3.8,1.17
51099,2021-02-01,3.6,1.13
51099,2021-03-01,3.5,0.87
51099,2021-04-01,2.9,0.00
51099,2021-05-01,3.1,0.00
51099,2021-06-01,3.6,0.03
51099,2021-07-01,3.1,0.10
51099,2021-08-01,2.9,0.03
51099,2021-09-01,2.4,0.00
51099,2021-10-01,2.2,0.00
51099,2021-11-01,1.7,0.00
51099,2021-12-01,2.3,0.00
51099,2022-01-01,2.3,0.03
51099,2022-02-01,2.3,0.23
51099,2022-03-01,2.4,0.27
51099,2022-04-01,2.1,0.20
51099,2022-05-01,2.5,0.27
51099,2022-06-01,2.7,0.37
51099,2022-07-01,2.6,0.53
51099,2022-08-01,3,0.70
51099,2022-09-01,2.5,0.63
51099,2022-10-01,2.5,0.60
51099,2022-11-01,2.5,0.43
51099,2022-12-01,2.2,0.33
51099,2023-01-01,2.8,0.40
51099,2023-02-01,2.8,0.33
51099,2023-03-01,2.5,0.43
51099,2023-04-01,2.1,0.20
51099,2023-05-01,2.4,0.00
51099,2023-06-01,2.6,0.03
51099,2023-07-01,2.6,0.20
51099,2023-08-01,2.8,0.33
51099,2023-09-01,2.6,0.33
51099,2023-10-01,2.6,0.33
51099,2023-11-01,2.5,0.23
51099,2023-12-01,2.3,0.13
51099,2024-01-01,2.6,0.13
51099,2024-02-01,2.8,0.23
51099,2024-03-01,2.5,0.30
51099,2024-04-01,2.3,0.20
51099,2024-05-01,2.7,0.17
51099,2024-06-01,3,0.30
51099,2024-07-01,3.1,0.47
51099,2024-08-01,3.2,0.63
51099,2024-09-01,2.8,0.57
51099,2024-10-01,2.8,0.47
51099,2024-11-01,2.9,0.37
51099,2024-12-01,2.6,0.30
51099,2025-01-01,3.1,0.40
51099,2025-02-01,3.2,0.47
51099,2025-03-01,3,0.60
51099,2025-04-01,2.8,0.50
51099,2025-05-01,3.1,0.47
51099,2025-06-01,3.2,0.37
51099,2025-07-01,3.1,0.37
51099,2025-08-01,3.2,0.40
51099,2025-09-01,2.9,0.30
51099,2025-10-01,3.4,0.40
51099,2025-11-01,3.9,0.63
51099,2025-12-01,3.5,0.83
51099,2026-01-01,3.8,0.87
51099,2026-02-01,3.9,0.77
51099,2026-03-01,3.7,0.83
51099,2026-04-01,3.3,0.67
51099,2026-05-01,3.5,0.53
51099,2026-06-01,3.8,0.50
51099,2026-07-01,3.4,0.50
51099,2026-08-01,3.3,0.43
51101,1990-01-01,4.3,NaN
51101,1990-02-01,3.5,NaN
51101,1990-03-01,3.4,NaN
51101,1990-04-01,2.6,NaN
51101,1990-05-01,2.9,NaN
51101,1990-06-01,2.9,NaN
51101,1990-07-01,2.3,NaN
51101,1990-08-01,3.2,NaN
51101,1990-09-01,2.9,NaN
51101,1990-10-01,2.6,NaN
51101,1990-11-01,2.9,NaN
51101,1990-12-01,3.7,NaN
51101,1991-01-01,6.3,NaN
51101,1991-02-01,6.6,NaN
51101,1991-03-01,5.8,3.53
51101,1991-04-01,4,2.77
51101,1991-05-01,4.7,2.13
51101,1991-06-01,4.3,1.63
51101,1991-07-01,4.3,1.73
51101,1991-08-01,4.9,1.70
51101,1991-09-01,4.4,1.73
51101,1991-10-01,4.8,1.90
51101,1991-11-01,4.3,1.70
51101,1991-12-01,4.7,1.53
51101,1992-01-01,5.6,0.57
51101,1992-02-01,6.4,1.23
51101,1992-03-01,5.4,1.47
51101,1992-04-01,4.3,1.03
51101,1992-05-01,5,0.57
51101,1992-06-01,5.1,0.47
51101,1992-07-01,4.6,0.47
51101,1992-08-01,4.5,0.23
51101,1992-09-01,4.4,0.00
51101,1992-10-01,4.7,0.03
51101,1992-11-01,5,0.20
51101,1992-12-01,4.5,0.23
51101,1993-01-01,5.5,0.50
51101,1993-02-01,5.6,0.70
51101,1993-03-01,4.7,0.77
51101,1993-04-01,4.4,0.40
51101,1993-05-01,4.5,0.03
51101,1993-06-01,5.2,0.20
51101,1993-07-01,3.7,0.00
51101,1993-08-01,4,0.00
51101,1993-09-01,3.7,0.00
51101,1993-10-01,3.4,0.00
51101,1993-11-01,3.7,0.00
51101,1993-12-01,3.6,0.00
51101,1994-01-01,5.4,0.67
51101,1994-02-01,5,1.10
51101,1994-03-01,4.6,1.43
51101,1994-04-01,4.2,1.03
51101,1994-05-01,3.9,0.67
51101,1994-06-01,4.5,0.63
51101,1994-07-01,4,0.57
51101,1994-08-01,5.1,0.97
51101,1994-09-01,4.9,1.10
51101,1994-10-01,4,1.10
51101,1994-11-01,3.8,0.67
51101,1994-12-01,4.1,0.40
51101,1995-01-01,4.6,0.20
51101,1995-02-01,4.1,0.30
51101,1995-03-01,3.5,0.10
51101,1995-04-01,3,0.00
51101,1995-05-01,2.7,0.00
51101,1995-06-01,3.7,0.07
51101,1995-07-01,3.1,0.10
51101,1995-08-01,3.3,0.30
51101,1995-09-01,3.8,0.33
51101,1995-10-01,3,0.30
51101,1995-11-01,3.3,0.30
51101,1995-12-01,3.6,0.23
51101,1996-01-01,5.2,0.97
51101,1996-02-01,5.3,1.63
51101,1996-03-01,4.4,1.90
51101,1996-04-01,3.9,1.47
51101,1996-05-01,4,1.03
51101,1996-06-01,3.6,0.70
51101,1996-07-01,3.8,0.63
51101,1996-08-01,4.2,0.57
51101,1996-09-01,3.7,0.60
51101,1996-10-01,4.2,0.73
51101,1996-11-01,4.3,0.77
51101,1996-12-01,4.8,1.13
51101,1997-01-01,6.2,1.30
51101,1997-02-01,6.3,1.97
51101,1997-03-01,5.3,2.13
51101,1997-04-01,4.2,1.47
51101,1997-05-01,3.8,0.63
51101,1997-06-01,4.4,0.33
51101,1997-07-01,3.6,0.13
51101,1997-08-01,3.3,0.00
51101,1997-09-01,3.2,0.00
51101,1997-10-01,2.9,0.00
51101,1997-11-01,2.6,0.00
51101,1997-12-01,2.9,0.00
51101,1998-01-01,4,0.37
51101,1998-02-01,4.1,0.87
51101,1998-03-01,3.3,1.00
51101,1998-04-01,2.5,0.50
51101,1998-05-01,2.9,0.10
51101,1998-06-01,3.4,0.13
51101,1998-07-01,2.9,0.27
51101,1998-08-01,3,0.30
51101,1998-09-01,2.9,0.13
51101,1998-10-01,2.2,0.00
51101,1998-11-01,2.5,0.00
51101,1998-12-01,2,0.00
51101,1999-01-01,2.9,0.23
51101,1999-02-01,3,0.40
51101,1999-03-01,2.7,0.63
51101,1999-04-01,1.9,0.30
51101,1999-05-01,2.1,0.00
51101,1999-06-01,2.4,0.00
51101,1999-07-01,2.4,0.17
51101,1999-08-01,2.6,0.33
51101,1999-09-01,2.5,0.37
51101,1999-10-01,2,0.23
51101,1999-11-01,1.4,0.00
51101,1999-12-01,1.8,0.00
51101,2000-01-01,2.2,0.07
51101,2000-02-01,2.5,0.43
51101,2000-03-01,2.2,0.57
51101,2000-04-01,1.8,0.43
51101,2000-05-01,1.9,0.23
51101,2000-06-01,2.2,0.23
51101,2000-07-01,1.8,0.23
51101,2000-08-01,1.8,0.20
51101,2000-09-01,1.6,0.00
51101,2000-10-01,1.5,0.00
51101,2000-11-01,1.6,0.00
51101,2000-12-01,1.6,0.00
51101,2001-01-01,2.3,0.27
51101,2001-02-01,2.3,0.50
51101,2001-03-01,2.5,0.80
51101,2001-04-01,2.3,0.80
51101,2001-05-01,2.5,0.87
51101,2001-06-01,2.8,0.97
51101,2001-07-01,2.6,1.07
51101,2001-08-01,3.4,1.37
51101,2001-09-01,3.2,1.50
51101,2001-10-01,3.4,1.77
51101,2001-11-01,3.6,1.83
51101,2001-12-01,3.6,1.97
51101,2002-01-01,4.3,2.00
51101,2002-02-01,4.3,2.00
51101,2002-03-01,3.9,1.80
51101,2002-04-01,3.5,1.53
51101,2002-05-01,3.2,1.10
51101,2002-06-01,3.7,0.93
51101,2002-07-01,3.3,0.77
51101,2002-08-01,3.6,0.60
51101,2002-09-01,3.3,0.33
51101,2002-10-01,3.1,0.00
51101,2002-11-01,3.8,0.07
51101,2002-12-01,3.6,0.17
51101,2003-01-01,4,0.47
51101,2003-02-01,4.1,0.57
51101,2003-03-01,4,0.70
51101,2003-04-01,3.4,0.50
51101,2003-05-01,3.4,0.27
51101,2003-06-01,3.8,0.20
51101,2003-07-01,3.6,0.27
51101,2003-08-01,3.6,0.33
51101,2003-09-01,3.3,0.17
51101,2003-10-01,3.3,0.07
51101,2003-11-01,3.7,0.03
51101,2003-12-01,3.5,0.10
51101,2004-01-01,4.1,0.37
51101,2004-02-01,3.8,0.40
51101,2004-03-01,3.3,0.33
51101,2004-04-01,2.9,0.00
51101,2004-05-01,3.3,0.00
51101,2004-06-01,3.6,0.10
51101,2004-07-01,3,0.13
51101,2004-08-01,3.3,0.13
51101,2004-09-01,3.1,0.00
51101,2004-10-01,3,0.00
51101,2004-11-01,3.4,0.03
51101,2004-12-01,3.6,0.20
51101,2005-01-01,3.9,0.50
51101,2005-02-01,4.1,0.73
51101,2005-03-01,3.4,0.67
51101,2005-04-01,3.1,0.40
51101,2005-05-01,3.3,0.13
51101,2005-06-01,3.6,0.20
51101,2005-07-01,3.3,0.27
51101,2005-08-01,3.5,0.33
51101,2005-09-01,3.2,0.20
51101,2005-10-01,2.9,0.07
51101,2005-11-01,3.5,0.03
51101,2005-12-01,3.4,0.07
51101,2006-01-01,3.4,0.23
51101,2006-02-01,3.2,0.13
51101,2006-03-01,2.9,0.00
51101,2006-04-01,2.5,0.00
51101,2006-05-01,2.6,0.00
51101,2006-06-01,2.8,0.00
51101,2006-07-01,2.9,0.13
51101,2006-08-01,2.8,0.20
51101,2006-09-01,2.4,0.07
51101,2006-10-01,2.1,0.00
51101,2006-11-01,2.6,0.00
51101,2006-12-01,2.6,0.07
51101,2007-01-01,3.1,0.40
51101,2007-02-01,3,0.53
51101,2007-03-01,2.6,0.53
51101,2007-04-01,2.3,0.27
51101,2007-05-01,2.4,0.07
51101,2007-06-01,2.7,0.10
51101,2007-07-01,2.7,0.23
51101,2007-08-01,2.7,0.33
51101,2007-09-01,2.6,0.30
51101,2007-10-01,2.8,0.33
51101,2007-11-01,2.8,0.37
51101,2007-12-01,3.1,0.47
51101,2008-01-01,3.8,0.80
51101,2008-02-01,3.9,1.17
51101,2008-03-01,3.2,1.20
51101,2008-04-01,2.7,0.83
51101,2008-05-01,3.2,0.60
51101,2008-06-01,3.5,0.67
51101,2008-07-01,3.7,0.87
51101,2008-08-01,4,1.07
51101,2008-09-01,3.9,1.20
51101,2008-10-01,4.1,1.30
51101,2008-11-01,4.8,1.53
51101,2008-12-01,5.4,1.87
51101,2009-01-01,6.6,2.57
51101,2009-02-01,7.6,3.50
51101,2009-03-01,7.7,4.27
51101,2009-04-01,6.7,4.30
51101,2009-05-01,7,4.10
51101,2009-06-01,7.1,3.80
51101,2009-07-01,6.7,3.47
51101,2009-08-01,6.8,3.13
51101,2009-09-01,6.6,2.83
51101,2009-10-01,7.1,2.83
51101,2009-11-01,7.3,2.73
51101,2009-12-01,7.9,2.67
51101,2010-01-01,8.2,2.20
51101,2010-02-01,8.2,1.57
51101,2010-03-01,7.8,1.37
51101,2010-04-01,7,0.97
51101,2010-05-01,6.8,0.50
51101,2010-06-01,6.8,0.17
51101,2010-07-01,7,0.17
51101,2010-08-01,7,0.23
51101,2010-09-01,6.8,0.23
51101,2010-10-01,6.4,0.00
51101,2010-11-01,6.7,0.00
51101,2010-12-01,6.9,0.03
51101,2011-01-01,7.4,0.37
51101,2011-02-01,7,0.47
51101,2011-03-01,6.6,0.37
51101,2011-04-01,6,0.00
51101,2011-05-01,6.2,0.00
51101,2011-06-01,6.6,0.00
51101,2011-07-01,6.5,0.17
51101,2011-08-01,6.8,0.37
51101,2011-09-01,6.7,0.40
51101,2011-10-01,6.3,0.33
51101,2011-11-01,6.4,0.20
51101,2011-12-01,6.4,0.10
51101,2012-01-01,7,0.33
51101,2012-02-01,6.9,0.50
51101,2012-03-01,6.3,0.47
51101,2012-04-01,5.8,0.07
51101,2012-05-01,5.9,0.00
51101,2012-06-01,6.1,0.00
51101,2012-07-01,6.3,0.17
51101,2012-08-01,6.1,0.23
51101,2012-09-01,5.6,0.07
51101,2012-10-01,5.6,0.00
51101,2012-11-01,5.6,0.00
51101,2012-12-01,5.6,0.00
51101,2013-01-01,6.3,0.23
51101,2013-02-01,5.7,0.27
51101,2013-03-01,5.4,0.20
51101,2013-04-01,5.1,0.00
51101,2013-05-01,5.4,0.00
51101,2013-06-01,5.7,0.10
51101,2013-07-01,5.7,0.30
51101,2013-08-01,5.5,0.33
51101,2013-09-01,5.3,0.20
51101,2013-10-01,5.2,0.03
51101,2013-11-01,5.2,0.00
51101,2013-12-01,5.1,0.00
51101,2014-01-01,5.8,0.20
51101,2014-02-01,5.9,0.43
51101,2014-03-01,5.4,0.53
51101,2014-04-01,4.8,0.20
51101,2014-05-01,4.9,0.00
51101,2014-06-01,4.9,0.00
51101,2014-07-01,4.9,0.03
51101,2014-08-01,5,0.07
51101,2014-09-01,4.8,0.03
51101,2014-10-01,4.5,0.00
51101,2014-11-01,4.7,0.00
51101,2014-12-01,4.5,0.00
51101,2015-01-01,5.2,0.23
51101,2015-02-01,4.8,0.27
51101,2015-03-01,4.6,0.30
51101,2015-04-01,3.9,0.00
51101,2015-05-01,4.2,0.00
51101,2015-06-01,4.1,0.00
51101,2015-07-01,4,0.03
51101,2015-08-01,4,0.00
51101,2015-09-01,3.9,0.00
51101,2015-10-01,3.8,0.00
51101,2015-11-01,3.7,0.00
51101,2015-12-01,3.5,0.00
51101,2016-01-01,4,0.07
51101,2016-02-01,3.8,0.10
51101,2016-03-01,3.9,0.23
51101,2016-04-01,3.4,0.03
51101,2016-05-01,3.5,0.00
51101,2016-06-01,3.6,0.00
51101,2016-07-01,3.8,0.13
51101,2016-08-01,3.8,0.23
51101,2016-09-01,3.9,0.33
51101,2016-10-01,3.7,0.30
51101,2016-11-01,3.6,0.23
51101,2016-12-01,3.4,0.07
51101,2017-01-01,4,0.17
51101,2017-02-01,3.8,0.23
51101,2017-03-01,3.4,0.23
51101,2017-04-01,2.9,0.00
51101,2017-05-01,3.2,0.00
51101,2017-06-01,3.4,0.00
51101,2017-07-01,3.3,0.13
51101,2017-08-01,3.4,0.20
51101,2017-09-01,3.1,0.10
51101,2017-10-01,3.1,0.03
51101,2017-11-01,3,0.00
51101,2017-12-01,2.9,0.00
51101,2018-01-01,3.3,0.07
51101,2018-02-01,3,0.07
51101,2018-03-01,3,0.10
51101,2018-04-01,2.5,0.00
51101,2018-05-01,2.7,0.00
51101,2018-06-01,3,0.00
51101,2018-07-01,3.1,0.20
51101,2018-08-01,3,0.30
51101,2018-09-01,2.8,0.23
51101,2018-10-01,2.7,0.10
51101,2018-11-01,2.7,0.00
51101,2018-12-01,2.7,0.00
51101,2019-01-01,3.4,0.23
51101,2019-02-01,3.2,0.40
51101,2019-03-01,2.8,0.43
51101,2019-04-01,2.2,0.03
51101,2019-05-01,2.4,0.00
51101,2019-06-01,2.5,0.00
51101,2019-07-01,2.6,0.13
51101,2019-08-01,2.7,0.23
51101,2019-09-01,2.6,0.27
51101,2019-10-01,2.5,0.23
51101,2019-11-01,2.3,0.10
51101,2019-12-01,2.2,0.00
51101,2020-01-01,2.7,0.07
51101,2020-02-01,2.5,0.13
51101,2020-03-01,3,0.40
51101,2020-04-01,9.4,2.63
51101,2020-05-01,8.2,4.53
51101,2020-06-01,8.3,6.30
51101,2020-07-01,7.3,5.60
51101,2020-08-01,6.1,4.90
51101,2020-09-01,5.2,3.87
51101,2020-10-01,4.4,2.90
51101,2020-11-01,4,2.20
51101,2020-12-01,3.8,1.73
51101,2021-01-01,4.1,1.57
51101,2021-02-01,4,1.50
51101,2021-03-01,3.9,1.27
51101,2021-04-01,3.3,0.00
51101,2021-05-01,3.4,0.00
51101,2021-06-01,3.7,0.00
51101,2021-07-01,3.3,0.00
51101,2021-08-01,3.4,0.00
51101,2021-09-01,2.9,0.00
51101,2021-10-01,2.6,0.00
51101,2021-11-01,1.7,0.00
51101,2021-12-01,2.2,0.00
51101,2022-01-01,2.4,0.00
51101,2022-02-01,2.3,0.20
51101,2022-03-01,2.2,0.20
51101,2022-04-01,2.1,0.10
51101,2022-05-01,2.5,0.17
51101,2022-06-01,2.6,0.30
51101,2022-07-01,2.5,0.43
51101,2022-08-01,3,0.60
51101,2022-09-01,2.6,0.60
51101,2022-10-01,2.5,0.60
51101,2022-11-01,2.5,0.43
51101,2022-12-01,2.1,0.27
51101,2023-01-01,2.7,0.33
51101,2023-02-01,2.6,0.27
51101,2023-03-01,2.5,0.40
51101,2023-04-01,2.1,0.20
51101,2023-05-01,2.5,0.10
51101,2023-06-01,2.6,0.03
51101,2023-07-01,2.5,0.17
51101,2023-08-01,2.7,0.23
51101,2023-09-01,2.6,0.23
51101,2023-10-01,2.4,0.20
51101,2023-11-01,2.4,0.10
51101,2023-12-01,2.1,0.00
51101,2024-01-01,2.6,0.07
51101,2024-02-01,2.6,0.13
51101,2024-03-01,2.3,0.20
51101,2024-04-01,2.3,0.10
51101,2024-05-01,2.6,0.10
51101,2024-06-01,2.8,0.27
51101,2024-07-01,2.8,0.43
51101,2024-08-01,2.9,0.53
51101,2024-09-01,2.7,0.50
51101,2024-10-01,2.7,0.47
51101,2024-11-01,2.9,0.47
51101,2024-12-01,2.5,0.40
51101,2025-01-01,3.1,0.47
51101,2025-02-01,3,0.47
51101,2025-03-01,2.9,0.60
51101,2025-04-01,2.7,0.47
51101,2025-05-01,2.8,0.40
51101,2025-06-01,2.9,0.23
51101,2025-07-01,2.8,0.13
51101,2025-08-01,2.9,0.17
51101,2025-09-01,2.6,0.07
51101,2025-10-01,2.95,0.12
51101,2025-11-01,3.3,0.25
51101,2025-12-01,2.8,0.32
51101,2026-01-01,3.3,0.37
51101,2026-02-01,3.3,0.37
51101,2026-03-01,3.2,0.50
51101,2026-04-01,2.8,0.33
51101,2026-05-01,3,0.23
51101,2026-06-01,3.3,0.27
51101,2026-07-01,3,0.33
51101,2026-08-01,3,0.33
51103,1990-01-01,25.8,NaN
51103,1990-02-01,25.1,NaN
51103,1990-03-01,19.7,NaN
51103,1990-04-01,15.1,NaN
51103,1990-05-01,6.3,NaN
51103,1990-06-01,5.6,NaN
51103,1990-07-01,3.9,NaN
51103,1990-08-01,5,NaN
51103,1990-09-01,5.3,NaN
51103,1990-10-01,3.4,NaN
51103,1990-11-01,6.5,NaN
51103,1990-12-01,8.6,NaN
51103,1991-01-01,24.9,NaN
51103,1991-02-01,23.6,NaN
51103,1991-03-01,20,18.27
51103,1991-04-01,13.1,14.33
51103,1991-05-01,8.2,9.20
51103,1991-06-01,6.6,4.73
51103,1991-07-01,6.3,2.47
51103,1991-08-01,6.8,2.00
51103,1991-09-01,6.4,1.93
51103,1991-10-01,6,1.83
51103,1991-11-01,6.9,1.37
51103,1991-12-01,11.5,1.97
51103,1992-01-01,28,9.07
51103,1992-02-01,29.3,16.53
51103,1992-03-01,25.9,21.33
51103,1992-04-01,16.4,17.47
51103,1992-05-01,11.1,11.40
51103,1992-06-01,9.6,5.97
51103,1992-07-01,8.5,3.33
51103,1992-08-01,7.9,2.27
51103,1992-09-01,8.3,1.83
51103,1992-10-01,6.4,1.13
51103,1992-11-01,8.3,1.23
51103,1992-12-01,13.2,1.77
51103,1993-01-01,27.4,8.77
51103,1993-02-01,27.6,15.20
51103,1993-03-01,25,19.13
51103,1993-04-01,17.1,15.70
51103,1993-05-01,11.7,10.40
51103,1993-06-01,10.2,5.47
51103,1993-07-01,8.3,2.53
51103,1993-08-01,9.3,1.73
51103,1993-09-01,8.3,1.10
51103,1993-10-01,7.8,0.93
51103,1993-11-01,7.7,0.27
51103,1993-12-01,15.3,2.33
51103,1994-01-01,26.4,8.53
51103,1994-02-01,26.8,14.90
51103,1994-03-01,25.3,18.23
51103,1994-04-01,18.1,15.47
51103,1994-05-01,8.4,9.33
51103,1994-06-01,7.8,3.50
51103,1994-07-01,5.6,0.00
51103,1994-08-01,7.1,0.00
51103,1994-09-01,6.8,0.00
51103,1994-10-01,5.7,0.03
51103,1994-11-01,7,0.00
51103,1994-12-01,17.8,3.67
51103,1995-01-01,26.6,10.63
51103,1995-02-01,25.8,16.90
51103,1995-03-01,22.4,18.43
51103,1995-04-01,16.9,15.20
51103,1995-05-01,14.9,11.57
51103,1995-06-01,8.9,7.07
51103,1995-07-01,6,3.43
51103,1995-08-01,7.1,0.83
51103,1995-09-01,6.2,0.00
51103,1995-10-01,5,0.00
51103,1995-11-01,7.5,0.13
51103,1995-12-01,12.8,2.33
51103,1996-01-01,24.7,8.90
51103,1996-02-01,25.5,14.90
51103,1996-03-01,21.4,17.77
51103,1996-04-01,18.7,15.77
51103,1996-05-01,16.3,12.70
51103,1996-06-01,7.7,8.13
51103,1996-07-01,6.2,3.97
51103,1996-08-01,5.3,0.30
51103,1996-09-01,8.7,0.63
51103,1996-10-01,7.5,1.07
51103,1996-11-01,7.4,1.63
51103,1996-12-01,16,3.90
51103,1997-01-01,25.5,9.90
51103,1997-02-01,25.3,15.87
51103,1997-03-01,23.2,18.27
51103,1997-04-01,15.8,15.03
51103,1997-05-01,7.2,9.00
51103,1997-06-01,8.6,4.13
51103,1997-07-01,5.5,0.70
51103,1997-08-01,5.4,0.10
51103,1997-09-01,5,0.00
51103,1997-10-01,3.8,0.00
51103,1997-11-01,4.3,0.00
51103,1997-12-01,9,1.33
51103,1998-01-01,20.8,7.00
51103,1998-02-01,20.3,12.33
51103,1998-03-01,18.4,15.47
51103,1998-04-01,10.7,12.10
51103,1998-05-01,9.4,8.47
51103,1998-06-01,6.6,4.53
51103,1998-07-01,5.6,2.83
51103,1998-08-01,5.7,1.60
51103,1998-09-01,5.1,1.10
51103,1998-10-01,4.7,0.80
51103,1998-11-01,6.2,0.97
51103,1998-12-01,8.7,1.37
51103,1999-01-01,18.2,5.87
51103,1999-02-01,19.4,10.27
51103,1999-03-01,16.6,12.90
51103,1999-04-01,10.7,10.40
51103,1999-05-01,9.3,7.03
51103,1999-06-01,6.2,3.57
51103,1999-07-01,4.8,1.60
51103,1999-08-01,5.2,0.23
51103,1999-09-01,4.3,0.00
51103,1999-10-01,3.9,0.00
51103,1999-11-01,4.9,0.00
51103,1999-12-01,8.1,1.27
51103,2000-01-01,12.5,4.13
51103,2000-02-01,10.9,6.13
51103,2000-03-01,7.3,5.87
51103,2000-04-01,6.3,3.80
51103,2000-05-01,5.4,1.97
51103,2000-06-01,4.1,0.90
51103,2000-07-01,4,0.13
51103,2000-08-01,3.8,0.00
51103,2000-09-01,3.1,0.00
51103,2000-10-01,2.9,0.00
51103,2000-11-01,3.9,0.03
51103,2000-12-01,5.3,0.77
51103,2001-01-01,10.4,3.27
51103,2001-02-01,9.4,5.10
51103,2001-03-01,8.8,6.27
51103,2001-04-01,6.9,5.10
51103,2001-05-01,5.4,3.77
51103,2001-06-01,4.3,2.27
51103,2001-07-01,4,1.30
51103,2001-08-01,4,0.83
51103,2001-09-01,3.7,0.63
51103,2001-10-01,3.9,0.60
51103,2001-11-01,5.9,1.20
51103,2001-12-01,6.9,1.70
51103,2002-01-01,11.1,4.10
51103,2002-02-01,10.2,5.53
51103,2002-03-01,10,6.57
51103,2002-04-01,7.4,5.33
51103,2002-05-01,6.3,4.03
51103,2002-06-01,5.2,2.43
51103,2002-07-01,4.8,1.57
51103,2002-08-01,4.6,1.00
51103,2002-09-01,4.1,0.63
51103,2002-10-01,3.8,0.30
51103,2002-11-01,4.6,0.00
51103,2002-12-01,4.9,0.27
51103,2003-01-01,9.1,2.03
51103,2003-02-01,9,3.50
51103,2003-03-01,8.3,4.63
51103,2003-04-01,6.2,3.67
51103,2003-05-01,5.6,2.53
51103,2003-06-01,4.8,1.37
51103,2003-07-01,4.2,0.70
51103,2003-08-01,4.1,0.20
51103,2003-09-01,3.7,0.00
51103,2003-10-01,3.5,0.00
51103,2003-11-01,3.9,0.00
51103,2003-12-01,4.4,0.23
51103,2004-01-01,8.3,1.83
51103,2004-02-01,8.2,3.27
51103,2004-03-01,8,4.47
51103,2004-04-01,5.7,3.60
51103,2004-05-01,5.1,2.57
51103,2004-06-01,5,1.57
51103,2004-07-01,4.6,1.20
51103,2004-08-01,4.5,1.00
51103,2004-09-01,4.3,0.77
51103,2004-10-01,4.2,0.63
51103,2004-11-01,4.6,0.67
51103,2004-12-01,5.1,0.70
51103,2005-01-01,8.8,1.83
51103,2005-02-01,8.7,3.20
51103,2005-03-01,7,3.83
51103,2005-04-01,5.6,2.77
51103,2005-05-01,5.5,1.70
51103,2005-06-01,5.1,1.07
51103,2005-07-01,4.5,0.70
51103,2005-08-01,4.4,0.33
51103,2005-09-01,4.4,0.10
51103,2005-10-01,4,0.00
51103,2005-11-01,4.1,0.00
51103,2005-12-01,4.2,0.00
51103,2006-01-01,6,0.67
51103,2006-02-01,6.8,1.57
51103,2006-03-01,5.6,2.03
51103,2006-04-01,4.7,1.60
51103,2006-05-01,4.2,0.73
51103,2006-06-01,4,0.20
51103,2006-07-01,3.7,0.00
51103,2006-08-01,3.8,0.00
51103,2006-09-01,3.6,0.00
51103,2006-10-01,3.3,0.00
51103,2006-11-01,3.6,0.00
51103,2006-12-01,3.6,0.00
51103,2007-01-01,6.9,1.20
51103,2007-02-01,6.9,2.30
51103,2007-03-01,5.5,2.93
51103,2007-04-01,4.5,2.13
51103,2007-05-01,4.4,1.30
51103,2007-06-01,4,0.80
51103,2007-07-01,3.6,0.50
51103,2007-08-01,3.6,0.23
51103,2007-09-01,3.6,0.10
51103,2007-10-01,3.3,0.00
51103,2007-11-01,3.4,0.00
51103,2007-12-01,3.8,0.07
51103,2008-01-01,7.6,1.50
51103,2008-02-01,8.2,3.10
51103,2008-03-01,6.4,3.97
51103,2008-04-01,5.2,3.17
51103,2008-05-01,5.6,2.30
51103,2008-06-01,4.9,1.80
51103,2008-07-01,4.5,1.57
51103,2008-08-01,4.8,1.30
51103,2008-09-01,4.8,1.27
51103,2008-10-01,5,1.43
51103,2008-11-01,5.8,1.77
51103,2008-12-01,7.7,2.67
51103,2009-01-01,12.8,4.07
51103,2009-02-01,13.5,6.63
51103,2009-03-01,11.8,8.00
51103,2009-04-01,9.6,6.93
51103,2009-05-01,9.6,5.63
51103,2009-06-01,8.2,4.43
51103,2009-07-01,7.6,3.77
51103,2009-08-01,7.5,3.07
51103,2009-09-01,7.6,2.87
51103,2009-10-01,7.8,2.77
51103,2009-11-01,8.2,2.67
51103,2009-12-01,8.5,2.00
51103,2010-01-01,12.6,2.20
51103,2010-02-01,13.2,3.87
51103,2010-03-01,11.3,4.80
51103,2010-04-01,9.4,3.73
51103,2010-05-01,8.2,2.07
51103,2010-06-01,7.9,0.93
51103,2010-07-01,7.9,0.43
51103,2010-08-01,8,0.37
51103,2010-09-01,7.8,0.33
51103,2010-10-01,7.6,0.17
51103,2010-11-01,9.3,0.43
51103,2010-12-01,9,0.83
51103,2011-01-01,12.7,2.53
51103,2011-02-01,12.7,3.67
51103,2011-03-01,10.5,4.17
51103,2011-04-01,9.2,3.00
51103,2011-05-01,8.4,1.57
51103,2011-06-01,8.1,0.77
51103,2011-07-01,7.6,0.23
51103,2011-08-01,7.8,0.03
51103,2011-09-01,7.4,0.00
51103,2011-10-01,7,0.00
51103,2011-11-01,7,0.00
51103,2011-12-01,7.7,0.10
51103,2012-01-01,11.2,1.50
51103,2012-02-01,10.9,2.80
51103,2012-03-01,9,3.23
51103,2012-04-01,8,2.17
51103,2012-05-01,6.9,0.83
51103,2012-06-01,6.9,0.13
51103,2012-07-01,6.8,0.00
51103,2012-08-01,6.5,0.00
51103,2012-09-01,6.3,0.00
51103,2012-10-01,6,0.00
51103,2012-11-01,6.3,0.00
51103,2012-12-01,7,0.23
51103,2013-01-01,10.6,1.77
51103,2013-02-01,10,3.00
51103,2013-03-01,8.3,3.43
51103,2013-04-01,7,2.23
51103,2013-05-01,6.6,1.10
51103,2013-06-01,6.5,0.50
51103,2013-07-01,6.1,0.20
51103,2013-08-01,6.5,0.17
51103,2013-09-01,6.5,0.17
51103,2013-10-01,6,0.13
51103,2013-11-01,6.6,0.17
51103,2013-12-01,6.8,0.13
51103,2014-01-01,11.2,1.87
51103,2014-02-01,11,3.33
51103,2014-03-01,9.1,4.10
51103,2014-04-01,7.9,3.00
51103,2014-05-01,6.7,1.57
51103,2014-06-01,6.1,0.57
51103,2014-07-01,6.1,0.00
51103,2014-08-01,6.3,0.00
51103,2014-09-01,5.9,0.00
51103,2014-10-01,5.6,0.00
51103,2014-11-01,6.4,0.03
51103,2014-12-01,7,0.40
51103,2015-01-01,10.6,2.07
51103,2015-02-01,10.2,3.33
51103,2015-03-01,8.5,3.83
51103,2015-04-01,6.8,2.57
51103,2015-05-01,5.7,1.07
51103,2015-06-01,5.3,0.00
51103,2015-07-01,5.2,0.00
51103,2015-08-01,5,0.00
51103,2015-09-01,4.9,0.00
51103,2015-10-01,4.4,0.00
51103,2015-11-01,4.8,0.00
51103,2015-12-01,5.9,0.33
51103,2016-01-01,9.4,2.00
51103,2016-02-01,9.5,3.57
51103,2016-03-01,7.9,4.23
51103,2016-04-01,7,3.43
51103,2016-05-01,6.1,2.30
51103,2016-06-01,5.1,1.37
51103,2016-07-01,5,0.70
51103,2016-08-01,5,0.33
51103,2016-09-01,5.2,0.37
51103,2016-10-01,4.9,0.33
51103,2016-11-01,4.9,0.30
51103,2016-12-01,5.9,0.23
51103,2017-01-01,10.3,2.03
51103,2017-02-01,10.3,3.83
51103,2017-03-01,7.9,4.50
51103,2017-04-01,6.5,3.23
51103,2017-05-01,6,1.80
51103,2017-06-01,4.9,0.80
51103,2017-07-01,4.8,0.23
51103,2017-08-01,4.8,0.00
51103,2017-09-01,4.3,0.00
51103,2017-10-01,4.3,0.00
51103,2017-11-01,4.4,0.00
51103,2017-12-01,4.9,0.20
51103,2018-01-01,8.6,1.63
51103,2018-02-01,9,3.17
51103,2018-03-01,6.7,3.77
51103,2018-04-01,5.7,2.80
51103,2018-05-01,5.2,1.53
51103,2018-06-01,4.2,0.70
51103,2018-07-01,3.9,0.10
51103,2018-08-01,4,0.00
51103,2018-09-01,3.6,0.00
51103,2018-10-01,3.6,0.00
51103,2018-11-01,3.5,0.00
51103,2018-12-01,5,0.47
51103,2019-01-01,8.7,2.17
51103,2019-02-01,8.5,3.83
51103,2019-03-01,7.3,4.60
51103,2019-04-01,5.6,3.57
51103,2019-05-01,4.2,2.13
51103,2019-06-01,4,1.03
51103,2019-07-01,4.2,0.57
51103,2019-08-01,4,0.50
51103,2019-09-01,3.6,0.37
51103,2019-10-01,3.4,0.10
51103,2019-11-01,3.5,0.00
51103,2019-12-01,4.5,0.30
51103,2020-01-01,7.7,1.73
51103,2020-02-01,7.4,3.03
51103,2020-03-01,8.3,4.30
51103,2020-04-01,14.5,6.57
51103,2020-05-01,11.9,8.07
51103,2020-06-01,12.5,9.47
51103,2020-07-01,10.7,8.20
51103,2020-08-01,8.8,7.17
51103,2020-09-01,7.8,5.60
51103,2020-10-01,6.6,4.23
51103,2020-11-01,6.3,3.40
51103,2020-12-01,6,2.50
51103,2021-01-01,8.9,1.83
51103,2021-02-01,10,2.00
51103,2021-03-01,8.6,2.87
51103,2021-04-01,7.5,2.40
51103,2021-05-01,6.7,1.30
51103,2021-06-01,6.7,0.67
51103,2021-07-01,6,0.17
51103,2021-08-01,5.6,0.00
51103,2021-09-01,5,0.00
51103,2021-10-01,4.4,0.00
51103,2021-11-01,3.2,0.00
51103,2021-12-01,4.4,0.00
51103,2022-01-01,5.2,0.27
51103,2022-02-01,5.7,1.10
51103,2022-03-01,5.1,1.33
51103,2022-04-01,4.5,1.10
51103,2022-05-01,3.9,0.50
51103,2022-06-01,3.8,0.07
51103,2022-07-01,3.8,0.00
51103,2022-08-01,4.2,0.10
51103,2022-09-01,3.6,0.03
51103,2022-10-01,3.7,0.00
51103,2022-11-01,3.8,0.00
51103,2022-12-01,3.7,0.03
51103,2023-01-01,6.1,0.83
51103,2023-02-01,6.6,1.77
51103,2023-03-01,6,2.53
51103,2023-04-01,4.5,2.00
51103,2023-05-01,4.2,1.20
51103,2023-06-01,3.6,0.40
51103,2023-07-01,3.5,0.07
51103,2023-08-01,3.7,0.00
51103,2023-09-01,3.5,0.00
51103,2023-10-01,3.5,0.00
51103,2023-11-01,3.4,0.00
51103,2023-12-01,3.2,0.00
51103,2024-01-01,4.9,0.47
51103,2024-02-01,5.7,1.23
51103,2024-03-01,5.5,2.00
51103,2024-04-01,4.4,1.83
51103,2024-05-01,4.1,1.30
51103,2024-06-01,4,0.80
51103,2024-07-01,4.3,0.77
51103,2024-08-01,4.4,0.87
51103,2024-09-01,4.1,0.90
51103,2024-10-01,3.9,0.77
51103,2024-11-01,3.9,0.60
51103,2024-12-01,3.9,0.53
51103,2025-01-01,6,0.77
51103,2025-02-01,6,1.40
51103,2025-03-01,5.6,1.97
51103,2025-04-01,4.8,1.57
51103,2025-05-01,4.9,1.20
51103,2025-06-01,4.3,0.77
51103,2025-07-01,4,0.50
51103,2025-08-01,4.2,0.27
51103,2025-09-01,4.1,0.20
51103,2025-10-01,4.55,0.38
51103,2025-11-01,5,0.65
51103,2025-12-01,4.7,0.85
51103,2026-01-01,5.9,1.10
51103,2026-02-01,7.1,1.80
51103,2026-03-01,6.5,2.40
51103,2026-04-01,5.2,2.17
51103,2026-05-01,4.7,1.37
51103,2026-06-01,4.6,0.73
51103,2026-07-01,4.4,0.47
51103,2026-08-01,4.2,0.30
51105,1990-01-01,10.3,NaN
51105,1990-02-01,9.7,NaN
51105,1990-03-01,11.6,NaN
51105,1990-04-01,8.7,NaN
51105,1990-05-01,9.9,NaN
51105,1990-06-01,9.3,NaN
51105,1990-07-01,8.8,NaN
51105,1990-08-01,9.4,NaN
51105,1990-09-01,10,NaN
51105,1990-10-01,8,NaN
51105,1990-11-01,8.9,NaN
51105,1990-12-01,9,NaN
51105,1991-01-01,11.9,NaN
51105,1991-02-01,10.7,NaN
51105,1991-03-01,9.4,2.03
51105,1991-04-01,8.8,1.00
51105,1991-05-01,9.4,0.57
51105,1991-06-01,9.9,0.73
51105,1991-07-01,9.6,1.00
51105,1991-08-01,9.7,1.10
51105,1991-09-01,9.4,0.93
51105,1991-10-01,9,0.73
51105,1991-11-01,12.3,1.60
51105,1991-12-01,13.6,3.00
51105,1992-01-01,15.5,4.60
51105,1992-02-01,14.5,5.33
51105,1992-03-01,13.6,5.33
51105,1992-04-01,14.1,4.87
51105,1992-05-01,13.8,4.63
51105,1992-06-01,15.8,5.20
51105,1992-07-01,14.3,5.27
51105,1992-08-01,14,5.33
51105,1992-09-01,14.3,4.83
51105,1992-10-01,13.2,4.47
51105,1992-11-01,12.6,3.13
51105,1992-12-01,12.5,1.13
51105,1993-01-01,13.1,0.00
51105,1993-02-01,12.5,0.00
51105,1993-03-01,10.9,0.00
51105,1993-04-01,11.3,0.00
51105,1993-05-01,10.7,0.00
51105,1993-06-01,11.5,0.20
51105,1993-07-01,10.8,0.03
51105,1993-08-01,10.3,0.00
51105,1993-09-01,9.8,0.00
51105,1993-10-01,10.8,0.00
51105,1993-11-01,10.1,0.00
51105,1993-12-01,9.6,0.00
51105,1994-01-01,11.3,0.17
51105,1994-02-01,11.6,0.67
51105,1994-03-01,10,0.80
51105,1994-04-01,9.9,0.33
51105,1994-05-01,10.4,0.00
51105,1994-06-01,10.6,0.20
51105,1994-07-01,10.3,0.33
51105,1994-08-01,10.5,0.37
51105,1994-09-01,10.3,0.27
51105,1994-10-01,9.3,0.00
51105,1994-11-01,9.4,0.00
51105,1994-12-01,9.3,0.00
51105,1995-01-01,11.8,0.83
51105,1995-02-01,11.1,1.40
51105,1995-03-01,9.6,1.50
51105,1995-04-01,8.9,0.53
51105,1995-05-01,8.6,0.00
51105,1995-06-01,9.2,0.00
51105,1995-07-01,10.3,0.47
51105,1995-08-01,12.9,1.90
51105,1995-09-01,14.8,3.77
51105,1995-10-01,13.3,4.77
51105,1995-11-01,13.7,5.03
51105,1995-12-01,12.9,4.40
51105,1996-01-01,14.9,4.93
51105,1996-02-01,13.3,4.80
51105,1996-03-01,11.6,4.37
51105,1996-04-01,10.1,2.77
51105,1996-05-01,10.7,1.90
51105,1996-06-01,10.6,1.57
51105,1996-07-01,10.9,1.37
51105,1996-08-01,10.7,0.27
51105,1996-09-01,11.7,0.63
51105,1996-10-01,10.3,0.43
51105,1996-11-01,11.2,0.60
51105,1996-12-01,10.5,0.20
51105,1997-01-01,11.3,0.53
51105,1997-02-01,10.5,0.30
51105,1997-03-01,9.3,0.00
51105,1997-04-01,8.3,0.00
51105,1997-05-01,8,0.00
51105,1997-06-01,9.3,0.00
51105,1997-07-01,7.5,0.00
51105,1997-08-01,7,0.00
51105,1997-09-01,6.6,0.00
51105,1997-10-01,9.2,0.57
51105,1997-11-01,8.3,1.00
51105,1997-12-01,7.2,1.20
51105,1998-01-01,9,1.13
51105,1998-02-01,8.6,1.23
51105,1998-03-01,7.9,1.47
51105,1998-04-01,6,0.47
51105,1998-05-01,7.3,0.03
51105,1998-06-01,8.1,0.10
51105,1998-07-01,7.7,0.67
51105,1998-08-01,7.4,0.70
51105,1998-09-01,7.3,0.43
51105,1998-10-01,6.5,0.00
51105,1998-11-01,9.4,0.67
51105,1998-12-01,8.2,0.97
51105,1999-01-01,9.6,2.00
51105,1999-02-01,9.9,2.17
51105,1999-03-01,9.9,2.73
51105,1999-04-01,9.2,2.60
51105,1999-05-01,9.8,2.57
51105,1999-06-01,10.4,2.73
51105,1999-07-01,8.6,2.53
51105,1999-08-01,8.6,2.13
51105,1999-09-01,7.8,1.27
51105,1999-10-01,7,0.73
51105,1999-11-01,6.3,0.00
51105,1999-12-01,5.9,0.00
51105,2000-01-01,5.6,0.00
51105,2000-02-01,5.3,0.00
51105,2000-03-01,4.4,0.00
51105,2000-04-01,4,0.00
51105,2000-05-01,4.1,0.00
51105,2000-06-01,4.3,0.00
51105,2000-07-01,4,0.00
51105,2000-08-01,4,0.00
51105,2000-09-01,4,0.00
51105,2000-10-01,3.8,0.00
51105,2000-11-01,3.5,0.00
51105,2000-12-01,3.5,0.00
51105,2001-01-01,4.8,0.33
51105,2001-02-01,4.6,0.70
51105,2001-03-01,4.4,1.00
51105,2001-04-01,4,0.73
51105,2001-05-01,4.2,0.60
51105,2001-06-01,5,0.80
51105,2001-07-01,4.7,1.03
51105,2001-08-01,5.5,1.47
51105,2001-09-01,5.3,1.57
51105,2001-10-01,5.3,1.77
51105,2001-11-01,5.4,1.73
51105,2001-12-01,5.4,1.77
51105,2002-01-01,6.7,1.90
51105,2002-02-01,5.8,1.77
51105,2002-03-01,5.7,1.87
51105,2002-04-01,6,1.63
51105,2002-05-01,5.7,1.60
51105,2002-06-01,5.8,1.43
51105,2002-07-01,5.7,1.10
51105,2002-08-01,5.6,0.63
51105,2002-09-01,5.2,0.33
51105,2002-10-01,5.2,0.00
51105,2002-11-01,5.4,0.00
51105,2002-12-01,5.7,0.17
51105,2003-01-01,6.6,0.63
51105,2003-02-01,6.7,1.07
51105,2003-03-01,6.1,1.20
51105,2003-04-01,5.8,0.93
51105,2003-05-01,5.9,0.67
51105,2003-06-01,6.4,0.77
51105,2003-07-01,5.8,0.77
51105,2003-08-01,6,0.80
51105,2003-09-01,5.8,0.60
51105,2003-10-01,5.6,0.53
51105,2003-11-01,5.7,0.43
51105,2003-12-01,5.8,0.27
51105,2004-01-01,6.9,0.43
51105,2004-02-01,6.5,0.70
51105,2004-03-01,6,0.77
51105,2004-04-01,5.2,0.20
51105,2004-05-01,5.5,0.00
51105,2004-06-01,6,0.00
51105,2004-07-01,5.5,0.10
51105,2004-08-01,5.2,0.00
51105,2004-09-01,5.1,0.00
51105,2004-10-01,4.7,0.00
51105,2004-11-01,4.8,0.00
51105,2004-12-01,4.9,0.00
51105,2005-01-01,5.4,0.23
51105,2005-02-01,5.7,0.53
51105,2005-03-01,5.1,0.60
51105,2005-04-01,4.8,0.40
51105,2005-05-01,4.8,0.10
51105,2005-06-01,5.1,0.10
51105,2005-07-01,4.9,0.13
51105,2005-08-01,5,0.20
51105,2005-09-01,4.8,0.10
51105,2005-10-01,4.4,0.00
51105,2005-11-01,4.6,0.00
51105,2005-12-01,4.6,0.00
51105,2006-01-01,5,0.20
51105,2006-02-01,5.1,0.37
51105,2006-03-01,4.3,0.27
51105,2006-04-01,4.3,0.03
51105,2006-05-01,4.5,0.00
51105,2006-06-01,4.6,0.10
51105,2006-07-01,4.5,0.17
51105,2006-08-01,4.3,0.10
51105,2006-09-01,4.2,0.00
51105,2006-10-01,3.6,0.00
51105,2006-11-01,3.7,0.00
51105,2006-12-01,3.8,0.00
51105,2007-01-01,4.7,0.37
51105,2007-02-01,4.2,0.53
51105,2007-03-01,4.1,0.63
51105,2007-04-01,3.9,0.37
51105,2007-05-01,4.4,0.43
51105,2007-06-01,4.7,0.63
51105,2007-07-01,4.5,0.83
51105,2007-08-01,4.3,0.80
51105,2007-09-01,4.1,0.60
51105,2007-10-01,3.8,0.37
51105,2007-11-01,4,0.27
51105,2007-12-01,4.1,0.27
51105,2008-01-01,4.7,0.30
51105,2008-02-01,5.4,0.77
51105,2008-03-01,5,1.07
51105,2008-04-01,4.5,1.00
51105,2008-05-01,5.1,0.90
51105,2008-06-01,5.2,0.97
51105,2008-07-01,6,1.47
51105,2008-08-01,6.4,1.90
51105,2008-09-01,6.2,2.23
51105,2008-10-01,5.6,2.10
51105,2008-11-01,5.7,1.87
51105,2008-12-01,5.9,1.77
51105,2009-01-01,6.8,1.87
51105,2009-02-01,7,1.83
51105,2009-03-01,7,2.07
51105,2009-04-01,6.9,2.10
51105,2009-05-01,7.2,2.17
51105,2009-06-01,7.6,2.30
51105,2009-07-01,7.4,1.97
51105,2009-08-01,7,1.60
51105,2009-09-01,7.5,1.57
51105,2009-10-01,7.7,1.67
51105,2009-11-01,7.6,1.87
51105,2009-12-01,7.9,2.00
51105,2010-01-01,8.6,1.90
51105,2010-02-01,8.9,1.90
51105,2010-03-01,8,1.57
51105,2010-04-01,7.1,1.03
51105,2010-05-01,7.3,0.43
51105,2010-06-01,7.3,0.00
51105,2010-07-01,7.3,0.07
51105,2010-08-01,7.4,0.10
51105,2010-09-01,7.2,0.07
51105,2010-10-01,7.1,0.00
51105,2010-11-01,7.3,0.00
51105,2010-12-01,7.3,0.03
51105,2011-01-01,7.9,0.30
51105,2011-02-01,7.5,0.37
51105,2011-03-01,7.2,0.33
51105,2011-04-01,6.8,0.00
51105,2011-05-01,7.2,0.00
51105,2011-06-01,7.5,0.10
51105,2011-07-01,7.5,0.33
51105,2011-08-01,7.6,0.47
51105,2011-09-01,7.3,0.40
51105,2011-10-01,6.9,0.20
51105,2011-11-01,6.9,0.00
51105,2011-12-01,6.9,0.00
51105,2012-01-01,7.8,0.30
51105,2012-02-01,8,0.67
51105,2012-03-01,7.5,0.87
51105,2012-04-01,7.1,0.63
51105,2012-05-01,7.2,0.37
51105,2012-06-01,7.7,0.43
51105,2012-07-01,8.3,0.83
51105,2012-08-01,8.5,1.27
51105,2012-09-01,8.1,1.40
51105,2012-10-01,8.2,1.37
51105,2012-11-01,8.3,1.30
51105,2012-12-01,8.6,1.47
51105,2013-01-01,9.6,1.63
51105,2013-02-01,8.8,1.73
51105,2013-03-01,8.2,1.60
51105,2013-04-01,7.6,0.93
51105,2013-05-01,7.8,0.60
51105,2013-06-01,8.6,0.67
51105,2013-07-01,9,0.73
51105,2013-08-01,9.3,1.10
51105,2013-09-01,8.7,1.13
51105,2013-10-01,8.5,0.97
51105,2013-11-01,8.1,0.57
51105,2013-12-01,7.8,0.27
51105,2014-01-01,9.1,0.47
51105,2014-02-01,8.9,0.73
51105,2014-03-01,8.5,0.97
51105,2014-04-01,7.5,0.43
51105,2014-05-01,7.9,0.10
51105,2014-06-01,8.1,0.00
51105,2014-07-01,8.1,0.20
51105,2014-08-01,8.1,0.27
51105,2014-09-01,7.3,0.00
51105,2014-10-01,7,0.00
51105,2014-11-01,7.4,0.00
51105,2014-12-01,7.3,0.00
51105,2015-01-01,8,0.33
51105,2015-02-01,7.4,0.33
51105,2015-03-01,7.3,0.33
51105,2015-04-01,6.7,0.00
51105,2015-05-01,7.1,0.00
51105,2015-06-01,7,0.00
51105,2015-07-01,7,0.10
51105,2015-08-01,7.2,0.13
51105,2015-09-01,7,0.13
51105,2015-10-01,6.8,0.07
51105,2015-11-01,7,0.00
51105,2015-12-01,6.8,0.00
51105,2016-01-01,7.4,0.20
51105,2016-02-01,7.1,0.23
51105,2016-03-01,7.1,0.33
51105,2016-04-01,6.9,0.17
51105,2016-05-01,6.3,0.00
51105,2016-06-01,6.8,0.00
51105,2016-07-01,7,0.03
51105,2016-08-01,7.1,0.30
51105,2016-09-01,6.8,0.30
51105,2016-10-01,6.5,0.13
51105,2016-11-01,6.4,0.00
51105,2016-12-01,6.2,0.00
51105,2017-01-01,6.9,0.13
51105,2017-02-01,6.1,0.03
51105,2017-03-01,5.8,0.00
51105,2017-04-01,5.4,0.00
51105,2017-05-01,5.3,0.00
51105,2017-06-01,5.2,0.00
51105,2017-07-01,5.3,0.00
51105,2017-08-01,5.4,0.03
51105,2017-09-01,5,0.00
51105,2017-10-01,4.8,0.00
51105,2017-11-01,4.8,0.00
51105,2017-12-01,4.5,0.00
51105,2018-01-01,5.1,0.10
51105,2018-02-01,5,0.17
51105,2018-03-01,4.8,0.27
51105,2018-04-01,4.3,0.00
51105,2018-05-01,4.3,0.00
51105,2018-06-01,4.6,0.00
51105,2018-07-01,4.3,0.00
51105,2018-08-01,4.3,0.00
51105,2018-09-01,4,0.00
51105,2018-10-01,3.8,0.00
51105,2018-11-01,3.6,0.00
51105,2018-12-01,3.7,0.00
51105,2019-01-01,4.5,0.23
51105,2019-02-01,4.2,0.43
51105,2019-03-01,4.1,0.57
51105,2019-04-01,3.2,0.13
51105,2019-05-01,3.6,0.00
51105,2019-06-01,3.8,0.00
51105,2019-07-01,4.7,0.50
51105,2019-08-01,5.1,1.00
51105,2019-09-01,4.7,1.30
51105,2019-10-01,4,1.07
51105,2019-11-01,4.1,0.73
51105,2019-12-01,4.1,0.53
51105,2020-01-01,4.7,0.77
51105,2020-02-01,4.6,0.93
51105,2020-03-01,5,1.23
51105,2020-04-01,12,3.67
51105,2020-05-01,9.7,5.37
51105,2020-06-01,9.7,6.93
51105,2020-07-01,8.9,5.40
51105,2020-08-01,7.5,4.63
51105,2020-09-01,6.6,3.60
51105,2020-10-01,5.2,2.37
51105,2020-11-01,5.2,1.60
51105,2020-12-01,5.1,1.10
51105,2021-01-01,5.5,0.97
51105,2021-02-01,5.4,0.87
51105,2021-03-01,5.3,0.63
51105,2021-04-01,4.4,0.00
51105,2021-05-01,4.7,0.00
51105,2021-06-01,5.2,0.00
51105,2021-07-01,4.8,0.13
51105,2021-08-01,4.2,0.00
51105,2021-09-01,3.5,0.00
51105,2021-10-01,3.3,0.00
51105,2021-11-01,2.4,0.00
51105,2021-12-01,2.7,0.00
51105,2022-01-01,3.4,0.03
51105,2022-02-01,3.3,0.33
51105,2022-03-01,3.3,0.53
51105,2022-04-01,3,0.40
51105,2022-05-01,3.5,0.47
51105,2022-06-01,3.9,0.67
51105,2022-07-01,3.9,0.97
51105,2022-08-01,4.4,1.27
51105,2022-09-01,3.8,1.23
51105,2022-10-01,3.8,1.20
51105,2022-11-01,3.9,1.03
51105,2022-12-01,3.6,0.97
51105,2023-01-01,4.3,1.10
51105,2023-02-01,4,0.83
51105,2023-03-01,3.8,0.83
51105,2023-04-01,3.1,0.43
51105,2023-05-01,3.5,0.20
51105,2023-06-01,3.8,0.00
51105,2023-07-01,3.6,0.17
51105,2023-08-01,3.9,0.30
51105,2023-09-01,3.6,0.23
51105,2023-10-01,3.5,0.20
51105,2023-11-01,3.3,0.00
51105,2023-12-01,2.9,0.00
51105,2024-01-01,3.8,0.10
51105,2024-02-01,3.7,0.23
51105,2024-03-01,3.5,0.43
51105,2024-04-01,3.2,0.23
51105,2024-05-01,3.6,0.20
51105,2024-06-01,3.9,0.33
51105,2024-07-01,4.2,0.67
51105,2024-08-01,4.3,0.90
51105,2024-09-01,3.8,0.87
51105,2024-10-01,3.7,0.70
51105,2024-11-01,4.1,0.63
51105,2024-12-01,3.5,0.53
51105,2025-01-01,4.4,0.67
51105,2025-02-01,4.3,0.63
51105,2025-03-01,4.1,0.83
51105,2025-04-01,3.8,0.63
51105,2025-05-01,4.1,0.57
51105,2025-06-01,4.4,0.53
51105,2025-07-01,4.5,0.57
51105,2025-08-01,4.7,0.77
51105,2025-09-01,4.6,0.83
51105,2025-10-01,4.9,0.97
51105,2025-11-01,5.2,1.13
51105,2025-12-01,4.6,1.13
51105,2026-01-01,5.4,1.07
51105,2026-02-01,5.2,1.07
51105,2026-03-01,4.9,1.17
51105,2026-04-01,4.5,0.87
51105,2026-05-01,4.6,0.67
51105,2026-06-01,5,0.60
51105,2026-07-01,5,0.53
51105,2026-08-01,4.8,0.40
51107,1990-01-01,1.5,NaN
51107,1990-02-01,1.5,NaN
51107,1990-03-01,1.3,NaN
51107,1990-04-01,1.2,NaN
51107,1990-05-01,1.5,NaN
51107,1990-06-01,1.6,NaN
51107,1990-07-01,1.5,NaN
51107,1990-08-01,1.7,NaN
51107,1990-09-01,1.8,NaN
51107,1990-10-01,1.8,NaN
51107,1990-11-01,2.2,NaN
51107,1990-12-01,2.1,NaN
51107,1991-01-01,2.7,NaN
51107,1991-02-01,3.3,NaN
51107,1991-03-01,3.3,1.77
51107,1991-04-01,3.2,1.93
51107,1991-05-01,3.3,1.93
51107,1991-06-01,3.6,1.93
51107,1991-07-01,3.3,1.87
51107,1991-08-01,3.4,1.83
51107,1991-09-01,3.7,1.80
51107,1991-10-01,3.6,1.80
51107,1991-11-01,3.7,1.73
51107,1991-12-01,3.7,1.63
51107,1992-01-01,4.3,1.57
51107,1992-02-01,4.5,1.47
51107,1992-03-01,4.2,1.23
51107,1992-04-01,3.7,0.87
51107,1992-05-01,3.9,0.67
51107,1992-06-01,4,0.50
51107,1992-07-01,3.7,0.47
51107,1992-08-01,3.9,0.43
51107,1992-09-01,4.1,0.43
51107,1992-10-01,3.7,0.33
51107,1992-11-01,3.8,0.20
51107,1992-12-01,3.3,0.00
51107,1993-01-01,3.4,0.00
51107,1993-02-01,3.4,0.00
51107,1993-03-01,3.3,0.00
51107,1993-04-01,3.2,0.00
51107,1993-05-01,3.4,0.00
51107,1993-06-01,3.6,0.10
51107,1993-07-01,3.3,0.13
51107,1993-08-01,3.3,0.10
51107,1993-09-01,3.4,0.03
51107,1993-10-01,3.3,0.03
51107,1993-11-01,3.1,0.00
51107,1993-12-01,3,0.00
51107,1994-01-01,3.4,0.03
51107,1994-02-01,3.5,0.17
51107,1994-03-01,3.3,0.27
51107,1994-04-01,3.1,0.17
51107,1994-05-01,3.3,0.10
51107,1994-06-01,3.3,0.10
51107,1994-07-01,2.9,0.03
51107,1994-08-01,3.2,0.00
51107,1994-09-01,3.1,0.00
51107,1994-10-01,3,0.03
51107,1994-11-01,2.8,0.00
51107,1994-12-01,2.5,0.00
51107,1995-01-01,2.8,0.00
51107,1995-02-01,2.7,0.00
51107,1995-03-01,2.8,0.10
51107,1995-04-01,2.8,0.10
51107,1995-05-01,2.7,0.10
51107,1995-06-01,3,0.17
51107,1995-07-01,2.8,0.17
51107,1995-08-01,2.9,0.23
51107,1995-09-01,2.9,0.20
51107,1995-10-01,2.7,0.17
51107,1995-11-01,2.5,0.03
51107,1995-12-01,2.3,0.00
51107,1996-01-01,2.4,0.00
51107,1996-02-01,2.6,0.03
51107,1996-03-01,2.4,0.07
51107,1996-04-01,2.2,0.00
51107,1996-05-01,2.4,0.00
51107,1996-06-01,2.3,0.00
51107,1996-07-01,2.3,0.03
51107,1996-08-01,2.2,0.00
51107,1996-09-01,2.3,0.00
51107,1996-10-01,2.1,0.00
51107,1996-11-01,2.1,0.00
51107,1996-12-01,2.1,0.00
51107,1997-01-01,2.2,0.03
51107,1997-02-01,2.1,0.03
51107,1997-03-01,1.9,0.00
51107,1997-04-01,1.8,0.00
51107,1997-05-01,1.9,0.00
51107,1997-06-01,2.1,0.07
51107,1997-07-01,1.7,0.03
51107,1997-08-01,1.9,0.03
51107,1997-09-01,1.7,0.00
51107,1997-10-01,1.7,0.00
51107,1997-11-01,1.5,0.00
51107,1997-12-01,1.3,0.00
51107,1998-01-01,1.4,0.00
51107,1998-02-01,1.4,0.00
51107,1998-03-01,1.4,0.03
51107,1998-04-01,1,0.00
51107,1998-05-01,1,0.00
51107,1998-06-01,1.3,0.00
51107,1998-07-01,1.2,0.07
51107,1998-08-01,1.3,0.17
51107,1998-09-01,1.4,0.20
51107,1998-10-01,1.1,0.17
51107,1998-11-01,1.1,0.10
51107,1998-12-01,0.9,0.00
51107,1999-01-01,1,0.00
51107,1999-02-01,1.1,0.00
51107,1999-03-01,1,0.03
51107,1999-04-01,1,0.03
51107,1999-05-01,1.1,0.03
51107,1999-06-01,1.2,0.10
51107,1999-07-01,1.1,0.13
51107,1999-08-01,1.1,0.13
51107,1999-09-01,1.2,0.13
51107,1999-10-01,1.1,0.13
51107,1999-11-01,1.1,0.13
51107,1999-12-01,0.9,0.03
51107,2000-01-01,1.6,0.20
51107,2000-02-01,1.7,0.40
51107,2000-03-01,1.6,0.60
51107,2000-04-01,1.2,0.47
51107,2000-05-01,1.5,0.40
51107,2000-06-01,1.7,0.43
51107,2000-07-01,1.4,0.50
51107,2000-08-01,1.5,0.50
51107,2000-09-01,1.4,0.40
51107,2000-10-01,1.2,0.33
51107,2000-11-01,1.2,0.23
51107,2000-12-01,1.1,0.13
51107,2001-01-01,1.4,0.07
51107,2001-02-01,1.6,0.20
51107,2001-03-01,1.7,0.40
51107,2001-04-01,1.7,0.50
51107,2001-05-01,2,0.63
51107,2001-06-01,2.5,0.90
51107,2001-07-01,2.4,1.13
51107,2001-08-01,2.9,1.43
51107,2001-09-01,3,1.60
51107,2001-10-01,3.3,1.90
51107,2001-11-01,3.5,2.10
51107,2001-12-01,3.4,2.23
51107,2002-01-01,3.9,2.37
51107,2002-02-01,3.9,2.37
51107,2002-03-01,3.8,2.30
51107,2002-04-01,3.7,2.13
51107,2002-05-01,3.8,1.97
51107,2002-06-01,4,1.77
51107,2002-07-01,3.9,1.60
51107,2002-08-01,3.9,1.33
51107,2002-09-01,3.6,1.03
51107,2002-10-01,3.4,0.57
51107,2002-11-01,3.4,0.20
51107,2002-12-01,3.2,0.00
51107,2003-01-01,3.5,0.03
51107,2003-02-01,3.5,0.07
51107,2003-03-01,3.3,0.10
51107,2003-04-01,3.1,0.00
51107,2003-05-01,3.3,0.00
51107,2003-06-01,3.6,0.10
51107,2003-07-01,3.1,0.10
51107,2003-08-01,3.2,0.07
51107,2003-09-01,3.1,0.00
51107,2003-10-01,2.9,0.00
51107,2003-11-01,2.9,0.00
51107,2003-12-01,2.6,0.00
51107,2004-01-01,3,0.03
51107,2004-02-01,2.9,0.03
51107,2004-03-01,2.9,0.13
51107,2004-04-01,2.5,0.00
51107,2004-05-01,2.6,0.00
51107,2004-06-01,2.9,0.00
51107,2004-07-01,2.6,0.03
51107,2004-08-01,2.6,0.03
51107,2004-09-01,2.4,0.00
51107,2004-10-01,2.3,0.00
51107,2004-11-01,2.4,0.00
51107,2004-12-01,2.3,0.00
51107,2005-01-01,2.5,0.07
51107,2005-02-01,2.6,0.13
51107,2005-03-01,2.4,0.17
51107,2005-04-01,2.4,0.13
51107,2005-05-01,2.5,0.10
51107,2005-06-01,2.7,0.20
51107,2005-07-01,2.4,0.20
51107,2005-08-01,2.5,0.20
51107,2005-09-01,2.3,0.07
51107,2005-10-01,2.2,0.00
51107,2005-11-01,2.2,0.00
51107,2005-12-01,2.1,0.00
51107,2006-01-01,2.3,0.03
51107,2006-02-01,2.3,0.07
51107,2006-03-01,2.1,0.07
51107,2006-04-01,2.1,0.00
51107,2006-05-01,2.1,0.00
51107,2006-06-01,2.4,0.10
51107,2006-07-01,2.3,0.17
51107,2006-08-01,2.3,0.23
51107,2006-09-01,2.1,0.13
51107,2006-10-01,1.9,0.00
51107,2006-11-01,2,0.00
51107,2006-12-01,1.9,0.00
51107,2007-01-01,2.2,0.10
51107,2007-02-01,2.2,0.17
51107,2007-03-01,2,0.20
51107,2007-04-01,1.9,0.10
51107,2007-05-01,1.9,0.00
51107,2007-06-01,2.2,0.07
51107,2007-07-01,2.1,0.13
51107,2007-08-01,2.2,0.23
51107,2007-09-01,2.2,0.23
51107,2007-10-01,2.2,0.27
51107,2007-11-01,2.2,0.27
51107,2007-12-01,2.3,0.30
51107,2008-01-01,2.6,0.43
51107,2008-02-01,2.5,0.53
51107,2008-03-01,2.5,0.60
51107,2008-04-01,2.3,0.50
51107,2008-05-01,2.7,0.57
51107,2008-06-01,3,0.67
51107,2008-07-01,3,0.83
51107,2008-08-01,3.1,0.87
51107,2008-09-01,3,0.87
51107,2008-10-01,3.1,0.87
51107,2008-11-01,3.2,0.90
51107,2008-12-01,3.4,1.00
51107,2009-01-01,4.2,1.23
51107,2009-02-01,4.5,1.60
51107,2009-03-01,4.7,2.03
51107,2009-04-01,4.6,2.17
51107,2009-05-01,4.9,2.23
51107,2009-06-01,5.1,2.20
51107,2009-07-01,4.9,2.07
51107,2009-08-01,4.9,1.93
51107,2009-09-01,5,1.90
51107,2009-10-01,4.8,1.83
51107,2009-11-01,4.6,1.70
51107,2009-12-01,4.7,1.47
51107,2010-01-01,5.5,1.33
51107,2010-02-01,5.5,1.20
51107,2010-03-01,5.3,0.97
51107,2010-04-01,4.8,0.60
51107,2010-05-01,4.9,0.30
51107,2010-06-01,4.9,0.17
51107,2010-07-01,4.8,0.17
51107,2010-08-01,4.8,0.13
51107,2010-09-01,4.6,0.03
51107,2010-10-01,4.5,0.00
51107,2010-11-01,4.5,0.00
51107,2010-12-01,4.3,0.00
51107,2011-01-01,4.8,0.10
51107,2011-02-01,4.7,0.17
51107,2011-03-01,4.5,0.23
51107,2011-04-01,4.1,0.00
51107,2011-05-01,4.4,0.00
51107,2011-06-01,4.7,0.07
51107,2011-07-01,4.5,0.20
51107,2011-08-01,4.6,0.27
51107,2011-09-01,4.6,0.23
51107,2011-10-01,4.3,0.17
51107,2011-11-01,4.2,0.03
51107,2011-12-01,4.2,0.00
51107,2012-01-01,4.4,0.03
51107,2012-02-01,4.6,0.17
51107,2012-03-01,4.4,0.23
51107,2012-04-01,4,0.10
51107,2012-05-01,4.3,0.00
51107,2012-06-01,4.5,0.03
51107,2012-07-01,4.4,0.17
51107,2012-08-01,4.4,0.20
51107,2012-09-01,4.2,0.10
51107,2012-10-01,4,0.00
51107,2012-11-01,3.9,0.00
51107,2012-12-01,4,0.00
51107,2013-01-01,4.4,0.13
51107,2013-02-01,4.3,0.27
51107,2013-03-01,4.1,0.30
51107,2013-04-01,3.8,0.10
51107,2013-05-01,4.2,0.07
51107,2013-06-01,4.6,0.23
51107,2013-07-01,4.4,0.43
51107,2013-08-01,4.3,0.47
51107,2013-09-01,4.3,0.37
51107,2013-10-01,4.4,0.37
51107,2013-11-01,4.1,0.30
51107,2013-12-01,3.9,0.17
51107,2014-01-01,4.3,0.07
51107,2014-02-01,4.4,0.17
51107,2014-03-01,4.4,0.33
51107,2014-04-01,3.8,0.17
51107,2014-05-01,4.2,0.10
51107,2014-06-01,4.3,0.00
51107,2014-07-01,4.3,0.17
51107,2014-08-01,4.3,0.20
51107,2014-09-01,4.1,0.13
51107,2014-10-01,3.9,0.00
51107,2014-11-01,3.8,0.00
51107,2014-12-01,3.6,0.00
51107,2015-01-01,3.9,0.00
51107,2015-02-01,3.9,0.03
51107,2015-03-01,3.7,0.07
51107,2015-04-01,3.3,0.00
51107,2015-05-01,3.7,0.00
51107,2015-06-01,3.6,0.00
51107,2015-07-01,3.5,0.07
51107,2015-08-01,3.4,0.00
51107,2015-09-01,3.4,0.00
51107,2015-10-01,3.3,0.00
51107,2015-11-01,3.2,0.00
51107,2015-12-01,3,0.00
51107,2016-01-01,3.2,0.00
51107,2016-02-01,3.1,0.00
51107,2016-03-01,3.1,0.03
51107,2016-04-01,2.7,0.00
51107,2016-05-01,3,0.00
51107,2016-06-01,3.2,0.03
51107,2016-07-01,3.2,0.20
51107,2016-08-01,3.2,0.27
51107,2016-09-01,3.2,0.27
51107,2016-10-01,3.1,0.23
51107,2016-11-01,2.9,0.13
51107,2016-12-01,2.8,0.00
51107,2017-01-01,3.2,0.03
51107,2017-02-01,3.1,0.10
51107,2017-03-01,3,0.17
51107,2017-04-01,2.7,0.00
51107,2017-05-01,2.9,0.00
51107,2017-06-01,3,0.00
51107,2017-07-01,3,0.10
51107,2017-08-01,3,0.13
51107,2017-09-01,2.8,0.07
51107,2017-10-01,2.7,0.00
51107,2017-11-01,2.7,0.00
51107,2017-12-01,2.4,0.00
51107,2018-01-01,2.7,0.00
51107,2018-02-01,2.6,0.00
51107,2018-03-01,2.5,0.03
51107,2018-04-01,2.2,0.00
51107,2018-05-01,2.3,0.00
51107,2018-06-01,2.6,0.03
51107,2018-07-01,2.4,0.10
51107,2018-08-01,2.5,0.17
51107,2018-09-01,2.3,0.07
51107,2018-10-01,2.3,0.03
51107,2018-11-01,2.2,0.00
51107,2018-12-01,2.1,0.00
51107,2019-01-01,2.6,0.10
51107,2019-02-01,2.4,0.17
51107,2019-03-01,2.3,0.23
51107,2019-04-01,2,0.03
51107,2019-05-01,2.2,0.00
51107,2019-06-01,2.3,0.00
51107,2019-07-01,2.3,0.10
51107,2019-08-01,2.3,0.13
51107,2019-09-01,2.1,0.07
51107,2019-10-01,2,0.00
51107,2019-11-01,2,0.00
51107,2019-12-01,1.8,0.00
51107,2020-01-01,2.2,0.07
51107,2020-02-01,2,0.07
51107,2020-03-01,2.4,0.27
51107,2020-04-01,9.5,2.70
51107,2020-05-01,8.5,4.87
51107,2020-06-01,8.8,7.00
51107,2020-07-01,7.6,6.37
51107,2020-08-01,6.2,5.60
51107,2020-09-01,5.1,4.37
51107,2020-10-01,4.4,3.30
51107,2020-11-01,4.1,2.60
51107,2020-12-01,3.6,2.10
51107,2021-01-01,3.8,1.83
51107,2021-02-01,3.6,1.67
51107,2021-03-01,3.5,1.43
51107,2021-04-01,3.1,0.00
51107,2021-05-01,3.2,0.00
51107,2021-06-01,3.6,0.03
51107,2021-07-01,3.2,0.07
51107,2021-08-01,3.1,0.03
51107,2021-09-01,2.5,0.00
51107,2021-10-01,2.2,0.00
51107,2021-11-01,1.6,0.00
51107,2021-12-01,2.1,0.00
51107,2022-01-01,2.1,0.00
51107,2022-02-01,2,0.13
51107,2022-03-01,2,0.10
51107,2022-04-01,1.8,0.00
51107,2022-05-01,2.2,0.07
51107,2022-06-01,2.4,0.20
51107,2022-07-01,2.3,0.37
51107,2022-08-01,2.6,0.50
51107,2022-09-01,2.2,0.43
51107,2022-10-01,2.2,0.40
51107,2022-11-01,2.3,0.30
51107,2022-12-01,1.9,0.20
51107,2023-01-01,2.3,0.23
51107,2023-02-01,2.3,0.23
51107,2023-03-01,2.2,0.33
51107,2023-04-01,1.9,0.20
51107,2023-05-01,2.3,0.13
51107,2023-06-01,2.4,0.07
51107,2023-07-01,2.3,0.20
51107,2023-08-01,2.6,0.30
51107,2023-09-01,2.5,0.33
51107,2023-10-01,2.4,0.37
51107,2023-11-01,2.3,0.27
51107,2023-12-01,2,0.10
51107,2024-01-01,2.3,0.07
51107,2024-02-01,2.4,0.10
51107,2024-03-01,2.3,0.20
51107,2024-04-01,2.1,0.13
51107,2024-05-01,2.5,0.17
51107,2024-06-01,2.7,0.23
51107,2024-07-01,2.8,0.47
51107,2024-08-01,3,0.63
51107,2024-09-01,2.6,0.60
51107,2024-10-01,2.6,0.53
51107,2024-11-01,2.7,0.43
51107,2024-12-01,2.4,0.37
51107,2025-01-01,2.8,0.43
51107,2025-02-01,2.9,0.47
51107,2025-03-01,3,0.63
51107,2025-04-01,2.7,0.60
51107,2025-05-01,3,0.60
51107,2025-06-01,3.1,0.50
51107,2025-07-01,3.2,0.53
51107,2025-08-01,3.3,0.63
51107,2025-09-01,3.2,0.67
51107,2025-10-01,3.45,0.75
51107,2025-11-01,3.7,0.88
51107,2025-12-01,3.3,0.92
51107,2026-01-01,3.8,0.97
51107,2026-02-01,3.8,0.93
51107,2026-03-01,3.6,0.87
51107,2026-04-01,3.2,0.67
51107,2026-05-01,3.4,0.50
51107,2026-06-01,3.6,0.47
51107,2026-07-01,3.5,0.40
51107,2026-08-01,3.3,0.27